customer_key,last_order,first_order,frequency,monetary,recency_days,r_score,f_score,m_score,rfm_score,segment
1,2024-10-10,2023-02-20,12,108780.03,448,2,5,5,255,At Risk
2,2024-05-25,2023-03-18,3,34890.03,586,1,3,4,134,At Risk
3,2023-04-30,2023-01-18,6,31672.75,977,1,4,4,144,At Risk
4,2023-03-17,2023-03-17,1,22408.2,1021,1,1,3,113,Hibernating
5,2023-11-13,2023-09-08,4,13811.45,780,1,3,2,132,At Risk
6,2025-12-28,2023-01-29,43,323229.99,4,5,5,5,555,High Value
7,2024-11-06,2023-01-06,9,97981.38,421,2,5,5,255,At Risk
8,2023-05-23,2023-01-05,5,33686.3,954,1,4,4,144,At Risk
9,2023-05-05,2023-02-28,3,4089.25,972,1,3,1,131,At Risk
11,2023-11-14,2023-04-27,4,20741.05,779,1,3,3,133,At Risk
12,2023-05-20,2023-02-15,2,5145.15,957,1,2,2,122,Hibernating
13,2023-05-18,2023-01-14,5,43102.85,959,1,4,4,144,At Risk
15,2025-01-17,2024-08-10,3,5448.32,349,2,3,2,232,At Risk
17,2025-08-15,2023-01-21,10,44948.0,139,3,5,4,354,High Value
19,2023-10-26,2023-01-09,8,77512.3,798,1,4,5,145,At Risk
20,2023-01-01,2023-01-01,1,2608.2,1096,1,1,1,111,Hibernating
21,2023-03-02,2023-03-01,2,7833.35,1036,1,2,2,122,Hibernating
23,2025-11-22,2023-02-15,14,70604.9,40,4,5,5,455,High Value
24,2023-03-10,2023-02-13,4,33287.65,1028,1,3,4,134,At Risk
25,2025-03-12,2023-05-05,9,64121.91,295,2,5,5,255,At Risk
26,2025-06-04,2024-03-10,5,31821.95,211,3,4,4,344,High Value
27,2025-11-23,2023-02-11,18,154830.29,39,4,5,5,455,High Value
28,2023-02-24,2023-01-14,2,7839.2,1042,1,2,2,122,Hibernating
29,2023-11-28,2023-01-06,4,20374.4,765,1,3,3,133,At Risk
30,2023-01-17,2023-01-04,2,3355.75,1080,1,2,1,121,Hibernating
31,2024-11-28,2023-02-25,7,30076.59,399,2,4,4,244,At Risk
33,2023-03-23,2023-03-23,1,6695.2,1015,1,1,2,112,Hibernating
34,2025-09-09,2023-01-03,11,46229.21,114,3,5,4,354,High Value
35,2025-07-03,2023-06-23,2,2179.64,182,3,2,1,321,Occasional
36,2023-03-29,2023-01-03,3,50518.75,1009,1,3,4,134,At Risk
38,2023-08-21,2023-03-08,3,5984.7,864,1,3,2,132,At Risk
39,2025-10-08,2023-02-18,19,158337.61,85,4,5,5,455,High Value
41,2023-09-08,2023-01-09,3,13817.6,846,1,3,2,132,At Risk
42,2025-11-08,2023-01-22,7,49403.87,54,4,4,4,444,High Value
43,2025-11-21,2023-02-11,39,187854.03,41,4,5,5,455,High Value
45,2025-06-22,2023-01-15,39,346832.88,193,3,5,5,355,High Value
46,2024-07-16,2023-01-07,6,16520.63,534,1,4,3,143,At Risk
47,2023-11-30,2023-01-01,16,113188.65,763,1,5,5,155,At Risk
48,2023-04-18,2023-01-27,3,15684.4,989,1,3,3,133,At Risk
49,2023-10-14,2023-02-28,9,35744.7,810,1,5,4,154,At Risk
52,2025-10-24,2023-02-11,27,239154.9,69,4,5,5,455,High Value
53,2025-12-22,2023-01-17,43,276138.31,10,5,5,5,555,High Value
54,2023-04-19,2023-04-19,1,8569.15,988,1,1,2,112,Hibernating
55,2025-12-12,2023-01-23,88,585240.15,20,5,5,5,555,High Value
57,2024-03-20,2023-01-16,3,8251.96,652,1,3,2,132,At Risk
58,2024-02-08,2024-02-08,1,1115.45,693,1,1,1,111,Hibernating
59,2024-11-10,2023-06-27,5,43768.22,417,2,4,4,244,At Risk
60,2025-07-03,2023-01-08,25,162230.57,182,3,5,5,355,High Value
61,2025-06-18,2025-06-18,1,5994.61,197,3,1,2,312,Occasional
62,2023-08-22,2023-01-06,6,30185.45,863,1,4,4,144,At Risk
65,2025-04-20,2023-01-09,12,71546.97,256,3,5,5,355,High Value
66,2023-08-02,2023-04-06,2,7119.55,883,1,2,2,122,Hibernating
67,2025-08-28,2023-07-04,8,47847.88,126,3,4,4,344,High Value
69,2024-06-21,2023-03-10,22,157796.2,559,1,5,5,155,At Risk
71,2023-07-01,2023-01-20,10,70251.35,915,1,5,5,155,At Risk
72,2024-03-13,2024-03-13,1,331.76,659,1,1,1,111,Hibernating
73,2023-02-16,2023-01-13,4,18399.1,1050,1,3,3,133,At Risk
74,2025-02-21,2023-01-10,28,173642.15,314,2,5,5,255,At Risk
75,2025-11-05,2023-03-10,11,58167.91,57,4,5,4,454,High Value
76,2023-05-01,2023-01-14,12,48748.75,976,1,5,4,154,At Risk
77,2025-11-01,2023-01-01,14,86105.19,61,4,5,5,455,High Value
79,2024-10-26,2023-03-06,5,21433.73,432,2,4,3,243,At Risk
80,2025-11-15,2023-01-20,7,42923.51,47,4,4,4,444,High Value
81,2024-03-30,2023-01-07,16,147420.19,642,1,5,5,155,At Risk
82,2024-03-26,2023-07-13,3,7943.91,646,1,3,2,132,At Risk
83,2024-11-24,2023-01-24,10,67945.63,403,2,5,5,255,At Risk
84,2024-03-16,2023-01-18,11,106217.83,656,1,5,5,155,At Risk
85,2025-04-28,2024-01-21,4,14299.97,248,3,3,3,333,Loyal
86,2023-02-17,2023-02-17,1,4088.1,1049,1,1,1,111,Hibernating
87,2023-12-04,2023-02-20,15,58361.6,759,1,5,4,154,At Risk
88,2025-07-21,2023-08-02,6,46645.43,164,3,4,4,344,High Value
89,2025-07-03,2023-02-05,2,19017.85,182,3,2,3,323,Occasional
90,2025-08-15,2024-05-09,6,41555.16,139,3,4,4,344,High Value
91,2023-08-12,2023-01-22,15,95111.5,873,1,5,5,155,At Risk
92,2023-03-12,2023-03-06,2,1891.95,1026,1,2,1,121,Hibernating
93,2024-08-17,2023-01-02,3,11723.27,502,2,3,2,232,At Risk
94,2024-08-11,2023-04-29,3,16961.99,508,2,3,3,233,At Risk
95,2023-07-28,2023-04-26,3,17573.95,888,1,3,3,133,At Risk
97,2024-11-06,2023-01-24,10,126053.74,421,2,5,5,255,At Risk
98,2025-12-12,2023-04-11,13,55900.1,20,5,5,4,554,High Value
99,2023-11-22,2023-02-06,11,117610.75,771,1,5,5,155,At Risk
100,2024-12-09,2024-12-09,1,289.22,388,2,1,1,211,Occasional
101,2023-04-25,2023-04-25,1,3102.3,982,1,1,1,111,Hibernating
102,2024-01-26,2023-01-18,18,82955.8,706,1,5,5,155,At Risk
103,2024-02-11,2023-03-14,7,34398.15,690,1,4,4,144,At Risk
105,2023-06-25,2023-01-03,5,8795.1,921,1,4,2,142,At Risk
106,2024-08-10,2023-01-07,9,34956.6,509,2,5,4,254,At Risk
107,2023-03-25,2023-01-13,3,7897.9,1013,1,3,2,132,At Risk
108,2025-10-19,2023-03-15,16,88860.26,74,4,5,5,455,High Value
110,2024-08-30,2023-01-25,5,42436.36,489,2,4,4,244,At Risk
111,2024-09-22,2023-01-19,32,338087.24,466,2,5,5,255,At Risk
112,2023-12-14,2023-01-06,9,70118.75,749,1,5,5,155,At Risk
113,2023-12-13,2023-01-26,7,66355.9,750,1,4,5,145,At Risk
114,2023-01-15,2023-01-15,1,17533.4,1082,1,1,3,113,Hibernating
115,2023-11-27,2023-09-29,2,2569.75,766,1,2,1,121,Hibernating
117,2025-12-19,2023-01-11,21,167111.05,13,5,5,5,555,High Value
118,2024-03-26,2023-05-02,3,3904.82,646,1,3,1,131,At Risk
119,2024-02-15,2023-05-07,3,14079.92,686,1,3,3,133,At Risk
122,2023-10-12,2023-06-07,4,11741.35,812,1,3,2,132,At Risk
123,2024-12-05,2024-12-05,1,12223.96,392,2,1,2,212,Occasional
124,2025-11-17,2023-01-08,11,41462.4,45,4,5,4,454,High Value
125,2023-05-06,2023-01-01,9,50844.4,971,1,5,4,154,At Risk
126,2023-04-08,2023-03-05,2,7652.4,999,1,2,2,122,Hibernating
127,2023-04-27,2023-01-01,22,171375.75,980,1,5,5,155,At Risk
128,2023-11-10,2023-03-22,5,26466.8,783,1,4,3,143,At Risk
129,2023-03-17,2023-01-25,2,18754.8,1021,1,2,3,123,Hibernating
131,2025-12-02,2023-01-01,24,189904.7,30,5,5,5,555,High Value
132,2025-11-29,2023-02-05,5,66783.12,33,5,4,5,545,High Value
133,2023-01-13,2023-01-11,2,5751.2,1084,1,2,2,122,Hibernating
135,2023-04-13,2023-01-01,5,51127.05,994,1,4,4,144,At Risk
138,2025-04-23,2023-11-15,7,46590.48,253,3,4,4,344,High Value
139,2023-09-19,2023-01-15,7,47031.5,835,1,4,4,144,At Risk
140,2023-12-05,2023-01-07,39,212310.25,758,1,5,5,155,At Risk
141,2024-11-10,2023-01-23,4,32440.55,417,2,3,4,234,At Risk
142,2023-03-08,2023-01-26,2,20085.85,1030,1,2,3,123,Hibernating
144,2025-02-20,2023-01-16,17,94451.68,315,2,5,5,255,At Risk
145,2024-05-20,2023-02-09,14,68945.1,591,1,5,5,155,At Risk
149,2023-12-01,2023-01-27,10,33514.1,762,1,5,4,154,At Risk
150,2023-12-29,2023-12-29,1,2696.1,734,1,1,1,111,Hibernating
151,2025-01-28,2023-02-05,18,104363.55,338,2,5,5,255,At Risk
152,2024-01-26,2023-01-02,5,7320.42,706,1,4,2,142,At Risk
153,2023-01-10,2023-01-10,1,975.15,1087,1,1,1,111,Hibernating
154,2024-03-13,2023-02-16,14,76365.0,659,1,5,5,155,At Risk
155,2023-03-11,2023-01-02,14,78518.45,1027,1,5,5,155,At Risk
161,2023-05-31,2023-02-15,4,37757.9,946,1,3,4,134,At Risk
162,2023-01-30,2023-01-30,1,246.05,1067,1,1,1,111,Hibernating
163,2023-08-04,2023-01-20,5,41072.2,881,1,4,4,144,At Risk
164,2024-11-26,2023-07-30,4,26902.18,401,2,3,3,233,At Risk
165,2024-03-02,2023-01-05,6,16659.21,670,1,4,3,143,At Risk
166,2024-10-27,2023-01-05,5,15486.65,431,2,4,3,243,At Risk
167,2023-12-05,2023-05-08,5,56715.35,758,1,4,4,144,At Risk
168,2025-10-12,2023-01-25,23,118604.75,81,4,5,5,455,High Value
169,2025-10-02,2023-02-24,18,124660.12,91,4,5,5,455,High Value
170,2025-10-18,2023-03-22,15,84084.71,75,4,5,5,455,High Value
172,2025-12-16,2024-06-21,3,32949.98,16,5,3,4,534,Loyal
174,2025-11-15,2023-01-03,20,132074.63,47,4,5,5,455,High Value
175,2025-11-07,2023-01-23,28,354337.01,55,4,5,5,455,High Value
178,2024-06-02,2023-01-13,3,20088.54,578,1,3,3,133,At Risk
179,2025-12-15,2023-01-07,62,350438.31,17,5,5,5,555,High Value
180,2023-06-10,2023-01-01,8,19754.15,936,1,4,3,143,At Risk
182,2025-11-27,2023-02-05,29,180335.85,35,5,5,5,555,High Value
184,2023-02-20,2023-01-03,2,6865.45,1046,1,2,2,122,Hibernating
187,2025-11-12,2023-04-03,8,41912.25,50,4,4,4,444,High Value
188,2024-09-19,2023-04-29,6,49639.33,469,2,4,4,244,At Risk
189,2024-01-07,2023-01-06,56,383704.72,725,1,5,5,155,At Risk
190,2025-08-22,2024-08-14,2,4542.53,132,3,2,2,322,Occasional
191,2023-01-11,2023-01-11,1,18638.0,1086,1,1,3,113,Hibernating
192,2025-11-04,2023-02-06,14,58540.23,58,4,5,4,454,High Value
193,2025-09-12,2023-09-02,4,12489.52,111,3,3,2,332,Loyal
194,2025-12-27,2023-02-05,16,93997.37,5,5,5,5,555,High Value
195,2023-07-29,2023-01-14,3,45914.65,887,1,3,4,134,At Risk
196,2023-01-21,2023-01-21,1,12641.15,1076,1,1,2,112,Hibernating
197,2025-11-04,2023-02-17,10,49988.73,58,4,5,4,454,High Value
198,2024-04-08,2023-01-05,8,36905.52,633,1,4,4,144,At Risk
199,2023-05-19,2023-01-06,2,9440.3,958,1,2,2,122,Hibernating
200,2023-02-28,2023-02-12,2,36305.35,1038,1,2,4,124,At Risk
202,2025-05-20,2023-01-22,8,78193.4,226,3,4,5,345,High Value
204,2025-09-29,2023-05-14,6,82680.62,94,4,4,5,445,High Value
205,2023-03-27,2023-03-08,3,12667.05,1011,1,3,2,132,At Risk
206,2025-03-14,2023-02-15,8,34647.28,293,2,4,4,244,At Risk
207,2025-10-03,2023-06-23,8,46981.38,90,4,4,4,444,High Value
208,2025-06-13,2023-01-01,30,153074.53,202,3,5,5,355,High Value
209,2024-01-29,2023-01-26,6,19482.21,703,1,4,3,143,At Risk
210,2024-11-23,2024-07-23,2,25635.32,404,2,2,3,223,Occasional
211,2025-01-13,2023-01-01,13,41639.95,353,2,5,4,254,At Risk
212,2023-10-01,2023-01-17,3,14659.35,823,1,3,3,133,At Risk
213,2024-12-30,2023-03-09,11,103321.99,367,2,5,5,255,At Risk
215,2025-10-27,2023-01-28,18,182870.83,66,4,5,5,455,High Value
216,2025-03-31,2023-01-05,54,311372.18,276,2,5,5,255,At Risk
217,2025-12-20,2023-06-23,4,40557.86,12,5,3,4,534,Loyal
218,2025-05-01,2023-02-09,17,100740.28,245,3,5,5,355,High Value
219,2023-05-03,2023-04-04,2,54362.9,974,1,2,4,124,At Risk
220,2024-02-28,2023-05-19,2,55726.18,673,1,2,4,124,At Risk
221,2025-11-07,2023-01-06,60,443937.05,55,4,5,5,455,High Value
222,2025-08-01,2023-01-27,3,44156.51,153,3,3,4,334,Loyal
223,2023-06-28,2023-01-29,6,71255.5,918,1,4,5,145,At Risk
224,2023-12-01,2023-01-20,6,58601.35,762,1,4,4,144,At Risk
225,2025-08-02,2023-01-13,100,521804.77,152,3,5,5,355,High Value
226,2025-05-24,2023-01-01,21,126887.25,222,3,5,5,355,High Value
227,2025-07-30,2023-02-11,25,154669.74,155,3,5,5,355,High Value
228,2023-02-10,2023-02-10,1,20379.65,1056,1,1,3,113,Hibernating
229,2024-01-29,2023-08-10,3,8635.08,703,1,3,2,132,At Risk
230,2024-04-14,2023-01-15,5,60696.27,627,1,4,4,144,At Risk
231,2023-06-13,2023-06-13,1,4603.35,933,1,1,2,112,Hibernating
232,2025-10-15,2023-07-31,4,77953.6,78,4,3,5,435,Loyal
233,2023-10-10,2023-01-02,4,15051.4,814,1,3,3,133,At Risk
234,2025-12-31,2023-01-02,32,258728.6,1,5,5,5,555,High Value
237,2023-08-08,2023-01-27,10,47048.45,877,1,5,4,154,At Risk
238,2025-10-21,2025-10-21,1,25165.42,72,4,1,3,413,New
239,2025-10-20,2023-01-19,48,355075.22,73,4,5,5,455,High Value
240,2023-07-06,2023-02-08,3,7203.4,910,1,3,2,132,At Risk
241,2024-02-09,2023-01-01,60,411478.48,692,1,5,5,155,At Risk
242,2023-01-02,2023-01-02,1,1176.1,1095,1,1,1,111,Hibernating
243,2024-05-17,2023-01-10,12,45948.86,594,1,5,4,154,At Risk
244,2023-01-06,2023-01-05,2,11819.8,1091,1,2,2,122,Hibernating
246,2025-11-09,2023-01-03,8,71971.8,53,4,4,5,445,High Value
247,2025-12-06,2023-01-10,23,191988.27,26,5,5,5,555,High Value
248,2024-12-11,2023-02-08,10,90436.02,386,2,5,5,255,At Risk
250,2024-11-22,2023-01-10,12,122858.73,405,2,5,5,255,At Risk
252,2023-02-15,2023-01-12,2,7185.0,1051,1,2,2,122,Hibernating
253,2025-08-30,2024-01-22,4,17457.64,124,3,3,3,333,Loyal
255,2025-10-09,2023-03-06,4,13662.49,84,4,3,2,432,Loyal
256,2025-12-09,2023-01-02,63,454647.12,23,5,5,5,555,High Value
257,2025-12-11,2023-01-29,9,53424.07,21,5,5,4,554,High Value
258,2023-02-13,2023-01-16,2,3832.3,1053,1,2,1,121,Hibernating
259,2023-07-20,2023-07-20,1,2253.1,896,1,1,1,111,Hibernating
260,2023-04-13,2023-02-21,2,4740.75,994,1,2,2,122,Hibernating
261,2024-04-30,2023-01-30,5,46985.35,611,1,4,4,144,At Risk
263,2023-11-01,2023-01-05,7,41406.9,792,1,4,4,144,At Risk
265,2025-11-20,2023-01-08,20,141832.55,42,4,5,5,455,High Value
266,2025-06-27,2023-01-21,11,29102.8,188,3,5,3,353,Loyal
267,2023-08-27,2023-01-09,2,2475.0,858,1,2,1,121,Hibernating
268,2023-05-28,2023-01-23,4,4594.95,949,1,3,2,132,At Risk
269,2023-05-21,2023-03-13,2,12523.05,956,1,2,2,122,Hibernating
270,2024-06-17,2023-02-13,7,55461.76,563,1,4,4,144,At Risk
271,2023-05-06,2023-02-19,4,8716.7,971,1,3,2,132,At Risk
272,2023-02-16,2023-02-16,1,10250.25,1050,1,1,2,112,Hibernating
273,2023-04-04,2023-01-12,4,48833.9,1003,1,3,4,134,At Risk
274,2025-09-28,2023-01-01,10,51843.33,95,4,5,4,454,High Value
276,2023-05-10,2023-01-29,2,11526.35,967,1,2,2,122,Hibernating
277,2024-01-30,2023-01-19,15,116484.19,702,1,5,5,155,At Risk
279,2025-03-23,2023-01-26,12,47513.31,284,2,5,4,254,At Risk
280,2023-01-01,2023-01-01,1,4004.1,1096,1,1,1,111,Hibernating
282,2023-08-24,2023-01-18,5,39987.3,861,1,4,4,144,At Risk
283,2024-02-09,2023-03-22,8,65624.79,692,1,4,5,145,At Risk
284,2024-02-25,2023-04-28,6,56635.81,676,1,4,4,144,At Risk
286,2025-07-06,2023-01-03,14,76352.06,179,3,5,5,355,High Value
287,2025-03-16,2023-02-06,3,14505.47,291,2,3,3,233,At Risk
288,2023-03-21,2023-03-21,1,3446.1,1017,1,1,1,111,Hibernating
289,2024-05-20,2023-01-08,28,168376.41,591,1,5,5,155,At Risk
290,2024-02-13,2023-01-07,13,66884.34,688,1,5,5,155,At Risk
292,2025-06-09,2025-06-09,1,3383.95,206,3,1,1,311,Occasional
293,2025-09-07,2023-01-11,16,106444.05,116,3,5,5,355,High Value
294,2025-07-08,2023-08-22,5,123411.54,177,3,4,5,345,High Value
295,2024-02-18,2023-01-21,9,72538.17,683,1,5,5,155,At Risk
296,2025-12-23,2023-01-20,10,63424.28,9,5,5,5,555,High Value
298,2024-01-11,2023-06-18,4,8052.98,721,1,3,2,132,At Risk
299,2023-08-25,2023-01-16,8,51514.15,860,1,4,4,144,At Risk
300,2025-05-30,2025-05-30,1,15530.91,216,3,1,3,313,Occasional
301,2024-08-30,2023-02-02,15,132157.76,489,2,5,5,255,At Risk
302,2023-12-06,2023-01-20,16,111169.6,757,1,5,5,155,At Risk
303,2023-06-14,2023-06-14,1,2618.5,932,1,1,1,111,Hibernating
305,2024-02-24,2023-01-03,66,391917.31,677,1,5,5,155,At Risk
308,2023-01-29,2023-01-12,2,1608.5,1068,1,2,1,121,Hibernating
309,2023-05-19,2023-01-23,5,51313.45,958,1,4,4,144,At Risk
310,2023-06-02,2023-01-15,5,49956.25,944,1,4,4,144,At Risk
311,2023-02-14,2023-01-21,5,26476.2,1052,1,4,3,143,At Risk
312,2023-10-07,2023-10-07,1,239.25,817,1,1,1,111,Hibernating
313,2024-11-01,2024-05-20,2,20326.9,426,2,2,3,223,Occasional
314,2024-06-05,2023-03-13,9,63439.13,575,1,5,5,155,At Risk
315,2025-07-15,2023-01-26,11,112415.41,170,3,5,5,355,High Value
316,2023-06-05,2023-01-09,5,16813.45,941,1,4,3,143,At Risk
317,2024-11-01,2023-02-21,5,15082.87,426,2,4,3,243,At Risk
318,2023-03-18,2023-03-18,1,1634.1,1020,1,1,1,111,Hibernating
321,2025-07-12,2023-06-17,10,14218.02,173,3,5,3,353,Loyal
322,2024-10-11,2023-01-07,4,23452.58,447,2,3,3,233,At Risk
323,2024-06-23,2023-01-04,49,414634.01,557,1,5,5,155,At Risk
324,2025-01-30,2023-09-25,3,6349.98,336,2,3,2,232,At Risk
325,2024-12-04,2023-01-04,13,98805.43,393,2,5,5,255,At Risk
326,2025-06-14,2023-01-07,40,251519.67,201,3,5,5,355,High Value
327,2025-12-21,2023-01-04,83,467591.09,11,5,5,5,555,High Value
328,2024-03-28,2023-02-06,18,183851.48,644,1,5,5,155,At Risk
329,2023-01-27,2023-01-21,2,11050.85,1070,1,2,2,122,Hibernating
330,2025-08-24,2023-08-11,6,29603.92,130,3,4,4,344,High Value
332,2024-10-27,2023-04-04,7,32546.45,431,2,4,4,244,At Risk
333,2023-12-09,2023-01-02,28,176630.25,754,1,5,5,155,At Risk
334,2025-03-04,2023-02-01,5,16201.3,303,2,4,3,243,At Risk
336,2023-02-21,2023-01-19,3,10977.2,1045,1,3,2,132,At Risk
338,2023-07-08,2023-01-02,10,42201.9,908,1,5,4,154,At Risk
339,2025-10-13,2023-01-05,11,32905.57,80,4,5,4,454,High Value
340,2025-07-29,2023-01-02,20,216193.51,156,3,5,5,355,High Value
341,2024-04-14,2023-01-28,10,59398.94,627,1,5,4,154,At Risk
342,2025-10-14,2023-02-27,9,58680.99,79,4,5,4,454,High Value
344,2024-05-15,2023-01-21,11,51492.48,596,1,5,4,154,At Risk
345,2023-12-20,2023-12-20,1,2662.2,743,1,1,1,111,Hibernating
346,2024-03-10,2023-01-26,15,67734.78,662,1,5,5,155,At Risk
347,2024-06-08,2023-02-19,10,28405.7,572,1,5,3,153,At Risk
348,2023-03-11,2023-02-23,3,4616.4,1027,1,3,2,132,At Risk
350,2023-03-29,2023-03-29,1,2516.55,1009,1,1,1,111,Hibernating
351,2023-06-17,2023-03-14,3,30018.2,929,1,3,4,134,At Risk
353,2023-06-03,2023-04-06,2,14690.25,943,1,2,3,123,Hibernating
355,2023-10-31,2023-01-22,4,22855.0,793,1,3,3,133,At Risk
356,2023-10-22,2023-01-03,5,112521.9,802,1,4,5,145,At Risk
357,2025-04-12,2023-01-05,6,63984.63,264,3,4,5,345,High Value
358,2023-12-07,2023-01-27,3,4870.05,756,1,3,2,132,At Risk
359,2023-03-01,2023-02-11,4,65878.6,1037,1,3,5,135,At Risk
361,2023-06-24,2023-03-14,2,35332.85,922,1,2,4,124,At Risk
362,2023-03-15,2023-03-15,1,206.1,1023,1,1,1,111,Hibernating
363,2025-12-05,2023-01-12,14,87223.98,27,5,5,5,555,High Value
364,2024-01-26,2023-05-12,2,1452.21,706,1,2,1,121,Hibernating
365,2024-09-28,2023-02-04,5,41963.72,460,2,4,4,244,At Risk
366,2023-11-10,2023-01-13,5,51774.9,783,1,4,4,144,At Risk
367,2025-06-26,2023-03-26,5,12728.8,189,3,4,2,342,Loyal
368,2023-04-13,2023-01-04,3,6831.85,994,1,3,2,132,At Risk
369,2024-02-17,2023-03-13,3,9764.5,684,1,3,2,132,At Risk
370,2024-02-02,2023-02-11,17,98235.13,699,1,5,5,155,At Risk
371,2023-05-20,2023-05-20,1,781.15,957,1,1,1,111,Hibernating
372,2023-10-21,2023-01-21,8,31385.95,803,1,4,4,144,At Risk
373,2025-01-18,2023-02-08,4,22632.4,348,2,3,3,233,At Risk
374,2023-08-05,2023-02-05,3,14917.4,880,1,3,3,133,At Risk
375,2025-06-26,2023-01-01,88,631767.45,189,3,5,5,355,High Value
376,2023-02-18,2023-02-18,1,927.0,1048,1,1,1,111,Hibernating
377,2025-09-28,2023-03-18,9,66788.33,95,4,5,5,455,High Value
380,2023-02-19,2023-02-19,1,2060.55,1047,1,1,1,111,Hibernating
382,2025-12-11,2023-03-16,6,33326.36,21,5,4,4,544,High Value
383,2023-08-03,2023-01-19,2,6044.95,882,1,2,2,122,Hibernating
384,2025-11-06,2023-02-07,3,17075.78,56,4,3,3,433,Loyal
385,2025-07-26,2023-01-04,36,254783.3,159,3,5,5,355,High Value
386,2025-11-14,2023-01-14,27,147292.78,48,4,5,5,455,High Value
387,2023-04-10,2023-04-10,1,16308.95,997,1,1,3,113,Hibernating
388,2025-05-27,2023-01-13,13,73119.52,219,3,5,5,355,High Value
390,2025-05-25,2023-02-03,11,99532.43,221,3,5,5,355,High Value
391,2023-05-21,2023-02-17,3,10714.95,956,1,3,2,132,At Risk
392,2023-05-01,2023-05-01,1,1150.2,976,1,1,1,111,Hibernating
393,2024-03-18,2023-01-16,4,8805.64,654,1,3,2,132,At Risk
394,2024-01-30,2023-01-13,3,2222.33,702,1,3,1,131,At Risk
395,2025-05-03,2023-11-30,7,30693.23,243,3,4,4,344,High Value
397,2023-04-02,2023-04-02,1,12234.6,1005,1,1,2,112,Hibernating
398,2023-03-04,2023-01-24,3,4065.45,1034,1,3,1,131,At Risk
399,2023-10-20,2023-01-03,17,110031.3,804,1,5,5,155,At Risk
400,2024-09-12,2023-03-26,11,68196.64,476,2,5,5,255,At Risk
401,2025-10-27,2023-03-06,18,128234.12,66,4,5,5,455,High Value
402,2023-09-08,2023-05-18,2,2355.25,846,1,2,1,121,Hibernating
403,2023-02-18,2023-02-01,3,6831.8,1048,1,3,2,132,At Risk
404,2023-01-16,2023-01-11,2,8734.15,1081,1,2,2,122,Hibernating
405,2023-04-15,2023-04-15,1,526.15,992,1,1,1,111,Hibernating
406,2024-04-05,2023-02-27,3,7828.49,636,1,3,2,132,At Risk
408,2024-03-16,2023-01-03,10,68779.04,656,1,5,5,155,At Risk
409,2025-01-17,2025-01-17,1,2985.43,349,2,1,1,211,Occasional
410,2023-04-20,2023-01-05,4,56473.2,987,1,3,4,134,At Risk
411,2025-07-07,2023-01-01,10,61914.64,178,3,5,5,355,High Value
412,2023-08-26,2023-01-01,34,183155.8,859,1,5,5,155,At Risk
413,2023-05-15,2023-02-11,9,49292.35,962,1,5,4,154,At Risk
414,2023-06-07,2023-02-19,6,60139.85,939,1,4,4,144,At Risk
415,2023-05-20,2023-05-20,1,33437.15,957,1,1,4,114,At Risk
416,2025-11-12,2023-01-04,38,264018.48,50,4,5,5,455,High Value
417,2023-05-23,2023-01-11,9,43236.8,954,1,5,4,154,At Risk
418,2024-09-25,2023-01-03,9,45529.91,463,2,5,4,254,At Risk
420,2023-01-09,2023-01-09,1,10997.95,1088,1,1,2,112,Hibernating
421,2025-11-14,2023-02-09,4,54368.72,48,4,3,4,434,Loyal
422,2024-10-07,2023-08-08,4,9539.82,451,2,3,2,232,At Risk
423,2024-11-29,2023-02-13,10,70511.26,398,2,5,5,255,At Risk
425,2025-12-29,2023-01-06,68,494534.99,3,5,5,5,555,High Value
426,2025-02-24,2023-05-26,4,13038.35,311,2,3,2,232,At Risk
428,2025-06-13,2023-02-01,7,15724.1,202,3,4,3,343,Loyal
429,2024-03-04,2023-01-14,23,159606.92,668,1,5,5,155,At Risk
430,2023-07-24,2023-05-07,3,7434.2,892,1,3,2,132,At Risk
433,2023-11-25,2023-01-20,2,2213.4,768,1,2,1,121,Hibernating
434,2023-11-17,2023-05-14,5,29552.2,776,1,4,4,144,At Risk
435,2025-11-01,2023-02-23,12,65431.24,61,4,5,5,455,High Value
436,2023-03-11,2023-03-11,1,2901.3,1027,1,1,1,111,Hibernating
437,2025-11-04,2023-03-29,10,20940.21,58,4,5,3,453,Loyal
438,2024-09-16,2023-04-17,5,13086.66,472,2,4,2,242,At Risk
440,2024-04-30,2023-04-09,2,5657.83,611,1,2,2,122,Hibernating
441,2024-10-19,2023-02-19,21,122188.37,439,2,5,5,255,At Risk
443,2023-09-20,2023-02-27,3,11561.35,834,1,3,2,132,At Risk
444,2025-07-05,2023-03-01,13,36665.85,180,3,5,4,354,High Value
445,2024-07-27,2023-08-26,3,7415.44,523,2,3,2,232,At Risk
446,2024-02-26,2023-01-12,21,150421.97,675,1,5,5,155,At Risk
449,2025-12-03,2023-01-21,20,204258.29,29,5,5,5,555,High Value
450,2023-01-20,2023-01-20,1,901.55,1077,1,1,1,111,Hibernating
451,2023-10-01,2023-04-03,2,69657.65,823,1,2,5,125,At Risk
452,2023-08-13,2023-01-16,6,41110.2,872,1,4,4,144,At Risk
453,2023-04-28,2023-01-12,6,31823.4,979,1,4,4,144,At Risk
454,2025-02-25,2023-03-07,4,19630.19,310,2,3,3,233,At Risk
455,2023-04-08,2023-04-08,1,1385.1,999,1,1,1,111,Hibernating
457,2023-05-21,2023-03-17,2,23107.95,956,1,2,3,123,Hibernating
458,2025-10-20,2023-01-22,37,202681.45,73,4,5,5,455,High Value
459,2023-03-22,2023-03-22,1,1169.0,1016,1,1,1,111,Hibernating
460,2023-09-28,2023-03-13,2,45507.85,826,1,2,4,124,At Risk
462,2025-10-26,2023-01-01,24,100612.7,67,4,5,5,455,High Value
463,2023-01-25,2023-01-21,2,1240.65,1072,1,2,1,121,Hibernating
464,2023-12-03,2023-01-06,8,58692.1,760,1,4,4,144,At Risk
465,2023-05-30,2023-01-07,10,72293.8,947,1,5,5,155,At Risk
466,2023-09-14,2023-01-13,9,21537.8,840,1,5,3,153,At Risk
467,2023-10-21,2023-03-27,7,40818.95,803,1,4,4,144,At Risk
468,2023-11-29,2023-01-18,4,7604.5,764,1,3,2,132,At Risk
469,2025-05-14,2023-03-10,2,16993.65,232,3,2,3,323,Occasional
470,2024-05-18,2023-01-14,5,25370.49,593,1,4,3,143,At Risk
471,2024-11-25,2023-06-13,2,2792.85,402,2,2,1,221,Occasional
472,2023-11-28,2023-02-03,5,46093.2,765,1,4,4,144,At Risk
474,2023-04-20,2023-04-20,1,9674.3,987,1,1,2,112,Hibernating
475,2023-11-07,2023-01-09,10,73523.75,786,1,5,5,155,At Risk
476,2023-01-04,2023-01-04,1,15412.75,1093,1,1,3,113,Hibernating
477,2025-04-24,2023-01-12,68,452438.81,252,3,5,5,355,High Value
478,2023-05-26,2023-05-17,2,26000.05,951,1,2,3,123,Hibernating
479,2025-11-23,2023-01-10,6,39796.59,39,4,4,4,444,High Value
480,2023-04-18,2023-04-18,1,48173.5,989,1,1,4,114,At Risk
481,2023-09-18,2023-09-18,1,6892.2,836,1,1,2,112,Hibernating
482,2023-12-29,2023-01-14,15,143299.75,734,1,5,5,155,At Risk
484,2023-05-03,2023-03-28,2,13725.55,974,1,2,2,122,Hibernating
485,2025-12-25,2023-04-02,18,193993.2,7,5,5,5,555,High Value
486,2023-05-22,2023-01-14,15,102126.35,955,1,5,5,155,At Risk
487,2023-10-24,2023-08-13,2,39483.4,800,1,2,4,124,At Risk
489,2023-10-06,2023-01-02,3,24951.6,818,1,3,3,133,At Risk
491,2025-04-12,2023-09-09,8,23025.91,264,3,4,3,343,Loyal
492,2023-04-04,2023-01-08,6,61711.3,1003,1,4,5,145,At Risk
493,2024-01-11,2023-01-30,8,95043.6,721,1,4,5,145,At Risk
494,2025-05-22,2023-12-28,4,35987.86,224,3,3,4,334,Loyal
495,2024-10-04,2023-01-20,9,27842.81,454,2,5,3,253,At Risk
496,2025-06-26,2023-03-04,5,7602.09,189,3,4,2,342,Loyal
497,2023-04-16,2023-01-01,13,131427.0,991,1,5,5,155,At Risk
498,2025-06-12,2023-01-17,16,71350.96,203,3,5,5,355,High Value
499,2023-03-26,2023-03-26,1,287.1,1012,1,1,1,111,Hibernating
500,2024-04-14,2023-03-11,5,15238.67,627,1,4,3,143,At Risk
501,2023-06-04,2023-02-09,3,23870.7,942,1,3,3,133,At Risk
502,2023-11-13,2023-01-05,7,97973.5,780,1,4,5,145,At Risk
503,2024-11-28,2023-01-05,9,35435.33,399,2,5,4,254,At Risk
506,2025-10-24,2023-01-01,15,122690.76,69,4,5,5,455,High Value
507,2025-05-24,2024-10-07,2,9752.61,222,3,2,2,322,Occasional
508,2024-10-15,2023-01-01,21,211072.91,443,2,5,5,255,At Risk
509,2024-03-23,2023-02-28,4,35888.2,649,1,3,4,134,At Risk
511,2024-11-17,2023-04-10,7,31765.31,410,2,4,4,244,At Risk
512,2023-11-02,2023-01-12,7,17394.0,791,1,4,3,143,At Risk
514,2023-04-09,2023-02-02,5,16284.55,998,1,4,3,143,At Risk
515,2024-03-23,2024-03-23,1,4198.78,649,1,1,1,111,Hibernating
516,2023-09-29,2023-01-14,5,42142.0,825,1,4,4,144,At Risk
517,2024-11-28,2023-01-22,13,44361.86,399,2,5,4,254,At Risk
518,2023-03-09,2023-03-09,1,1006.05,1029,1,1,1,111,Hibernating
519,2024-12-11,2023-02-28,5,21506.08,386,2,4,3,243,At Risk
520,2025-07-21,2023-01-23,6,23885.76,164,3,4,3,343,Loyal
521,2024-04-15,2023-02-19,5,88815.61,626,1,4,5,145,At Risk
522,2024-08-13,2023-03-28,4,48787.43,506,2,3,4,234,At Risk
523,2023-12-13,2023-02-01,5,55836.4,750,1,4,4,144,At Risk
524,2023-07-07,2023-06-18,2,10322.7,909,1,2,2,122,Hibernating
526,2023-08-07,2023-01-14,23,80097.65,878,1,5,5,155,At Risk
527,2025-12-03,2023-02-14,9,96131.86,29,5,5,5,555,High Value
528,2023-09-06,2023-02-14,4,12985.55,848,1,3,2,132,At Risk
529,2025-01-24,2025-01-24,1,2853.8,342,2,1,1,211,Occasional
531,2025-12-27,2023-03-01,20,132865.76,5,5,5,5,555,High Value
532,2025-04-11,2023-01-01,28,225846.23,265,3,5,5,355,High Value
533,2023-08-31,2023-01-02,4,12039.55,854,1,3,2,132,At Risk
534,2023-01-15,2023-01-09,2,65804.85,1082,1,2,5,125,At Risk
535,2023-06-26,2023-01-11,14,76000.75,920,1,5,5,155,At Risk
537,2025-12-20,2023-01-16,31,267416.32,12,5,5,5,555,High Value
538,2023-01-03,2023-01-03,1,2388.75,1094,1,1,1,111,Hibernating
539,2024-11-29,2023-01-30,18,147032.87,398,2,5,5,255,At Risk
540,2023-08-10,2023-01-13,20,221196.15,875,1,5,5,155,At Risk
541,2025-12-03,2023-02-09,14,110844.18,29,5,5,5,555,High Value
542,2025-04-02,2023-04-28,7,45646.12,274,2,4,4,244,At Risk
543,2024-06-14,2023-04-02,5,25330.52,566,1,4,3,143,At Risk
544,2023-07-06,2023-01-23,11,96032.1,910,1,5,5,155,At Risk
545,2025-12-19,2023-01-01,23,219117.39,13,5,5,5,555,High Value
546,2023-01-16,2023-01-09,2,2063.45,1081,1,2,1,121,Hibernating
547,2025-11-23,2023-01-02,18,117803.35,39,4,5,5,455,High Value
548,2023-12-06,2023-01-08,19,136014.35,757,1,5,5,155,At Risk
550,2025-11-28,2023-01-01,7,33221.04,34,5,4,4,544,High Value
551,2023-04-27,2023-04-10,2,3392.15,980,1,2,1,121,Hibernating
552,2024-11-23,2023-02-07,8,43680.07,404,2,4,4,244,At Risk
553,2024-12-25,2023-09-24,2,4229.2,372,2,2,1,221,Occasional
554,2023-09-09,2023-09-09,1,10966.75,845,1,1,2,112,Hibernating
555,2023-10-21,2023-01-01,3,5929.2,803,1,3,2,132,At Risk
557,2024-03-02,2023-01-21,10,50050.12,670,1,5,4,154,At Risk
558,2025-09-21,2023-08-04,6,18986.13,102,3,4,3,343,Loyal
559,2024-03-28,2023-01-25,14,65110.89,644,1,5,5,155,At Risk
560,2025-12-14,2023-01-14,41,167240.66,18,5,5,5,555,High Value
561,2025-02-13,2023-01-04,36,275376.87,322,2,5,5,255,At Risk
562,2023-01-25,2023-01-22,2,10348.0,1072,1,2,2,122,Hibernating
563,2023-03-23,2023-03-23,1,4898.25,1015,1,1,2,112,Hibernating
564,2025-01-06,2023-01-24,28,217441.3,360,2,5,5,255,At Risk
565,2025-12-09,2023-01-03,51,246113.35,23,5,5,5,555,High Value
567,2023-12-03,2023-01-09,14,124050.25,760,1,5,5,155,At Risk
568,2024-12-14,2023-03-04,10,50711.45,383,2,5,4,254,At Risk
569,2023-11-17,2023-01-15,7,71581.6,776,1,4,5,145,At Risk
571,2025-12-13,2023-01-25,6,100880.92,19,5,4,5,545,High Value
572,2023-08-20,2023-01-23,6,20223.5,865,1,4,3,143,At Risk
573,2023-02-05,2023-02-05,1,2318.0,1061,1,1,1,111,Hibernating
574,2024-12-22,2023-01-06,12,76030.09,375,2,5,5,255,At Risk
575,2025-12-27,2023-01-04,34,162327.31,5,5,5,5,555,High Value
576,2025-12-13,2023-05-05,14,99661.18,19,5,5,5,555,High Value
577,2025-02-07,2023-01-18,30,257147.74,328,2,5,5,255,At Risk
578,2023-04-11,2023-01-11,3,6232.2,996,1,3,2,132,At Risk
579,2025-09-29,2023-01-03,203,1435246.68,94,4,5,5,455,High Value
581,2025-12-31,2023-01-01,63,365223.95,1,5,5,5,555,High Value
583,2023-05-27,2023-05-27,1,2057.7,950,1,1,1,111,Hibernating
584,2023-02-04,2023-01-02,4,46110.4,1062,1,3,4,134,At Risk
587,2025-12-31,2023-01-15,86,561102.22,1,5,5,5,555,High Value
588,2023-09-24,2023-01-11,13,97356.9,830,1,5,5,155,At Risk
589,2023-11-09,2023-02-19,2,7395.95,784,1,2,2,122,Hibernating
590,2023-09-01,2023-01-25,2,15562.05,853,1,2,3,123,Hibernating
591,2023-03-17,2023-03-17,1,593.1,1021,1,1,1,111,Hibernating
592,2024-01-12,2023-04-21,4,33779.62,720,1,3,4,134,At Risk
593,2025-11-08,2023-04-21,10,70903.15,54,4,5,5,455,High Value
594,2025-03-16,2023-01-16,22,185557.45,291,2,5,5,255,At Risk
595,2024-02-22,2023-01-01,13,58148.2,679,1,5,4,154,At Risk
596,2023-05-16,2023-01-08,14,53290.0,961,1,5,4,154,At Risk
597,2023-07-17,2023-01-05,10,137308.4,899,1,5,5,155,At Risk
598,2025-03-08,2024-10-28,2,19801.04,299,2,2,3,223,Occasional
599,2023-07-07,2023-05-15,3,2637.25,909,1,3,1,131,At Risk
600,2025-10-25,2023-12-01,2,19284.39,68,4,2,3,423,Occasional
601,2023-10-15,2023-01-06,29,124315.9,809,1,5,5,155,At Risk
602,2023-01-25,2023-01-25,1,1078.0,1072,1,1,1,111,Hibernating
603,2023-04-07,2023-02-27,3,14594.1,1000,1,3,3,133,At Risk
604,2024-11-04,2023-01-05,17,138197.06,423,2,5,5,255,At Risk
605,2024-03-11,2023-03-09,5,17726.27,661,1,4,3,143,At Risk
606,2025-11-30,2023-01-04,24,225549.85,32,5,5,5,555,High Value
607,2023-06-01,2023-02-11,2,17394.3,945,1,2,3,123,Hibernating
608,2025-11-14,2023-01-20,24,193551.46,48,4,5,5,455,High Value
610,2024-10-21,2023-01-04,79,593859.18,437,2,5,5,255,At Risk
611,2025-02-05,2023-01-14,23,135708.16,330,2,5,5,255,At Risk
612,2024-02-21,2023-01-01,9,33297.05,680,1,5,4,154,At Risk
613,2023-01-31,2023-01-22,3,7870.3,1066,1,3,2,132,At Risk
614,2024-01-17,2023-01-05,7,32502.02,715,1,4,4,144,At Risk
615,2024-05-15,2023-01-26,6,17094.28,596,1,4,3,143,At Risk
616,2025-05-04,2023-07-13,3,22535.12,242,3,3,3,333,Loyal
617,2023-02-27,2023-01-26,4,37596.15,1039,1,3,4,134,At Risk
619,2023-12-31,2023-02-15,5,49309.25,732,1,4,4,144,At Risk
620,2025-11-16,2023-05-01,8,21904.03,46,4,4,3,443,Loyal
621,2025-08-03,2023-05-10,8,64566.46,151,3,4,5,345,High Value
622,2024-02-04,2023-01-16,7,35494.68,697,1,4,4,144,At Risk
624,2023-07-05,2023-02-05,4,28652.15,911,1,3,3,133,At Risk
625,2024-11-19,2023-01-04,11,53071.54,408,2,5,4,254,At Risk
626,2023-01-09,2023-01-09,1,312.55,1088,1,1,1,111,Hibernating
627,2024-10-10,2023-03-30,5,7620.5,448,2,4,2,242,At Risk
628,2023-08-24,2023-08-24,1,8270.6,861,1,1,2,112,Hibernating
629,2025-11-13,2023-04-25,4,25225.6,49,4,3,3,433,Loyal
630,2024-04-06,2023-01-11,12,88480.29,635,1,5,5,155,At Risk
631,2023-03-05,2023-01-25,4,110400.35,1033,1,3,5,135,At Risk
632,2023-11-03,2023-01-09,11,37082.7,790,1,5,4,154,At Risk
633,2025-10-06,2023-01-20,4,45833.16,87,4,3,4,434,Loyal
634,2024-01-01,2023-02-05,4,34023.8,731,1,3,4,134,At Risk
635,2024-11-17,2023-01-07,48,461144.06,410,2,5,5,255,At Risk
637,2023-01-13,2023-01-07,2,11572.75,1084,1,2,2,122,Hibernating
638,2025-12-10,2023-06-24,8,26427.08,22,5,4,3,543,Loyal
639,2024-11-25,2023-06-21,20,179828.49,402,2,5,5,255,At Risk
640,2023-03-07,2023-02-22,3,7962.8,1031,1,3,2,132,At Risk
641,2023-01-21,2023-01-05,2,5670.95,1076,1,2,2,122,Hibernating
642,2024-11-19,2024-11-18,2,1162.31,408,2,2,1,221,Occasional
643,2025-06-27,2023-01-20,3,35357.52,188,3,3,4,334,Loyal
645,2023-08-20,2023-02-08,7,12121.35,865,1,4,2,142,At Risk
646,2025-12-30,2023-01-11,36,325338.12,2,5,5,5,555,High Value
647,2023-08-12,2023-02-25,5,26762.0,873,1,4,3,143,At Risk
648,2023-01-06,2023-01-06,1,17211.1,1091,1,1,3,113,Hibernating
649,2024-05-30,2023-01-22,7,46338.35,581,1,4,4,144,At Risk
650,2023-12-02,2023-08-02,4,10437.9,761,1,3,2,132,At Risk
651,2023-05-04,2023-02-08,2,5620.5,973,1,2,2,122,Hibernating
652,2023-02-19,2023-01-09,2,4338.75,1047,1,2,1,121,Hibernating
653,2024-11-09,2023-05-26,11,64807.1,418,2,5,5,255,At Risk
654,2023-11-14,2023-01-07,15,95233.05,779,1,5,5,155,At Risk
656,2024-02-28,2023-08-17,3,45109.03,673,1,3,4,134,At Risk
657,2025-10-20,2023-01-04,14,112369.13,73,4,5,5,455,High Value
658,2023-02-28,2023-02-28,1,43979.3,1038,1,1,4,114,At Risk
659,2024-05-18,2023-01-06,28,120126.75,593,1,5,5,155,At Risk
660,2023-07-02,2023-01-15,8,70164.45,914,1,4,5,145,At Risk
661,2024-02-11,2023-01-11,5,13822.19,690,1,4,2,142,At Risk
662,2023-10-12,2023-01-26,3,6610.8,812,1,3,2,132,At Risk
663,2025-08-09,2023-01-02,18,125699.79,145,3,5,5,355,High Value
664,2023-06-03,2023-03-07,5,14670.1,943,1,4,3,143,At Risk
665,2025-12-20,2023-01-06,108,862494.53,12,5,5,5,555,High Value
666,2025-01-11,2023-03-19,2,10168.06,355,2,2,2,222,Occasional
667,2025-11-27,2023-01-09,17,108059.41,35,5,5,5,555,High Value
668,2024-11-17,2023-01-03,87,589576.82,410,2,5,5,255,At Risk
669,2023-12-16,2023-01-09,9,17983.5,747,1,5,3,153,At Risk
670,2024-03-02,2023-02-14,7,81431.13,670,1,4,5,145,At Risk
671,2025-02-23,2023-04-21,3,17088.17,312,2,3,3,233,At Risk
672,2024-02-14,2023-01-10,5,24459.91,687,1,4,3,143,At Risk
673,2024-02-18,2023-01-10,6,31079.47,683,1,4,4,144,At Risk
674,2023-11-07,2023-01-01,19,215768.4,786,1,5,5,155,At Risk
675,2025-11-13,2023-01-03,22,92123.08,49,4,5,5,455,High Value
676,2024-08-30,2023-02-07,4,4885.41,489,2,3,2,232,At Risk
677,2025-04-15,2023-01-07,30,208537.05,261,3,5,5,355,High Value
678,2024-11-21,2023-02-03,9,22256.02,406,2,5,3,253,At Risk
679,2025-07-24,2023-02-18,6,30982.33,161,3,4,4,344,High Value
680,2023-02-05,2023-01-22,4,27974.35,1061,1,3,3,133,At Risk
681,2025-11-18,2023-09-27,5,35178.73,44,4,4,4,444,High Value
682,2023-02-14,2023-01-04,2,32332.6,1052,1,2,4,124,At Risk
683,2025-12-29,2023-01-28,14,105020.61,3,5,5,5,555,High Value
684,2023-10-09,2023-01-06,16,142671.05,815,1,5,5,155,At Risk
686,2023-03-02,2023-03-02,1,14008.65,1036,1,1,3,113,Hibernating
687,2023-01-17,2023-01-17,1,16258.0,1080,1,1,3,113,Hibernating
688,2025-12-29,2023-01-04,53,466980.68,3,5,5,5,555,High Value
689,2023-09-17,2023-02-04,2,6912.7,837,1,2,2,122,Hibernating
690,2024-07-15,2023-01-05,20,116034.78,535,1,5,5,155,At Risk
691,2024-04-28,2023-02-07,5,33677.71,613,1,4,4,144,At Risk
692,2023-10-19,2023-01-04,50,264673.9,805,1,5,5,155,At Risk
693,2025-01-09,2023-03-11,2,49136.41,357,2,2,4,224,At Risk
694,2023-06-08,2023-01-17,2,5037.2,938,1,2,2,122,Hibernating
695,2025-07-08,2023-03-13,12,66422.85,177,3,5,5,355,High Value
696,2023-08-28,2023-01-14,4,11882.6,857,1,3,2,132,At Risk
698,2025-10-11,2023-11-02,8,106978.47,82,4,4,5,445,High Value
700,2024-05-29,2023-01-03,5,56898.67,582,1,4,4,144,At Risk
701,2025-01-09,2023-04-28,8,88157.32,357,2,4,5,245,At Risk
702,2025-07-22,2023-03-05,6,21096.78,163,3,4,3,343,Loyal
705,2025-05-01,2023-04-30,6,26499.24,245,3,4,3,343,Loyal
706,2023-10-19,2023-10-19,1,6917.75,805,1,1,2,112,Hibernating
707,2025-05-11,2023-01-15,16,65957.88,235,3,5,5,355,High Value
708,2025-12-31,2023-03-13,8,33162.5,1,5,4,4,544,High Value
709,2023-02-09,2023-02-09,1,18488.65,1057,1,1,3,113,Hibernating
710,2023-02-02,2023-01-06,4,48453.15,1064,1,3,4,134,At Risk
711,2025-12-26,2023-01-02,26,245636.6,6,5,5,5,555,High Value
712,2023-11-11,2023-11-11,1,873.05,782,1,1,1,111,Hibernating
713,2025-11-20,2023-01-14,32,217190.85,42,4,5,5,455,High Value
714,2023-08-31,2023-03-21,2,19470.6,854,1,2,3,123,Hibernating
715,2025-05-05,2023-01-02,3,17629.14,241,3,3,3,333,Loyal
717,2023-01-08,2023-01-08,1,993.65,1089,1,1,1,111,Hibernating
718,2025-05-29,2023-05-29,7,35623.02,217,3,4,4,344,High Value
719,2025-11-30,2023-02-04,17,92603.98,32,5,5,5,555,High Value
720,2023-07-04,2023-01-04,13,111515.85,912,1,5,5,155,At Risk
721,2023-07-27,2023-07-27,1,807.0,889,1,1,1,111,Hibernating
722,2023-01-20,2023-01-20,1,619.65,1077,1,1,1,111,Hibernating
723,2023-11-22,2023-05-18,3,7971.4,771,1,3,2,132,At Risk
724,2024-11-27,2023-01-04,24,150348.66,400,2,5,5,255,At Risk
725,2025-05-29,2023-01-10,29,234284.63,217,3,5,5,355,High Value
726,2024-08-13,2023-03-15,11,66910.8,506,2,5,5,255,At Risk
727,2023-10-09,2023-01-22,7,45191.05,815,1,4,4,144,At Risk
728,2025-05-25,2024-03-10,3,26580.65,221,3,3,3,333,Loyal
729,2025-01-19,2023-04-19,12,91796.41,347,2,5,5,255,At Risk
730,2023-06-21,2023-05-17,3,3383.75,925,1,3,1,131,At Risk
731,2024-06-09,2023-06-29,3,3162.48,571,1,3,1,131,At Risk
733,2024-03-17,2023-01-11,21,108820.66,655,1,5,5,155,At Risk
734,2025-12-24,2023-01-01,46,294154.05,8,5,5,5,555,High Value
735,2025-06-11,2023-05-17,9,50538.89,204,3,5,4,354,High Value
736,2023-03-18,2023-01-16,8,48352.65,1020,1,4,4,144,At Risk
737,2023-04-13,2023-01-01,4,39945.55,994,1,3,4,134,At Risk
738,2025-10-14,2023-05-07,8,62772.23,79,4,4,5,445,High Value
739,2025-12-26,2023-05-03,2,22956.38,6,5,2,3,523,Occasional
740,2023-09-28,2023-01-05,39,247079.3,826,1,5,5,155,At Risk
741,2024-05-20,2023-01-11,11,69836.5,591,1,5,5,155,At Risk
742,2023-09-07,2023-03-15,4,18583.35,847,1,3,3,133,At Risk
743,2025-08-13,2023-02-18,9,27845.2,141,3,5,3,353,Loyal
744,2023-09-14,2023-01-11,16,69082.55,840,1,5,5,155,At Risk
745,2023-11-07,2023-11-07,1,1340.1,786,1,1,1,111,Hibernating
746,2024-07-22,2024-04-19,2,4123.75,528,2,2,1,221,Occasional
747,2024-03-28,2023-01-07,26,212588.57,644,1,5,5,155,At Risk
748,2025-11-11,2023-10-06,5,44944.58,51,4,4,4,444,High Value
749,2025-12-13,2023-04-07,12,39480.02,19,5,5,4,554,High Value
751,2025-03-10,2023-01-28,18,113039.48,297,2,5,5,255,At Risk
753,2024-09-14,2023-01-24,3,35834.57,474,2,3,4,234,At Risk
754,2023-03-15,2023-01-19,3,3274.65,1023,1,3,1,131,At Risk
755,2023-07-20,2023-05-12,3,44196.25,896,1,3,4,134,At Risk
756,2025-11-18,2023-01-02,36,203720.19,44,4,5,5,455,High Value
757,2024-11-21,2023-02-09,6,77701.1,406,2,4,5,245,At Risk
759,2025-03-19,2023-05-28,6,59265.81,288,2,4,4,244,At Risk
761,2025-12-02,2023-01-18,24,157860.31,30,5,5,5,555,High Value
763,2023-10-14,2023-01-11,8,70256.0,810,1,4,5,145,At Risk
764,2023-02-05,2023-02-01,2,6322.7,1061,1,2,2,122,Hibernating
765,2023-09-30,2023-05-13,3,9792.4,824,1,3,2,132,At Risk
766,2023-06-22,2023-05-31,2,13465.2,924,1,2,2,122,Hibernating
767,2024-05-14,2023-01-07,6,26412.45,597,1,4,3,143,At Risk
768,2025-11-12,2023-02-03,5,30147.64,50,4,4,4,444,High Value
769,2023-10-15,2023-01-01,5,73831.25,809,1,4,5,145,At Risk
770,2023-09-25,2023-01-26,5,27067.65,829,1,4,3,143,At Risk
771,2023-10-19,2023-01-18,16,114456.8,805,1,5,5,155,At Risk
772,2023-09-28,2023-01-16,12,67623.7,826,1,5,5,155,At Risk
773,2023-10-13,2023-02-03,5,49667.1,811,1,4,4,144,At Risk
775,2023-07-06,2023-01-01,6,53528.5,910,1,4,4,144,At Risk
777,2025-03-04,2023-07-29,4,16482.58,303,2,3,3,233,At Risk
778,2025-08-04,2023-01-08,7,54366.75,150,3,4,4,344,High Value
779,2023-09-09,2023-01-02,10,72813.95,845,1,5,5,155,At Risk
780,2025-10-10,2023-01-01,74,314171.53,83,4,5,5,455,High Value
781,2023-07-06,2023-01-01,14,84322.05,910,1,5,5,155,At Risk
782,2024-01-25,2024-01-25,1,690.61,707,1,1,1,111,Hibernating
783,2024-12-20,2023-05-12,11,67401.07,377,2,5,5,255,At Risk
784,2024-11-05,2023-02-04,13,136811.48,422,2,5,5,255,At Risk
785,2023-10-02,2023-01-08,6,26368.8,822,1,4,3,143,At Risk
786,2023-10-18,2023-01-01,18,136260.75,806,1,5,5,155,At Risk
787,2023-09-09,2023-02-19,6,32705.05,845,1,4,4,144,At Risk
788,2025-03-21,2024-03-07,3,13363.1,286,2,3,2,232,At Risk
789,2023-01-05,2023-01-05,1,19825.2,1092,1,1,3,113,Hibernating
790,2024-07-16,2023-10-07,2,34633.63,534,1,2,4,124,At Risk
791,2024-04-13,2023-05-15,10,44562.93,628,1,5,4,154,At Risk
793,2023-10-15,2023-01-21,7,48702.4,809,1,4,4,144,At Risk
794,2023-05-24,2023-01-18,6,70195.6,953,1,4,5,145,At Risk
795,2024-11-21,2023-02-15,7,69247.73,406,2,4,5,245,At Risk
797,2023-07-15,2023-07-15,1,25970.15,901,1,1,3,113,Hibernating
798,2023-10-13,2023-01-11,4,3956.6,811,1,3,1,131,At Risk
799,2024-07-14,2023-01-25,12,74140.14,536,1,5,5,155,At Risk
801,2025-07-04,2023-01-11,23,129301.21,181,3,5,5,355,High Value
802,2024-12-11,2023-01-26,35,215029.63,386,2,5,5,255,At Risk
804,2023-05-07,2023-02-12,2,4413.4,970,1,2,1,121,Hibernating
805,2023-08-10,2023-01-24,3,9702.4,875,1,3,2,132,At Risk
806,2023-07-06,2023-01-07,8,80359.8,910,1,4,5,145,At Risk
807,2023-10-29,2023-10-29,1,899.1,795,1,1,1,111,Hibernating
808,2024-06-05,2023-01-01,19,148500.6,575,1,5,5,155,At Risk
809,2023-10-01,2023-10-01,1,628.2,823,1,1,1,111,Hibernating
810,2023-03-28,2023-01-01,2,10970.05,1010,1,2,2,122,Hibernating
811,2025-07-10,2024-05-09,3,38920.27,175,3,3,4,334,Loyal
812,2025-05-15,2023-01-27,39,345126.92,231,3,5,5,355,High Value
813,2025-07-23,2023-01-19,18,159146.32,162,3,5,5,355,High Value
814,2024-12-28,2023-01-02,52,343450.46,369,2,5,5,255,At Risk
815,2025-01-11,2023-01-06,15,139027.8,355,2,5,5,255,At Risk
816,2023-01-02,2023-01-02,1,3057.3,1095,1,1,1,111,Hibernating
817,2024-09-15,2023-01-08,56,358153.79,473,2,5,5,255,At Risk
818,2025-12-07,2023-01-12,45,247385.81,25,5,5,5,555,High Value
820,2023-09-03,2023-08-23,3,4352.45,851,1,3,1,131,At Risk
821,2025-05-27,2023-06-04,8,53568.98,219,3,4,4,344,High Value
822,2025-11-03,2023-01-07,23,108495.22,59,4,5,5,455,High Value
823,2023-11-15,2023-01-01,6,31768.1,778,1,4,4,144,At Risk
824,2025-06-29,2023-02-03,11,45870.5,186,3,5,4,354,High Value
825,2024-03-19,2023-01-20,4,24159.61,653,1,3,3,133,At Risk
828,2023-09-06,2023-01-14,9,78188.75,848,1,5,5,155,At Risk
829,2024-01-17,2023-01-01,3,47979.07,715,1,3,4,134,At Risk
830,2023-05-31,2023-01-07,3,33561.95,946,1,3,4,134,At Risk
831,2025-11-17,2023-05-22,6,42666.98,45,4,4,4,444,High Value
832,2025-11-28,2023-03-15,18,216174.08,34,5,5,5,555,High Value
834,2025-07-01,2023-01-19,16,117970.28,184,3,5,5,355,High Value
835,2025-11-06,2023-01-11,12,102295.27,56,4,5,5,455,High Value
836,2023-12-29,2023-04-04,10,46048.05,734,1,5,4,154,At Risk
837,2023-01-20,2023-01-20,1,2086.2,1077,1,1,1,111,Hibernating
838,2024-11-26,2023-01-23,3,25581.16,401,2,3,3,233,At Risk
839,2025-10-03,2023-01-18,16,54279.29,90,4,5,4,454,High Value
840,2025-12-24,2023-04-27,8,54628.69,8,5,4,4,544,High Value
841,2023-09-07,2023-09-07,1,13199.65,847,1,1,2,112,Hibernating
842,2024-06-11,2024-06-11,1,285.53,569,1,1,1,111,Hibernating
843,2025-04-17,2023-01-16,11,52863.18,259,3,5,4,354,High Value
844,2023-07-04,2023-02-01,5,15550.5,912,1,4,3,143,At Risk
845,2023-01-29,2023-01-29,1,3702.15,1068,1,1,1,111,Hibernating
846,2023-09-02,2023-01-20,8,70242.3,852,1,4,5,145,At Risk
847,2025-12-27,2023-01-05,353,2202343.18,5,5,5,5,555,High Value
848,2023-12-30,2023-01-20,5,9856.4,733,1,4,2,142,At Risk
849,2025-06-21,2023-01-06,24,76211.26,194,3,5,5,355,High Value
850,2023-11-19,2023-01-01,3,6487.6,774,1,3,2,132,At Risk
852,2023-02-18,2023-02-11,2,12408.15,1048,1,2,2,122,Hibernating
854,2023-04-07,2023-01-27,4,8476.35,1000,1,3,2,132,At Risk
855,2023-04-11,2023-01-03,5,38505.6,996,1,4,4,144,At Risk
856,2023-03-12,2023-03-12,1,5527.1,1026,1,1,2,112,Hibernating
857,2024-03-18,2023-03-06,10,91123.52,654,1,5,5,155,At Risk
858,2023-07-06,2023-02-27,6,30413.0,910,1,4,4,144,At Risk
859,2024-05-15,2023-08-01,6,34947.36,596,1,4,4,144,At Risk
860,2025-01-23,2023-01-05,42,216813.49,343,2,5,5,255,At Risk
861,2025-11-22,2023-01-05,30,147986.69,40,4,5,5,455,High Value
862,2025-12-28,2023-01-04,73,536871.0,4,5,5,5,555,High Value
863,2023-05-24,2023-01-10,3,8261.8,953,1,3,2,132,At Risk
864,2024-02-09,2023-02-25,4,37750.68,692,1,3,4,134,At Risk
865,2023-12-15,2023-01-13,7,45244.3,748,1,4,4,144,At Risk
866,2025-08-24,2023-05-21,5,64444.56,130,3,4,5,345,High Value
867,2025-09-14,2023-01-21,31,235957.48,109,3,5,5,355,High Value
868,2025-09-12,2023-04-29,3,26237.7,111,3,3,3,333,Loyal
869,2023-02-10,2023-02-10,1,2609.05,1056,1,1,1,111,Hibernating
870,2025-08-06,2023-01-03,97,745178.64,148,3,5,5,355,High Value
871,2023-12-10,2023-01-06,22,95981.5,753,1,5,5,155,At Risk
872,2023-07-06,2023-02-12,4,48180.75,910,1,3,4,134,At Risk
873,2025-12-31,2023-01-01,29,162684.19,1,5,5,5,555,High Value
874,2023-09-08,2023-01-13,4,4809.85,846,1,3,2,132,At Risk
875,2025-03-19,2023-02-13,8,97675.32,288,2,4,5,245,At Risk
876,2024-05-20,2023-01-07,13,112736.05,591,1,5,5,155,At Risk
877,2025-10-28,2023-01-01,28,152417.44,65,4,5,5,455,High Value
878,2025-12-03,2023-02-08,13,73916.42,29,5,5,5,555,High Value
881,2024-06-02,2023-01-22,7,42471.68,578,1,4,4,144,At Risk
882,2024-04-03,2023-01-10,28,215274.71,638,1,5,5,155,At Risk
883,2023-04-25,2023-03-17,2,16601.1,982,1,2,3,123,Hibernating
884,2024-01-16,2023-01-18,11,46375.82,716,1,5,4,154,At Risk
885,2023-05-01,2023-01-27,2,5176.4,976,1,2,2,122,Hibernating
886,2023-06-17,2023-03-15,3,20333.45,929,1,3,3,133,At Risk
887,2023-06-11,2023-02-12,5,35223.75,935,1,4,4,144,At Risk
888,2025-10-12,2023-01-09,7,33292.84,81,4,4,4,444,High Value
889,2024-10-17,2023-11-08,5,47765.55,441,2,4,4,244,At Risk
890,2024-12-26,2023-01-08,15,82678.82,371,2,5,5,255,At Risk
891,2023-06-29,2023-03-03,7,67308.7,917,1,4,5,145,At Risk
893,2023-01-21,2023-01-21,1,3314.85,1076,1,1,1,111,Hibernating
894,2025-10-23,2023-01-21,25,127819.07,70,4,5,5,455,High Value
895,2024-08-08,2023-01-14,14,48619.89,511,2,5,4,254,At Risk
896,2024-05-07,2023-05-11,5,65007.3,604,1,4,5,145,At Risk
899,2025-09-04,2023-01-10,9,84316.79,119,3,5,5,355,High Value
900,2024-05-31,2023-01-22,8,16305.58,580,1,4,3,143,At Risk
901,2024-11-14,2023-01-01,14,106996.33,413,2,5,5,255,At Risk
902,2023-02-04,2023-02-04,1,12463.2,1062,1,1,2,112,Hibernating
904,2025-12-23,2023-01-04,52,508653.65,9,5,5,5,555,High Value
905,2025-09-20,2023-01-18,2,17818.09,103,3,2,3,323,Occasional
906,2025-01-27,2023-01-18,37,309495.67,339,2,5,5,255,At Risk
907,2023-03-08,2023-01-28,4,10112.15,1030,1,3,2,132,At Risk
908,2023-10-08,2023-01-28,14,53574.0,816,1,5,4,154,At Risk
909,2024-09-21,2023-02-19,8,53253.72,467,2,4,4,244,At Risk
910,2024-10-22,2023-02-05,7,25609.8,436,2,4,3,243,At Risk
911,2024-11-11,2023-01-12,5,19380.09,416,2,4,3,243,At Risk
912,2023-05-28,2023-01-22,8,63522.35,949,1,4,5,145,At Risk
915,2023-09-10,2023-08-24,2,4325.0,844,1,2,1,121,Hibernating
916,2023-08-03,2023-05-24,3,3528.15,882,1,3,1,131,At Risk
917,2023-08-15,2023-01-01,11,92893.85,870,1,5,5,155,At Risk
918,2024-02-06,2023-01-20,8,57753.67,695,1,4,4,144,At Risk
919,2024-05-24,2023-01-29,8,32684.16,587,1,4,4,144,At Risk
920,2023-11-01,2023-01-01,60,293295.35,792,1,5,5,155,At Risk
921,2023-12-29,2023-02-16,7,41516.55,734,1,4,4,144,At Risk
922,2023-03-13,2023-01-15,2,5596.95,1025,1,2,2,122,Hibernating
923,2023-05-13,2023-01-04,4,18212.9,964,1,3,3,133,At Risk
924,2024-06-07,2023-01-21,16,161824.17,573,1,5,5,155,At Risk
925,2023-08-07,2023-01-29,9,51710.4,878,1,5,4,154,At Risk
926,2024-11-20,2024-11-20,1,612.71,407,2,1,1,211,Occasional
927,2024-08-12,2023-03-16,3,6513.95,507,2,3,2,232,At Risk
928,2024-12-16,2023-01-30,5,45652.42,381,2,4,4,244,At Risk
929,2025-12-11,2023-01-04,33,238413.52,21,5,5,5,555,High Value
930,2023-11-26,2023-01-02,24,203887.65,767,1,5,5,155,At Risk
931,2023-03-23,2023-02-18,4,50674.25,1015,1,3,4,134,At Risk
933,2024-01-19,2023-04-07,5,47672.46,713,1,4,4,144,At Risk
934,2025-02-16,2023-01-01,27,91636.44,319,2,5,5,255,At Risk
935,2025-03-01,2023-01-07,9,38671.07,306,2,5,4,254,At Risk
936,2024-12-07,2023-01-25,14,68384.23,390,2,5,5,255,At Risk
938,2023-03-13,2023-03-13,1,9467.1,1025,1,1,2,112,Hibernating
939,2025-10-16,2023-02-01,12,95995.7,77,4,5,5,455,High Value
940,2024-08-14,2023-01-07,43,288706.01,505,2,5,5,255,At Risk
941,2024-09-08,2024-01-15,2,7560.27,480,2,2,2,222,Occasional
942,2025-08-06,2023-01-22,14,187220.05,148,3,5,5,355,High Value
943,2023-09-08,2023-01-08,11,36222.1,846,1,5,4,154,At Risk
944,2024-09-21,2023-01-27,11,44944.47,467,2,5,4,254,At Risk
945,2023-12-11,2023-03-05,2,10316.8,752,1,2,2,122,Hibernating
946,2025-10-24,2023-01-02,61,389279.34,69,4,5,5,455,High Value
947,2023-01-13,2023-01-13,1,5465.55,1084,1,1,2,112,Hibernating
950,2024-10-25,2023-05-23,5,13061.04,433,2,4,2,242,At Risk
951,2024-10-22,2023-09-02,3,8652.01,436,2,3,2,232,At Risk
952,2023-09-02,2023-09-02,1,2468.1,852,1,1,1,111,Hibernating
953,2024-10-29,2023-01-21,2,11742.78,429,2,2,2,222,Occasional
955,2023-02-03,2023-02-03,1,7898.25,1063,1,1,2,112,Hibernating
956,2025-05-15,2023-06-20,5,17045.42,231,3,4,3,343,Loyal
957,2024-02-21,2023-01-13,13,50498.1,680,1,5,4,154,At Risk
958,2023-04-24,2023-01-09,4,8607.8,983,1,3,2,132,At Risk
959,2024-08-15,2023-01-10,14,90013.03,504,2,5,5,255,At Risk
961,2025-09-29,2023-02-23,7,35827.41,94,4,4,4,444,High Value
963,2023-04-21,2023-03-18,2,5157.15,986,1,2,2,122,Hibernating
964,2023-05-06,2023-01-04,14,69166.45,971,1,5,5,155,At Risk
965,2023-06-17,2023-03-07,5,13026.55,929,1,4,2,142,At Risk
966,2023-03-04,2023-03-04,1,1250.2,1034,1,1,1,111,Hibernating
967,2024-10-07,2023-01-13,11,40102.89,451,2,5,4,254,At Risk
968,2025-12-11,2025-03-12,2,2166.87,21,5,2,1,521,Occasional
969,2025-11-12,2023-12-25,2,27035.87,50,4,2,3,423,Occasional
970,2025-03-29,2023-03-16,12,70947.17,278,2,5,5,255,At Risk
971,2023-03-02,2023-01-22,2,15959.3,1036,1,2,3,123,Hibernating
972,2023-04-07,2023-01-07,8,68147.3,1000,1,4,5,145,At Risk
973,2025-11-21,2023-03-21,14,76139.77,41,4,5,5,455,High Value
974,2025-11-16,2023-07-27,8,88222.11,46,4,4,5,445,High Value
975,2023-06-14,2023-01-20,4,40313.1,932,1,3,4,134,At Risk
976,2025-01-24,2023-01-22,5,32353.39,342,2,4,4,244,At Risk
977,2023-06-08,2023-04-27,3,13110.7,938,1,3,2,132,At Risk
978,2025-01-20,2025-01-20,1,5635.46,346,2,1,2,212,Occasional
979,2024-03-01,2023-01-09,13,44691.88,671,1,5,4,154,At Risk
980,2024-04-14,2023-01-06,50,504312.18,627,1,5,5,155,At Risk
981,2023-09-25,2023-04-27,4,31975.8,829,1,3,4,134,At Risk
982,2024-08-18,2023-02-23,4,22790.95,501,2,3,3,233,At Risk
983,2024-07-06,2023-04-30,7,19223.33,544,1,4,3,143,At Risk
984,2023-12-04,2023-01-19,16,97428.55,759,1,5,5,155,At Risk
985,2023-10-20,2023-01-12,31,180944.75,804,1,5,5,155,At Risk
986,2023-01-20,2023-01-20,1,827.1,1077,1,1,1,111,Hibernating
987,2024-03-02,2023-01-07,19,125574.66,670,1,5,5,155,At Risk
988,2023-09-02,2023-02-06,8,75183.8,852,1,4,5,145,At Risk
989,2023-03-29,2023-01-22,3,7474.9,1009,1,3,2,132,At Risk
991,2023-11-24,2023-01-21,3,10086.15,769,1,3,2,132,At Risk
992,2024-04-30,2023-01-26,6,40955.04,611,1,4,4,144,At Risk
993,2025-08-30,2023-10-10,2,16808.0,124,3,2,3,323,Occasional
994,2025-12-30,2023-01-08,120,951018.85,2,5,5,5,555,High Value
995,2023-07-05,2023-01-30,6,43819.75,911,1,4,4,144,At Risk
996,2024-03-05,2023-01-22,4,20221.87,667,1,3,3,133,At Risk
999,2024-11-09,2023-04-16,4,27225.52,418,2,3,3,233,At Risk
1000,2023-08-27,2023-01-12,5,73060.5,858,1,4,5,145,At Risk
1001,2024-02-15,2023-01-10,32,100626.64,686,1,5,5,155,At Risk
1002,2025-09-14,2023-01-10,18,121569.59,109,3,5,5,355,High Value
1003,2024-11-27,2023-01-20,10,31107.86,400,2,5,4,254,At Risk
1004,2024-07-29,2023-01-22,6,46503.21,521,2,4,4,244,At Risk
1005,2024-12-24,2023-05-27,5,32472.95,373,2,4,4,244,At Risk
1006,2024-01-06,2023-02-09,8,76162.26,726,1,4,5,145,At Risk
1007,2025-09-16,2023-01-14,23,152635.42,107,3,5,5,355,High Value
1008,2024-08-03,2023-02-22,4,14290.79,516,2,3,3,233,At Risk
1009,2023-07-13,2023-02-26,4,23047.55,903,1,3,3,133,At Risk
1010,2024-04-24,2023-01-17,19,157664.6,617,1,5,5,155,At Risk
1012,2025-09-29,2023-02-08,8,72771.02,94,4,4,5,445,High Value
1013,2025-09-09,2023-01-17,21,214930.6,114,3,5,5,355,High Value
1015,2025-01-28,2023-02-01,6,53764.57,338,2,4,4,244,At Risk
1016,2023-01-20,2023-01-20,1,14848.65,1077,1,1,3,113,Hibernating
1017,2023-05-31,2023-03-17,3,25898.3,946,1,3,3,133,At Risk
1018,2024-07-10,2023-03-14,6,24438.33,540,1,4,3,143,At Risk
1019,2025-06-01,2023-01-22,50,396466.12,214,3,5,5,355,High Value
1020,2023-04-08,2023-04-08,1,3446.1,999,1,1,1,111,Hibernating
1021,2025-03-13,2023-01-14,23,130364.86,294,2,5,5,255,At Risk
1022,2025-08-10,2023-03-05,10,16185.1,144,3,5,3,353,Loyal
1023,2023-04-12,2023-02-25,2,22192.4,995,1,2,3,123,Hibernating
1024,2025-07-15,2023-02-14,27,259662.09,170,3,5,5,355,High Value
1025,2025-09-11,2023-02-12,16,54627.48,112,3,5,4,354,High Value
1026,2023-11-10,2023-02-03,9,51632.45,783,1,5,4,154,At Risk
1027,2024-03-31,2023-05-22,5,19788.6,641,1,4,3,143,At Risk
1028,2024-01-17,2023-02-11,7,47167.95,715,1,4,4,144,At Risk
1029,2023-11-25,2023-05-14,5,41712.75,768,1,4,4,144,At Risk
1030,2023-05-29,2023-01-26,7,119842.25,948,1,4,5,145,At Risk
1031,2024-06-22,2023-12-18,2,2221.36,558,1,2,1,121,Hibernating
1032,2023-06-09,2023-03-25,3,5207.8,937,1,3,2,132,At Risk
1033,2023-03-17,2023-02-16,2,19490.35,1021,1,2,3,123,Hibernating
1034,2025-09-22,2023-01-21,25,165859.09,101,3,5,5,355,High Value
1035,2023-10-15,2023-01-20,7,11198.5,809,1,4,2,142,At Risk
1036,2023-07-11,2023-07-11,1,4038.3,905,1,1,1,111,Hibernating
1037,2023-12-01,2023-02-03,11,68255.65,762,1,5,5,155,At Risk
1038,2024-11-10,2023-08-19,3,18940.41,417,2,3,3,233,At Risk
1039,2023-12-14,2023-12-14,1,1206.15,749,1,1,1,111,Hibernating
1040,2023-07-22,2023-01-22,3,11033.3,894,1,3,2,132,At Risk
1041,2025-02-15,2023-03-22,5,39815.46,320,2,4,4,244,At Risk
1042,2023-07-06,2023-07-06,1,1877.4,910,1,1,1,111,Hibernating
1043,2024-04-09,2023-05-08,5,35848.48,632,1,4,4,144,At Risk
1044,2025-12-13,2023-01-21,34,223941.59,19,5,5,5,555,High Value
1045,2023-05-23,2023-04-05,2,20657.9,954,1,2,3,123,Hibernating
1047,2025-10-26,2023-05-07,2,11273.73,67,4,2,2,422,Occasional
1048,2025-02-24,2023-03-16,7,22652.07,311,2,4,3,243,At Risk
1049,2023-08-19,2023-01-24,34,180213.4,866,1,5,5,155,At Risk
1050,2025-12-22,2023-07-20,4,15316.89,10,5,3,3,533,Loyal
1051,2025-05-02,2023-01-20,45,242796.7,244,3,5,5,355,High Value
1052,2023-07-13,2023-03-02,7,42790.45,903,1,4,4,144,At Risk
1053,2024-02-17,2024-01-14,2,15872.21,684,1,2,3,123,Hibernating
1054,2023-04-24,2023-01-23,3,8108.45,983,1,3,2,132,At Risk
1055,2025-10-23,2023-03-26,17,72650.54,70,4,5,5,455,High Value
1056,2024-08-09,2023-01-24,2,19744.49,510,2,2,3,223,Occasional
1057,2025-10-14,2023-01-25,48,308402.45,79,4,5,5,455,High Value
1058,2025-05-11,2023-01-29,21,157454.69,235,3,5,5,355,High Value
1059,2023-11-06,2023-06-24,3,22781.95,787,1,3,3,133,At Risk
1060,2024-03-25,2023-01-29,6,17452.85,647,1,4,3,143,At Risk
1061,2023-09-24,2023-01-27,7,48658.8,830,1,4,4,144,At Risk
1062,2025-12-26,2023-01-20,74,369597.32,6,5,5,5,555,High Value
1063,2023-05-06,2023-01-27,5,32569.55,971,1,4,4,144,At Risk
1064,2025-12-07,2024-02-25,4,34364.65,25,5,3,4,534,Loyal
1065,2025-01-19,2023-04-11,6,43710.57,347,2,4,4,244,At Risk
1066,2024-08-20,2023-10-01,5,20738.96,499,2,4,3,243,At Risk
1067,2024-01-21,2023-03-07,7,7828.85,711,1,4,2,142,At Risk
1068,2023-12-19,2023-03-11,3,33190.25,744,1,3,4,134,At Risk
1069,2025-08-11,2024-04-19,3,10431.03,143,3,3,2,332,Loyal
1070,2023-05-31,2023-03-10,8,65127.8,946,1,4,5,145,At Risk
1071,2023-10-02,2023-02-02,6,18671.85,822,1,4,3,143,At Risk
1072,2023-12-18,2023-12-18,1,3489.0,745,1,1,1,111,Hibernating
1074,2025-12-14,2023-02-10,11,40202.66,18,5,5,4,554,High Value
1075,2024-05-31,2023-04-05,3,5062.87,580,1,3,2,132,At Risk
1076,2025-06-30,2023-01-28,9,21160.54,185,3,5,3,353,Loyal
1077,2024-03-21,2023-04-01,4,27456.56,651,1,3,3,133,At Risk
1078,2023-07-01,2023-01-25,4,2739.3,915,1,3,1,131,At Risk
1079,2024-01-25,2023-02-02,18,98006.56,707,1,5,5,155,At Risk
1081,2025-05-11,2023-02-25,11,63033.19,235,3,5,5,355,High Value
1082,2023-07-29,2023-07-29,1,738.0,887,1,1,1,111,Hibernating
1083,2023-12-13,2023-12-13,1,9796.3,750,1,1,2,112,Hibernating
1084,2024-12-23,2023-02-13,11,62574.56,374,2,5,5,255,At Risk
1085,2025-04-24,2024-02-17,3,10996.96,252,3,3,2,332,Loyal
1086,2023-11-10,2023-03-07,7,43156.9,783,1,4,4,144,At Risk
1087,2023-10-21,2023-01-28,10,93684.1,803,1,5,5,155,At Risk
1088,2025-07-09,2025-07-09,1,4571.44,176,3,1,2,312,Occasional
1089,2025-01-30,2023-01-24,13,61701.11,336,2,5,5,255,At Risk
1090,2024-02-14,2023-01-22,21,168668.64,687,1,5,5,155,At Risk
1091,2023-05-19,2023-02-18,3,11819.6,958,1,3,2,132,At Risk
1092,2023-05-21,2023-02-21,2,6395.75,956,1,2,2,122,Hibernating
1093,2023-06-07,2023-01-24,36,224156.35,939,1,5,5,155,At Risk
1094,2024-03-02,2023-02-15,5,28227.96,670,1,4,3,143,At Risk
1095,2024-02-03,2023-02-09,6,77597.0,698,1,4,5,145,At Risk
1096,2024-04-14,2023-01-25,24,130116.56,627,1,5,5,155,At Risk
1097,2025-11-26,2023-08-11,7,51971.3,36,5,4,4,544,High Value
1098,2023-09-10,2023-04-10,2,42989.2,844,1,2,4,124,At Risk
1099,2023-05-11,2023-01-26,3,6311.95,966,1,3,2,132,At Risk
1100,2025-01-13,2023-03-30,4,16739.58,353,2,3,3,233,At Risk
1101,2024-11-06,2023-01-31,4,108577.75,421,2,3,5,235,At Risk
1102,2023-03-03,2023-03-03,1,619.0,1035,1,1,1,111,Hibernating
1104,2025-09-21,2023-03-10,8,22036.88,102,3,4,3,343,Loyal
1106,2025-12-24,2023-02-28,31,219067.21,8,5,5,5,555,High Value
1107,2024-02-02,2023-01-27,15,106313.82,699,1,5,5,155,At Risk
1108,2023-04-08,2023-02-06,3,34136.15,999,1,3,4,134,At Risk
1109,2025-12-29,2023-03-26,3,4339.86,3,5,3,1,531,Loyal
1110,2024-08-15,2023-02-14,45,255938.39,504,2,5,5,255,At Risk
1111,2023-04-25,2023-02-14,2,20680.3,982,1,2,3,123,Hibernating
1112,2024-12-22,2023-02-27,4,6260.04,375,2,3,2,232,At Risk
1113,2025-08-05,2023-08-13,5,35116.17,149,3,4,4,344,High Value
1114,2024-01-13,2023-02-04,8,27646.15,719,1,4,3,143,At Risk
1116,2024-06-01,2023-02-02,26,174782.2,579,1,5,5,155,At Risk
1118,2024-09-22,2023-07-29,3,11265.92,466,2,3,2,232,At Risk
1119,2023-02-13,2023-02-13,1,330.65,1053,1,1,1,111,Hibernating
1120,2023-04-17,2023-01-28,13,159941.3,990,1,5,5,155,At Risk
1121,2024-11-06,2023-01-30,35,228447.0,421,2,5,5,255,At Risk
1122,2023-08-13,2023-02-09,5,93646.85,872,1,4,5,145,At Risk
1125,2025-12-22,2023-02-05,25,202103.17,10,5,5,5,555,High Value
1126,2025-11-24,2023-01-27,26,163820.79,38,4,5,5,455,High Value
1127,2024-03-25,2023-03-05,5,26038.45,647,1,4,3,143,At Risk
1128,2025-08-16,2023-02-16,8,49706.18,138,3,4,4,344,High Value
1129,2025-06-01,2023-02-13,20,107130.41,214,3,5,5,355,High Value
1130,2025-12-22,2023-03-30,26,248558.82,10,5,5,5,555,High Value
1131,2024-05-17,2023-05-27,3,8991.27,594,1,3,2,132,At Risk
1133,2023-06-06,2023-02-22,2,12026.0,940,1,2,2,122,Hibernating
1134,2024-02-02,2023-10-25,3,9038.53,699,1,3,2,132,At Risk
1135,2024-03-27,2023-02-01,12,73518.23,645,1,5,5,155,At Risk
1136,2023-12-07,2023-01-30,9,113983.95,756,1,5,5,155,At Risk
1137,2025-11-18,2023-04-05,27,132301.33,44,4,5,5,455,High Value
1139,2024-05-09,2023-01-31,22,87232.85,602,1,5,5,155,At Risk
1140,2025-10-12,2023-02-14,24,257392.34,81,4,5,5,455,High Value
1141,2023-04-25,2023-01-30,4,13166.85,982,1,3,2,132,At Risk
1142,2024-09-02,2023-02-17,12,91464.79,486,2,5,5,255,At Risk
1144,2023-08-31,2023-03-16,7,109966.35,854,1,4,5,145,At Risk
1145,2023-05-04,2023-05-04,1,2276.1,973,1,1,1,111,Hibernating
1146,2023-07-08,2023-07-08,1,2272.45,908,1,1,1,111,Hibernating
1147,2025-12-22,2023-02-15,55,292958.09,10,5,5,5,555,High Value
1148,2024-03-13,2024-03-13,1,21298.47,659,1,1,3,113,Hibernating
1149,2023-08-17,2023-02-20,2,1397.65,868,1,2,1,121,Hibernating
1150,2025-06-16,2023-06-11,3,37231.03,199,3,3,4,334,Loyal
1151,2024-03-02,2023-03-01,7,66919.59,670,1,4,5,145,At Risk
1152,2023-04-01,2023-03-08,3,26962.1,1006,1,3,3,133,At Risk
1154,2024-12-26,2023-10-12,2,3527.16,371,2,2,1,221,Occasional
1155,2024-08-12,2023-03-28,3,35785.97,507,2,3,4,234,At Risk
1156,2025-11-09,2023-02-18,14,96004.03,53,4,5,5,455,High Value
1157,2023-10-23,2023-03-08,8,152759.9,801,1,4,5,145,At Risk
1158,2023-09-21,2023-03-20,9,56744.75,833,1,5,4,154,At Risk
1159,2023-11-26,2023-11-26,1,6004.6,767,1,1,2,112,Hibernating
1160,2025-11-11,2023-02-27,13,63337.2,51,4,5,5,455,High Value
1161,2023-11-21,2023-02-26,8,49863.3,772,1,4,4,144,At Risk
1162,2025-12-12,2023-02-10,18,93681.44,20,5,5,5,555,High Value
1163,2024-01-23,2023-03-16,3,15730.29,709,1,3,3,133,At Risk
1164,2023-10-19,2023-02-18,9,19667.15,805,1,5,3,153,At Risk
1165,2025-03-09,2023-02-15,13,49873.14,298,2,5,4,254,At Risk
1166,2025-04-09,2023-09-09,3,2359.39,267,3,3,1,331,Loyal
1167,2025-01-27,2023-02-03,5,49136.24,339,2,4,4,244,At Risk
1168,2023-04-08,2023-04-01,2,22035.25,999,1,2,3,123,Hibernating
1170,2023-05-02,2023-03-09,2,22938.95,975,1,2,3,123,Hibernating
1171,2024-07-17,2023-08-12,4,33821.47,533,2,3,4,234,At Risk
1172,2025-05-30,2023-03-10,4,12572.17,216,3,3,2,332,Loyal
1173,2023-09-01,2023-02-03,22,158274.7,853,1,5,5,155,At Risk
1174,2024-10-26,2023-02-12,31,209420.38,432,2,5,5,255,At Risk
1175,2025-04-05,2024-06-28,2,10355.3,271,3,2,2,322,Occasional
1176,2024-10-14,2023-02-26,10,31666.82,444,2,5,4,254,At Risk
1177,2024-03-27,2023-06-08,3,11196.16,645,1,3,2,132,At Risk
1178,2023-04-16,2023-03-20,2,3140.2,991,1,2,1,121,Hibernating
1179,2023-09-17,2023-02-10,6,52053.8,837,1,4,4,144,At Risk
1180,2025-11-06,2023-02-24,16,115460.47,56,4,5,5,455,High Value
1182,2024-07-29,2024-05-31,2,15239.9,521,2,2,3,223,Occasional
1184,2024-06-20,2023-05-15,9,32333.77,560,1,5,4,154,At Risk
1185,2025-03-16,2023-02-04,7,90901.97,291,2,4,5,245,At Risk
1186,2023-10-28,2023-02-19,3,7911.45,796,1,3,2,132,At Risk
1187,2023-04-07,2023-02-16,3,6270.55,1000,1,3,2,132,At Risk
1188,2025-11-28,2023-07-26,6,40681.62,34,5,4,4,544,High Value
1189,2023-05-22,2023-02-18,2,3229.35,955,1,2,1,121,Hibernating
1190,2025-04-28,2023-03-18,7,55383.54,248,3,4,4,344,High Value
1191,2023-07-10,2023-02-19,7,24283.6,906,1,4,3,143,At Risk
1193,2023-12-11,2023-02-12,8,31912.1,752,1,4,4,144,At Risk
1194,2024-01-30,2023-02-17,15,59272.54,702,1,5,4,154,At Risk
1195,2025-12-11,2023-04-07,15,151080.74,21,5,5,5,555,High Value
1196,2024-06-10,2023-02-15,7,100908.13,570,1,4,5,145,At Risk
1197,2023-10-12,2023-03-11,5,15531.85,812,1,4,3,143,At Risk
1199,2023-07-10,2023-06-19,2,13881.25,906,1,2,2,122,Hibernating
1200,2025-12-17,2023-02-13,35,230199.94,15,5,5,5,555,High Value
1201,2025-04-01,2023-03-03,5,30392.53,275,2,4,4,244,At Risk
1202,2023-12-17,2023-12-17,1,4188.55,746,1,1,1,111,Hibernating
1203,2025-06-11,2023-03-09,12,100019.79,204,3,5,5,355,High Value
1204,2025-12-29,2025-12-29,1,112112.38,3,5,1,5,515,New
1206,2024-07-09,2024-07-09,1,4118.56,541,1,1,1,111,Hibernating
1207,2023-03-10,2023-03-10,1,3805.05,1028,1,1,1,111,Hibernating
1208,2023-04-10,2023-04-10,1,377.1,997,1,1,1,111,Hibernating
1209,2024-01-06,2023-05-09,2,2759.55,726,1,2,1,121,Hibernating
1210,2025-04-11,2023-04-20,11,158556.58,265,3,5,5,355,High Value
1213,2025-09-24,2023-02-14,14,125674.7,99,3,5,5,355,High Value
1214,2023-08-03,2023-03-04,2,12895.15,882,1,2,2,122,Hibernating
1215,2025-12-15,2023-10-31,7,37127.92,17,5,4,4,544,High Value
1216,2023-07-02,2023-02-14,7,52344.6,914,1,4,4,144,At Risk
1218,2024-05-05,2023-02-08,25,108518.54,606,1,5,5,155,At Risk
1219,2023-05-08,2023-02-12,9,32531.85,969,1,5,4,154,At Risk
1220,2023-08-15,2023-07-16,4,16841.55,870,1,3,3,133,At Risk
1221,2025-02-04,2023-02-16,14,55171.1,331,2,5,4,254,At Risk
1223,2024-07-15,2023-04-13,7,88025.82,535,1,4,5,145,At Risk
1224,2025-11-01,2023-07-08,3,10118.44,61,4,3,2,432,Loyal
1226,2025-07-19,2023-05-24,7,40276.52,166,3,4,4,344,High Value
1227,2023-05-20,2023-03-22,2,10050.3,957,1,2,2,122,Hibernating
1228,2025-07-08,2023-02-16,18,96691.86,177,3,5,5,355,High Value
1229,2023-10-03,2023-02-17,6,58618.85,821,1,4,4,144,At Risk
1230,2023-12-05,2023-04-13,4,54729.15,758,1,3,4,134,At Risk
1233,2024-04-18,2023-02-11,10,81046.36,623,1,5,5,155,At Risk
1234,2024-08-18,2023-02-21,14,51767.0,501,2,5,4,254,At Risk
1235,2025-11-19,2023-09-28,4,26869.09,43,4,3,3,433,Loyal
1236,2024-08-11,2023-04-05,6,100049.04,508,2,4,5,245,At Risk
1237,2024-02-07,2024-02-07,1,22441.9,694,1,1,3,113,Hibernating
1238,2024-02-19,2024-02-19,1,19626.05,682,1,1,3,113,Hibernating
1239,2023-04-05,2023-02-26,3,17824.3,1002,1,3,3,133,At Risk
1241,2023-07-19,2023-07-19,1,5408.1,897,1,1,2,112,Hibernating
1242,2023-03-02,2023-03-02,1,781.15,1036,1,1,1,111,Hibernating
1243,2024-03-23,2023-02-24,7,31567.74,649,1,4,4,144,At Risk
1244,2025-11-11,2023-07-19,8,33325.29,51,4,4,4,444,High Value
1245,2025-04-15,2023-04-08,34,222469.01,261,3,5,5,355,High Value
1246,2023-10-06,2023-02-25,11,102366.35,818,1,5,5,155,At Risk
1247,2023-10-21,2023-03-12,7,55383.5,803,1,4,4,144,At Risk
1248,2024-05-18,2023-09-05,3,5950.08,593,1,3,2,132,At Risk
1249,2023-06-23,2023-02-22,8,46904.6,923,1,4,4,144,At Risk
1250,2025-11-08,2023-03-27,26,191176.67,54,4,5,5,455,High Value
1252,2024-04-19,2023-02-20,15,49419.89,622,1,5,4,154,At Risk
1254,2025-12-06,2023-04-17,4,28561.94,26,5,3,3,533,Loyal
1255,2024-12-11,2023-03-05,11,86503.03,386,2,5,5,255,At Risk
1256,2025-03-27,2023-04-03,2,5438.54,280,2,2,2,222,Occasional
1257,2024-05-21,2023-03-13,17,80530.46,590,1,5,5,155,At Risk
1258,2023-05-27,2023-04-20,2,1412.25,950,1,2,1,121,Hibernating
1259,2025-02-10,2023-07-11,11,55146.25,325,2,5,4,254,At Risk
1260,2024-11-17,2024-08-26,2,14700.98,410,2,2,3,223,Occasional
1261,2025-08-24,2023-05-13,9,131962.03,130,3,5,5,355,High Value
1262,2023-04-18,2023-02-24,4,15581.55,989,1,3,3,133,At Risk
1265,2023-06-17,2023-03-03,6,20781.25,929,1,4,3,143,At Risk
1267,2023-06-09,2023-02-25,4,43513.9,937,1,3,4,134,At Risk
1268,2024-02-04,2023-03-23,6,46221.09,697,1,4,4,144,At Risk
1269,2024-11-10,2023-02-24,13,66004.81,417,2,5,5,255,At Risk
1270,2023-04-28,2023-04-28,1,21734.55,979,1,1,3,113,Hibernating
1271,2024-02-07,2024-02-07,1,1794.31,694,1,1,1,111,Hibernating
1272,2023-06-23,2023-02-21,4,11892.75,923,1,3,2,132,At Risk
1273,2023-04-28,2023-04-17,3,4010.8,979,1,3,1,131,At Risk
1274,2023-05-05,2023-03-22,3,21362.85,972,1,3,3,133,At Risk
1275,2023-03-17,2023-03-04,2,2851.95,1021,1,2,1,121,Hibernating
1276,2025-11-24,2023-09-21,5,15225.42,38,4,4,3,443,Loyal
1277,2023-04-21,2023-03-03,6,39423.45,986,1,4,4,144,At Risk
1278,2023-04-23,2023-03-31,2,23270.9,984,1,2,3,123,Hibernating
1279,2024-09-21,2023-03-25,11,124502.81,467,2,5,5,255,At Risk
1280,2023-04-06,2023-04-06,1,10150.2,1001,1,1,2,112,Hibernating
1281,2023-03-20,2023-03-20,1,458.0,1018,1,1,1,111,Hibernating
1282,2024-08-20,2023-02-22,27,194448.76,499,2,5,5,255,At Risk
1283,2024-12-23,2023-04-24,28,200575.17,374,2,5,5,255,At Risk
1284,2025-07-06,2023-04-17,7,44032.59,179,3,4,4,344,High Value
1285,2025-10-24,2023-02-21,9,94545.42,69,4,5,5,455,High Value
1286,2024-05-23,2023-05-04,2,27893.61,588,1,2,3,123,Hibernating
1287,2024-12-14,2023-03-26,8,56353.44,383,2,4,4,244,At Risk
1288,2023-04-29,2023-02-23,5,18654.1,978,1,4,3,143,At Risk
1289,2023-09-14,2023-09-06,2,2172.2,840,1,2,1,121,Hibernating
1291,2025-11-14,2023-03-02,22,124649.3,48,4,5,5,455,High Value
1292,2025-08-20,2023-04-01,10,55800.65,134,3,5,4,354,High Value
1293,2023-03-29,2023-03-29,1,2431.55,1009,1,1,1,111,Hibernating
1294,2025-05-24,2023-03-01,13,54793.17,222,3,5,4,354,High Value
1295,2024-03-31,2023-02-23,22,127963.25,641,1,5,5,155,At Risk
1298,2025-04-27,2023-08-01,4,23279.69,249,3,3,3,333,Loyal
1299,2024-09-16,2024-07-13,2,37773.26,472,2,2,4,224,At Risk
1300,2023-08-13,2023-03-30,3,25340.8,872,1,3,3,133,At Risk
1301,2023-04-27,2023-04-27,1,4857.15,980,1,1,2,112,Hibernating
1303,2023-12-16,2023-03-02,11,55348.5,747,1,5,4,154,At Risk
1304,2024-08-10,2023-04-14,2,4041.82,509,2,2,1,221,Occasional
1305,2023-09-24,2023-09-08,2,6923.25,830,1,2,2,122,Hibernating
1307,2024-04-05,2023-03-28,5,37399.43,636,1,4,4,144,At Risk
1308,2023-04-13,2023-04-13,1,32848.7,994,1,1,4,114,At Risk
1309,2025-02-08,2023-08-19,3,14904.57,327,2,3,3,233,At Risk
1310,2024-10-30,2023-03-06,14,159291.14,428,2,5,5,255,At Risk
1311,2025-03-31,2023-04-28,6,52373.51,276,2,4,4,244,At Risk
1312,2024-09-04,2023-09-23,3,49327.53,484,2,3,4,234,At Risk
1313,2025-08-27,2023-10-31,3,15842.93,127,3,3,3,333,Loyal
1314,2025-12-25,2023-02-28,53,391813.07,7,5,5,5,555,High Value
1315,2023-08-10,2023-06-25,2,7752.35,875,1,2,2,122,Hibernating
1316,2024-12-10,2023-04-03,8,50598.16,387,2,4,4,244,At Risk
1317,2025-05-14,2023-06-17,13,149549.36,232,3,5,5,355,High Value
1318,2023-04-20,2023-04-20,1,6658.15,987,1,1,2,112,Hibernating
1319,2024-10-09,2023-03-11,4,21935.66,449,2,3,3,233,At Risk
1320,2024-05-30,2023-03-10,3,41680.22,581,1,3,4,134,At Risk
1322,2023-09-06,2023-04-19,3,9130.85,848,1,3,2,132,At Risk
1323,2023-07-10,2023-07-10,1,769.0,906,1,1,1,111,Hibernating
1324,2025-06-04,2023-04-02,5,34646.12,211,3,4,4,344,High Value
1325,2025-01-25,2023-04-07,6,19197.31,341,2,4,3,243,At Risk
1326,2023-11-06,2023-08-21,2,2595.5,787,1,2,1,121,Hibernating
1327,2023-05-17,2023-05-17,1,2091.7,960,1,1,1,111,Hibernating
1328,2023-08-10,2023-08-02,2,13943.15,875,1,2,3,123,Hibernating
1329,2023-09-19,2023-05-22,2,19334.55,835,1,2,3,123,Hibernating
1330,2023-09-09,2023-03-10,19,105062.35,845,1,5,5,155,At Risk
1331,2025-11-18,2023-05-03,5,27244.32,44,4,4,3,443,Loyal
1332,2024-01-26,2023-03-14,16,94812.38,706,1,5,5,155,At Risk
1333,2023-06-16,2023-03-08,21,100577.4,930,1,5,5,155,At Risk
1334,2023-11-03,2023-03-19,8,61711.95,790,1,4,5,145,At Risk
1335,2023-03-21,2023-03-11,2,13641.6,1017,1,2,2,122,Hibernating
1336,2024-03-28,2023-03-29,4,37941.55,644,1,3,4,134,At Risk
1337,2024-12-08,2023-03-01,121,798091.91,389,2,5,5,255,At Risk
1338,2024-08-15,2023-04-10,9,39517.87,504,2,5,4,254,At Risk
1339,2024-10-01,2023-08-03,5,16955.84,457,2,4,3,243,At Risk
1340,2025-09-22,2023-03-02,25,183999.65,101,3,5,5,355,High Value
1341,2024-02-04,2023-05-24,3,7618.34,697,1,3,2,132,At Risk
1342,2023-07-06,2023-04-24,2,13265.95,910,1,2,2,122,Hibernating
1343,2023-12-04,2023-03-22,8,62815.75,759,1,4,5,145,At Risk
1344,2023-03-13,2023-03-13,1,3422.65,1025,1,1,1,111,Hibernating
1345,2023-10-18,2023-10-18,1,915.3,806,1,1,1,111,Hibernating
1346,2024-10-03,2023-05-10,10,24212.53,455,2,5,3,253,At Risk
1348,2023-04-04,2023-03-05,2,3324.3,1003,1,2,1,121,Hibernating
1349,2023-06-22,2023-04-16,5,40314.95,924,1,4,4,144,At Risk
1350,2023-09-23,2023-03-04,11,94711.9,831,1,5,5,155,At Risk
1351,2025-12-26,2023-03-01,76,501731.44,6,5,5,5,555,High Value
1352,2024-01-24,2023-06-26,2,4790.3,708,1,2,2,122,Hibernating
1353,2023-11-29,2023-11-29,1,2582.1,764,1,1,1,111,Hibernating
1354,2023-11-08,2023-04-30,6,23595.45,785,1,4,3,143,At Risk
1355,2025-11-17,2023-08-16,8,47643.22,45,4,4,4,444,High Value
1356,2025-12-08,2023-03-03,32,173626.1,24,5,5,5,555,High Value
1358,2023-12-25,2023-04-04,2,13328.25,738,1,2,2,122,Hibernating
1359,2024-06-01,2023-04-08,3,27094.96,579,1,3,3,133,At Risk
1360,2025-12-20,2023-03-08,45,266978.67,12,5,5,5,555,High Value
1361,2025-02-08,2024-04-24,5,81795.06,327,2,4,5,245,At Risk
1362,2024-03-10,2023-06-23,3,13913.53,662,1,3,3,133,At Risk
1364,2023-11-07,2023-05-11,3,7241.7,786,1,3,2,132,At Risk
1365,2024-08-15,2023-03-01,16,80687.44,504,2,5,5,255,At Risk
1366,2024-02-01,2023-04-24,5,64326.19,700,1,4,5,145,At Risk
1367,2023-09-15,2023-03-08,13,93371.9,839,1,5,5,155,At Risk
1368,2025-11-28,2023-03-03,7,93662.19,34,5,4,5,545,High Value
1369,2024-12-14,2023-04-02,7,30300.57,383,2,4,4,244,At Risk
1370,2025-08-28,2023-04-01,12,44502.44,126,3,5,4,354,High Value
1371,2023-08-17,2023-03-07,4,25848.25,868,1,3,3,133,At Risk
1372,2023-06-18,2023-03-05,18,99818.35,928,1,5,5,155,At Risk
1373,2023-04-10,2023-04-10,1,988.2,997,1,1,1,111,Hibernating
1374,2023-06-03,2023-06-03,1,4488.5,943,1,1,2,112,Hibernating
1376,2025-11-28,2023-03-02,22,253328.55,34,5,5,5,555,High Value
1377,2024-03-18,2023-03-02,27,174876.04,654,1,5,5,155,At Risk
1378,2023-06-23,2023-03-31,5,9666.5,923,1,4,2,142,At Risk
1379,2024-11-26,2023-03-16,25,115435.11,401,2,5,5,255,At Risk
1380,2023-06-13,2023-04-15,2,10293.3,933,1,2,2,122,Hibernating
1381,2024-08-23,2023-03-14,16,85851.49,496,2,5,5,255,At Risk
1382,2023-05-11,2023-04-09,3,11529.7,966,1,3,2,132,At Risk
1383,2025-12-02,2023-03-04,54,314111.0,30,5,5,5,555,High Value
1384,2023-05-31,2023-03-11,2,41508.1,946,1,2,4,124,At Risk
1385,2025-01-11,2023-05-29,14,125102.03,355,2,5,5,255,At Risk
1386,2023-07-07,2023-04-24,3,20635.7,909,1,3,3,133,At Risk
1387,2025-03-03,2023-05-09,28,169547.73,304,2,5,5,255,At Risk
1388,2025-12-06,2023-08-19,4,51105.82,26,5,3,4,534,Loyal
1389,2023-11-03,2023-03-06,2,29152.8,790,1,2,3,123,Hibernating
1390,2025-03-16,2023-05-30,7,81541.96,291,2,4,5,245,At Risk
1392,2023-04-10,2023-03-26,2,11076.1,997,1,2,2,122,Hibernating
1393,2025-07-22,2023-03-25,4,14180.13,163,3,3,3,333,Loyal
1394,2024-03-14,2023-05-15,5,37736.71,658,1,4,4,144,At Risk
1395,2025-08-11,2023-06-19,4,9707.59,143,3,3,2,332,Loyal
1396,2024-02-12,2023-03-06,6,27093.95,689,1,4,3,143,At Risk
1397,2023-05-17,2023-05-05,2,1571.4,960,1,2,1,121,Hibernating
1398,2025-11-14,2023-03-31,61,470838.62,48,4,5,5,455,High Value
1399,2024-01-23,2023-03-29,3,9553.36,709,1,3,2,132,At Risk
1400,2023-12-17,2023-05-20,4,43029.25,746,1,3,4,134,At Risk
1401,2024-06-08,2023-04-08,21,195080.32,572,1,5,5,155,At Risk
1402,2025-03-17,2023-04-25,16,46142.57,290,2,5,4,254,At Risk
1403,2023-06-17,2023-06-17,1,1429.05,929,1,1,1,111,Hibernating
1404,2023-12-25,2023-06-25,2,6861.9,738,1,2,2,122,Hibernating
1405,2023-10-28,2023-03-30,6,26657.05,796,1,4,3,143,At Risk
1406,2024-10-14,2023-05-19,7,53751.03,444,2,4,4,244,At Risk
1407,2023-05-20,2023-03-11,7,42484.0,957,1,4,4,144,At Risk
1408,2024-03-07,2023-10-12,2,4105.0,665,1,2,1,121,Hibernating
1409,2023-06-20,2023-06-20,1,13118.0,926,1,1,2,112,Hibernating
1411,2023-10-28,2023-03-15,17,111358.6,796,1,5,5,155,At Risk
1412,2023-09-26,2023-03-10,20,149722.15,828,1,5,5,155,At Risk
1413,2025-03-26,2023-03-15,23,208704.33,281,2,5,5,255,At Risk
1414,2024-11-28,2024-11-28,1,1429.43,399,2,1,1,211,Occasional
1415,2024-03-11,2023-07-12,8,45958.89,661,1,4,4,144,At Risk
1416,2024-10-30,2023-06-02,2,1905.83,428,2,2,1,221,Occasional
1417,2025-07-22,2023-03-08,6,37112.03,163,3,4,4,344,High Value
1418,2025-12-13,2023-05-31,41,399171.15,19,5,5,5,555,High Value
1419,2023-07-14,2023-03-18,10,36830.5,902,1,5,4,154,At Risk
1420,2024-07-13,2023-06-29,3,40948.78,537,1,3,4,134,At Risk
1421,2023-10-26,2023-04-02,11,63115.1,798,1,5,5,155,At Risk
1422,2025-02-22,2024-03-07,2,44304.54,313,2,2,4,224,At Risk
1423,2025-08-24,2023-04-18,12,76651.42,130,3,5,5,355,High Value
1425,2023-10-01,2023-05-11,4,16376.4,823,1,3,3,133,At Risk
1427,2024-06-01,2023-05-10,6,18960.38,579,1,4,3,143,At Risk
1429,2025-02-25,2023-03-10,129,1139648.7,310,2,5,5,255,At Risk
1430,2023-03-11,2023-03-11,1,17840.3,1027,1,1,3,113,Hibernating
1431,2025-02-18,2023-04-02,6,81803.33,317,2,4,5,245,At Risk
1432,2024-03-12,2023-04-15,4,13648.52,660,1,3,2,132,At Risk
1433,2023-06-11,2023-06-11,1,1168.2,935,1,1,1,111,Hibernating
1434,2023-09-24,2023-03-11,3,31495.7,830,1,3,4,134,At Risk
1436,2023-06-29,2023-04-11,5,49518.05,917,1,4,4,144,At Risk
1438,2025-12-16,2023-08-09,5,51506.53,16,5,4,4,544,High Value
1440,2024-08-12,2023-04-02,7,46629.54,507,2,4,4,244,At Risk
1441,2023-07-23,2023-03-30,8,60392.4,893,1,4,4,144,At Risk
1442,2025-12-20,2023-04-02,18,157795.21,12,5,5,5,555,High Value
1443,2024-12-03,2023-03-28,6,16519.63,394,2,4,3,243,At Risk
1444,2024-03-28,2023-04-30,3,62972.96,644,1,3,5,135,At Risk
1446,2024-07-13,2023-08-12,4,70115.81,537,1,3,5,135,At Risk
1448,2023-06-25,2023-06-25,1,33191.1,921,1,1,4,114,At Risk
1449,2024-12-28,2023-05-19,10,82918.95,369,2,5,5,255,At Risk
1450,2025-12-21,2023-05-23,32,231502.3,11,5,5,5,555,High Value
1451,2025-02-12,2023-03-30,8,42701.01,323,2,4,4,244,At Risk
1452,2024-11-17,2023-07-03,5,27484.81,410,2,4,3,243,At Risk
1453,2023-10-18,2023-04-02,3,21248.2,806,1,3,3,133,At Risk
1454,2024-11-22,2023-04-23,16,77735.76,405,2,5,5,255,At Risk
1455,2023-04-29,2023-04-29,1,3383.65,978,1,1,1,111,Hibernating
1456,2023-08-05,2023-04-30,3,48313.1,880,1,3,4,134,At Risk
1457,2024-03-10,2023-03-23,16,54209.97,662,1,5,4,154,At Risk
1458,2025-11-05,2023-05-18,10,38072.23,57,4,5,4,454,High Value
1459,2025-08-19,2023-05-10,6,40155.11,135,3,4,4,344,High Value
1460,2025-12-19,2023-04-12,10,117977.0,13,5,5,5,555,High Value
1461,2023-12-08,2023-04-08,2,11328.85,755,1,2,2,122,Hibernating
1462,2023-12-03,2023-06-18,4,3648.6,760,1,3,1,131,At Risk
1464,2023-04-10,2023-04-10,1,10283.15,997,1,1,2,112,Hibernating
1465,2023-03-28,2023-03-28,1,1785.0,1010,1,1,1,111,Hibernating
1466,2023-08-24,2023-03-30,20,146162.0,861,1,5,5,155,At Risk
1467,2024-07-31,2023-05-01,3,6555.85,519,2,3,2,232,At Risk
1469,2025-01-16,2023-08-05,8,53534.02,350,2,4,4,244,At Risk
1471,2025-10-04,2023-03-27,18,130371.8,89,4,5,5,455,High Value
1472,2025-11-12,2023-04-14,23,221531.46,50,4,5,5,455,High Value
1473,2023-09-26,2023-09-16,2,13386.25,828,1,2,2,122,Hibernating
1474,2023-06-02,2023-03-22,4,123487.4,944,1,3,5,135,At Risk
1475,2025-09-12,2023-04-03,13,132769.76,111,3,5,5,355,High Value
1476,2023-11-03,2023-11-03,1,1270.9,790,1,1,1,111,Hibernating
1477,2023-08-25,2023-04-15,2,26440.3,860,1,2,3,123,Hibernating
1478,2025-11-16,2023-03-22,34,265155.59,46,4,5,5,455,High Value
1479,2023-05-17,2023-05-17,1,10744.1,960,1,1,2,112,Hibernating
1480,2023-04-15,2023-04-15,1,18409.95,992,1,1,3,113,Hibernating
1481,2024-01-07,2023-08-20,3,10326.34,725,1,3,2,132,At Risk
1482,2023-12-30,2023-12-30,1,3284.2,733,1,1,1,111,Hibernating
1483,2025-01-16,2023-07-18,5,25333.21,350,2,4,3,243,At Risk
1484,2023-12-23,2023-03-22,7,22869.45,740,1,4,3,143,At Risk
1485,2024-11-09,2023-03-30,7,94928.88,418,2,4,5,245,At Risk
1486,2024-06-08,2023-03-30,46,343790.34,572,1,5,5,155,At Risk
1487,2023-05-01,2023-04-01,4,28418.35,976,1,3,3,133,At Risk
1488,2025-08-11,2023-12-23,5,234174.34,143,3,4,5,345,High Value
1489,2025-10-10,2023-03-29,10,73452.08,83,4,5,5,455,High Value
1490,2023-05-12,2023-05-12,1,1215.1,965,1,1,1,111,Hibernating
1491,2024-11-19,2023-08-15,3,13855.73,408,2,3,2,232,At Risk
1492,2024-06-27,2023-05-14,6,22789.5,553,1,4,3,143,At Risk
1493,2023-05-16,2023-03-19,5,14310.55,961,1,4,3,143,At Risk
1494,2025-11-01,2023-03-19,14,79822.88,61,4,5,5,455,High Value
1495,2023-08-25,2023-08-25,1,511.1,860,1,1,1,111,Hibernating
1496,2024-12-04,2024-07-07,3,13941.82,393,2,3,3,233,At Risk
1499,2023-09-17,2023-03-20,4,24333.2,837,1,3,3,133,At Risk
1500,2025-11-18,2023-04-27,13,60597.74,44,4,5,4,454,High Value
1501,2025-04-09,2023-04-17,22,117344.91,267,3,5,5,355,High Value
1502,2023-04-15,2023-04-15,1,3829.0,992,1,1,1,111,Hibernating
1503,2023-07-27,2023-04-26,3,7362.9,889,1,3,2,132,At Risk
1504,2025-12-18,2023-05-02,37,171379.29,14,5,5,5,555,High Value
1505,2023-11-02,2023-06-08,5,15969.9,791,1,4,3,143,At Risk
1506,2023-07-27,2023-04-12,8,27768.3,889,1,4,3,143,At Risk
1507,2023-07-25,2023-05-16,2,15911.7,891,1,2,3,123,Hibernating
1508,2023-11-26,2023-04-04,24,86353.85,767,1,5,5,155,At Risk
1509,2025-03-22,2023-04-09,4,32522.08,285,2,3,4,234,At Risk
1510,2023-12-24,2023-03-24,4,19906.75,739,1,3,3,133,At Risk
1511,2025-09-22,2023-03-26,50,372924.42,101,3,5,5,355,High Value
1512,2023-09-11,2023-03-24,3,19412.4,843,1,3,3,133,At Risk
1513,2023-10-16,2023-10-16,1,13937.85,808,1,1,3,113,Hibernating
1514,2025-04-13,2023-05-07,10,55656.57,263,3,5,4,354,High Value
1515,2025-06-29,2023-05-03,17,126592.64,186,3,5,5,355,High Value
1516,2024-08-23,2023-04-22,3,43702.62,496,2,3,4,234,At Risk
1517,2025-11-26,2023-05-24,3,56749.01,36,5,3,4,534,Loyal
1518,2025-09-06,2023-07-29,11,48608.03,117,3,5,4,354,High Value
1519,2025-12-01,2023-05-09,6,71280.39,31,5,4,5,545,High Value
1520,2024-03-19,2023-06-29,3,13865.02,653,1,3,2,132,At Risk
1521,2025-01-02,2023-05-14,6,25909.89,364,2,4,3,243,At Risk
1522,2025-07-13,2023-04-03,11,33664.5,172,3,5,4,354,High Value
1523,2023-05-28,2023-05-28,1,1385.1,949,1,1,1,111,Hibernating
1524,2024-01-14,2023-08-10,3,2882.77,718,1,3,1,131,At Risk
1525,2025-08-16,2023-04-21,4,23653.01,138,3,3,3,333,Loyal
1526,2025-10-19,2023-03-28,21,203862.61,74,4,5,5,455,High Value
1528,2023-10-20,2023-10-20,1,2703.6,804,1,1,1,111,Hibernating
1529,2024-06-01,2023-08-16,6,15056.85,579,1,4,3,143,At Risk
1530,2025-02-04,2023-04-12,9,55189.37,331,2,5,4,254,At Risk
1533,2024-10-05,2023-07-09,3,4243.15,453,2,3,1,231,At Risk
1534,2024-02-21,2023-08-13,3,44255.91,680,1,3,4,134,At Risk
1535,2025-12-30,2023-03-24,49,264394.89,2,5,5,5,555,High Value
1536,2025-01-29,2023-04-08,11,36873.05,337,2,5,4,254,At Risk
1537,2023-11-02,2023-07-10,8,65664.6,791,1,4,5,145,At Risk
1538,2024-08-08,2023-04-06,17,79861.48,511,2,5,5,255,At Risk
1539,2024-02-19,2023-03-29,15,201768.77,682,1,5,5,155,At Risk
1540,2024-07-04,2023-04-08,3,5282.3,546,1,3,2,132,At Risk
1542,2025-12-25,2023-03-27,56,490251.59,7,5,5,5,555,High Value
1543,2025-10-05,2023-06-19,7,72756.66,88,4,4,5,445,High Value
1544,2024-02-02,2023-08-24,5,75742.89,699,1,4,5,145,At Risk
1545,2023-04-17,2023-04-17,1,2187.0,990,1,1,1,111,Hibernating
1546,2023-11-15,2023-04-17,4,39517.0,778,1,3,4,134,At Risk
1550,2025-01-27,2023-12-16,4,25245.71,339,2,3,3,233,At Risk
1551,2023-08-16,2023-04-18,4,9560.0,869,1,3,2,132,At Risk
1552,2025-05-24,2023-04-06,16,213669.48,222,3,5,5,355,High Value
1553,2025-12-10,2023-04-13,10,109825.92,22,5,5,5,555,High Value
1554,2023-09-01,2023-04-13,5,8637.8,853,1,4,2,142,At Risk
1555,2024-04-13,2023-04-08,32,229095.81,628,1,5,5,155,At Risk
1556,2023-04-30,2023-04-30,1,2082.05,977,1,1,1,111,Hibernating
1557,2023-10-10,2023-04-01,7,22942.35,814,1,4,3,143,At Risk
1558,2025-05-14,2023-05-26,11,50479.21,232,3,5,4,354,High Value
1559,2025-12-15,2023-06-26,12,91469.68,17,5,5,5,555,High Value
1560,2023-08-24,2023-08-24,1,7758.65,861,1,1,2,112,Hibernating
1561,2024-03-08,2023-07-16,6,27134.74,664,1,4,3,143,At Risk
1562,2024-07-17,2023-12-20,4,16416.73,533,2,3,3,233,At Risk
1563,2024-09-03,2023-07-27,6,58670.57,485,2,4,4,244,At Risk
1564,2024-01-12,2023-10-03,2,23832.81,720,1,2,3,123,Hibernating
1565,2025-02-24,2023-03-31,10,15551.89,311,2,5,3,253,At Risk
1566,2023-11-16,2023-05-06,6,30684.75,777,1,4,4,144,At Risk
1567,2024-02-05,2023-06-22,3,51574.39,696,1,3,4,134,At Risk
1568,2023-10-28,2023-05-04,7,65427.15,796,1,4,5,145,At Risk
1569,2024-08-09,2023-11-16,4,28228.31,510,2,3,3,233,At Risk
1570,2024-09-25,2024-09-25,1,2775.76,463,2,1,1,211,Occasional
1571,2023-12-31,2023-04-03,17,118148.9,732,1,5,5,155,At Risk
1572,2023-08-18,2023-03-31,5,51314.45,867,1,4,4,144,At Risk
1573,2024-11-06,2023-05-10,13,105591.17,421,2,5,5,255,At Risk
1574,2025-07-27,2023-06-18,3,5498.01,158,3,3,2,332,Loyal
1575,2025-01-26,2023-11-10,2,9802.74,340,2,2,2,222,Occasional
1576,2023-04-30,2023-04-01,2,3431.9,977,1,2,1,121,Hibernating
1577,2025-01-08,2023-11-19,5,27468.53,358,2,4,3,243,At Risk
1578,2025-08-28,2023-05-25,14,113642.39,126,3,5,5,355,High Value
1579,2024-11-03,2023-03-30,3,28670.77,424,2,3,3,233,At Risk
1580,2023-06-02,2023-04-11,3,21762.3,944,1,3,3,133,At Risk
1582,2023-07-03,2023-04-02,6,39783.4,913,1,4,4,144,At Risk
1583,2025-10-23,2023-08-01,8,79616.33,70,4,4,5,445,High Value
1584,2023-09-04,2023-03-31,6,16734.3,850,1,4,3,143,At Risk
1585,2025-09-24,2025-09-24,1,30399.67,99,3,1,4,314,Occasional
1587,2025-03-13,2023-11-22,5,63096.07,294,2,4,5,245,At Risk
1588,2025-11-19,2023-04-18,21,177430.41,43,4,5,5,455,High Value
1589,2025-04-17,2023-11-07,5,52732.08,259,3,4,4,344,High Value
1591,2024-12-18,2023-05-05,6,70698.79,379,2,4,5,245,At Risk
1592,2024-10-31,2023-04-09,18,111510.44,427,2,5,5,255,At Risk
1593,2023-05-17,2023-05-17,1,5058.25,960,1,1,2,112,Hibernating
1594,2024-03-17,2023-07-29,5,29950.76,655,1,4,4,144,At Risk
1595,2025-11-29,2023-04-01,30,235667.21,33,5,5,5,555,High Value
1596,2023-11-10,2023-10-10,2,33581.25,783,1,2,4,124,At Risk
1597,2025-01-08,2023-06-03,9,59871.96,358,2,5,4,254,At Risk
1598,2023-07-16,2023-07-16,1,1455.3,900,1,1,1,111,Hibernating
1599,2025-02-22,2023-04-15,10,72701.05,313,2,5,5,255,At Risk
1600,2023-12-25,2023-04-12,4,15058.4,738,1,3,3,133,At Risk
1601,2024-11-30,2023-08-20,8,14483.81,397,2,4,3,243,At Risk
1602,2023-12-26,2023-12-26,1,17846.1,737,1,1,3,113,Hibernating
1603,2024-03-05,2023-06-03,15,75407.63,667,1,5,5,155,At Risk
1604,2024-08-03,2023-06-14,4,7149.59,516,2,3,2,232,At Risk
1605,2024-02-01,2023-07-13,2,16073.94,700,1,2,3,123,Hibernating
1606,2025-09-19,2023-04-18,13,82115.46,104,3,5,5,355,High Value
1609,2023-11-18,2023-11-18,1,2002.95,775,1,1,1,111,Hibernating
1610,2025-12-30,2023-04-09,55,371172.76,2,5,5,5,555,High Value
1611,2025-09-12,2023-04-29,7,20164.59,111,3,4,3,343,Loyal
1612,2025-11-19,2023-04-25,25,149252.81,43,4,5,5,455,High Value
1613,2023-06-24,2023-04-11,8,75439.95,922,1,4,5,145,At Risk
1615,2023-12-05,2023-04-16,4,12614.25,758,1,3,2,132,At Risk
1616,2025-09-18,2023-06-21,8,61568.37,105,3,4,4,344,High Value
1617,2025-12-28,2023-04-05,6,88258.34,4,5,4,5,545,High Value
1618,2023-08-18,2023-04-16,3,4572.2,867,1,3,2,132,At Risk
1619,2024-11-07,2023-04-09,21,175404.45,420,2,5,5,255,At Risk
1620,2025-04-12,2023-05-15,16,53556.36,264,3,5,4,354,High Value
1621,2024-11-02,2023-04-04,34,289105.51,425,2,5,5,255,At Risk
1622,2024-07-14,2023-04-05,5,25641.81,536,1,4,3,143,At Risk
1623,2025-01-29,2023-07-27,5,56175.11,337,2,4,4,244,At Risk
1624,2024-02-15,2023-04-21,19,81737.99,686,1,5,5,155,At Risk
1625,2024-02-21,2023-07-17,2,14527.4,680,1,2,3,123,Hibernating
1626,2024-10-21,2023-08-08,10,75767.89,437,2,5,5,255,At Risk
1627,2023-05-02,2023-05-02,1,6658.65,975,1,1,2,112,Hibernating
1628,2023-06-30,2023-05-05,2,18894.15,916,1,2,3,123,Hibernating
1629,2023-07-04,2023-07-04,1,806.65,912,1,1,1,111,Hibernating
1630,2024-03-04,2023-06-16,6,15889.27,668,1,4,3,143,At Risk
1631,2023-05-04,2023-05-04,1,16595.55,973,1,1,3,113,Hibernating
1633,2023-12-16,2023-04-10,3,34359.45,747,1,3,4,134,At Risk
1634,2023-06-17,2023-06-17,1,13118.2,929,1,1,2,112,Hibernating
1635,2023-05-12,2023-05-12,1,15529.0,965,1,1,3,113,Hibernating
1636,2025-04-24,2023-04-14,18,90209.49,252,3,5,5,355,High Value
1637,2025-09-20,2023-09-23,12,107615.8,103,3,5,5,355,High Value
1638,2023-11-16,2023-05-20,3,22685.3,777,1,3,3,133,At Risk
1639,2023-06-09,2023-06-09,1,350.55,937,1,1,1,111,Hibernating
1640,2024-08-25,2023-06-30,5,18483.62,494,2,4,3,243,At Risk
1641,2025-10-25,2023-04-21,7,88636.02,68,4,4,5,445,High Value
1642,2025-08-18,2023-07-14,5,14274.87,136,3,4,3,343,Loyal
1643,2025-10-16,2023-06-04,22,156401.93,77,4,5,5,455,High Value
1644,2023-05-05,2023-05-05,1,1638.65,972,1,1,1,111,Hibernating
1645,2023-10-11,2023-05-06,12,109486.3,813,1,5,5,155,At Risk
1647,2024-12-02,2024-12-02,1,1267.29,395,2,1,1,211,Occasional
1648,2025-06-29,2025-06-29,1,2491.85,186,3,1,1,311,Occasional
1649,2025-08-01,2023-04-14,37,400437.76,153,3,5,5,355,High Value
1650,2025-04-28,2023-06-27,5,36520.57,248,3,4,4,344,High Value
1651,2025-09-11,2023-04-30,15,152284.84,112,3,5,5,355,High Value
1652,2025-01-10,2025-01-10,1,17281.86,356,2,1,3,213,Occasional
1654,2023-12-01,2023-04-09,3,9399.75,762,1,3,2,132,At Risk
1655,2024-12-15,2023-05-30,17,101545.46,382,2,5,5,255,At Risk
1656,2023-07-16,2023-05-21,2,2148.75,900,1,2,1,121,Hibernating
1657,2023-08-10,2023-08-10,1,3444.6,875,1,1,1,111,Hibernating
1658,2023-07-04,2023-07-04,1,279.2,912,1,1,1,111,Hibernating
1659,2025-10-18,2023-05-02,21,107863.13,75,4,5,5,455,High Value
1660,2024-05-26,2023-07-04,5,8765.19,585,1,4,2,142,At Risk
1661,2025-05-06,2023-06-07,6,48195.75,240,3,4,4,344,High Value
1662,2025-07-07,2023-04-19,18,120128.0,178,3,5,5,355,High Value
1663,2025-12-23,2023-04-13,98,686653.8,9,5,5,5,555,High Value
1665,2024-01-01,2023-04-13,11,84349.19,731,1,5,5,155,At Risk
1666,2023-08-15,2023-07-19,2,27904.65,870,1,2,3,123,Hibernating
1667,2024-06-12,2023-04-14,43,268164.65,568,1,5,5,155,At Risk
1668,2025-02-13,2023-06-01,13,99306.35,322,2,5,5,255,At Risk
1669,2024-07-07,2023-08-29,4,10466.45,543,1,3,2,132,At Risk
1670,2025-11-16,2023-06-05,28,136728.36,46,4,5,5,455,High Value
1671,2024-05-10,2023-05-28,5,12058.53,601,1,4,2,142,At Risk
1672,2024-04-10,2023-04-18,4,17791.8,631,1,3,3,133,At Risk
1673,2024-04-05,2023-05-06,13,76253.84,636,1,5,5,155,At Risk
1674,2025-05-15,2023-05-15,7,35134.5,231,3,4,4,344,High Value
1675,2023-05-25,2023-05-25,1,9115.2,952,1,1,2,112,Hibernating
1676,2024-03-16,2023-09-09,3,60418.97,656,1,3,4,134,At Risk
1677,2023-11-29,2023-08-10,2,12213.8,764,1,2,2,122,Hibernating
1678,2024-08-11,2023-07-23,2,3610.39,508,2,2,1,221,Occasional
1679,2024-07-11,2023-06-13,13,135365.85,539,1,5,5,155,At Risk
1680,2025-04-21,2023-11-17,5,47489.5,255,3,4,4,344,High Value
1681,2025-09-27,2023-04-13,5,51452.08,96,4,4,4,444,High Value
1682,2025-10-25,2023-05-17,5,29901.97,68,4,4,4,444,High Value
1683,2023-05-02,2023-05-02,1,170.1,975,1,1,1,111,Hibernating
1684,2023-09-09,2023-06-04,2,18483.8,845,1,2,3,123,Hibernating
1685,2023-12-24,2023-09-08,3,19674.55,739,1,3,3,133,At Risk
1686,2023-12-29,2023-04-16,6,48305.05,734,1,4,4,144,At Risk
1687,2023-04-17,2023-04-17,1,2399.7,990,1,1,1,111,Hibernating
1688,2024-02-25,2023-06-22,7,60176.91,676,1,4,4,144,At Risk
1689,2025-12-24,2023-05-09,6,25421.45,8,5,4,3,543,Loyal
1690,2024-05-06,2023-08-25,9,30308.1,605,1,5,4,154,At Risk
1691,2024-03-31,2023-07-08,4,23693.38,641,1,3,3,133,At Risk
1692,2023-12-03,2023-12-03,1,296.1,760,1,1,1,111,Hibernating
1693,2025-06-04,2023-10-08,9,72925.97,211,3,5,5,355,High Value
1694,2023-06-25,2023-04-19,4,37067.2,921,1,3,4,134,At Risk
1695,2023-06-10,2023-05-29,2,9109.75,936,1,2,2,122,Hibernating
1696,2023-06-07,2023-05-23,3,21458.45,939,1,3,3,133,At Risk
1697,2025-07-21,2023-04-25,34,232065.79,164,3,5,5,355,High Value
1698,2023-11-10,2023-09-01,4,29586.5,783,1,3,4,134,At Risk
1700,2023-10-18,2023-07-07,3,13769.25,806,1,3,2,132,At Risk
1701,2023-05-27,2023-05-27,1,3731.25,950,1,1,1,111,Hibernating
1702,2024-06-27,2023-04-29,3,7441.33,553,1,3,2,132,At Risk
1704,2025-12-10,2023-04-23,36,218747.11,22,5,5,5,555,High Value
1705,2025-11-15,2023-11-09,3,21362.55,47,4,3,3,433,Loyal
1706,2023-09-30,2023-06-10,3,64119.9,824,1,3,5,135,At Risk
1708,2025-11-26,2023-04-16,59,292651.16,36,5,5,5,555,High Value
1709,2023-07-08,2023-04-25,2,13067.85,908,1,2,2,122,Hibernating
1710,2024-04-03,2023-07-10,6,12716.7,638,1,4,2,142,At Risk
1711,2025-12-30,2023-04-28,16,73597.84,2,5,5,5,555,High Value
1712,2025-12-22,2023-05-19,42,312342.4,10,5,5,5,555,High Value
1714,2024-12-14,2023-05-07,22,152462.43,383,2,5,5,255,At Risk
1717,2023-10-04,2023-04-19,17,140962.5,820,1,5,5,155,At Risk
1718,2025-07-30,2023-07-22,6,23008.74,155,3,4,3,343,Loyal
1719,2023-09-01,2023-06-22,2,11352.95,853,1,2,2,122,Hibernating
1720,2025-12-20,2023-04-21,60,507602.27,12,5,5,5,555,High Value
1721,2024-05-28,2023-05-14,8,53378.27,583,1,4,4,144,At Risk
1722,2023-12-16,2023-06-20,3,2590.4,747,1,3,1,131,At Risk
1723,2025-09-27,2023-05-04,14,34406.62,96,4,5,4,454,High Value
1724,2025-05-09,2025-05-09,1,26141.78,237,3,1,3,313,Occasional
1725,2024-12-22,2023-04-29,4,7388.32,375,2,3,2,232,At Risk
1726,2023-08-16,2023-08-16,1,611.1,869,1,1,1,111,Hibernating
1727,2025-02-19,2023-10-06,6,38535.51,316,2,4,4,244,At Risk
1728,2023-11-16,2023-05-01,5,16986.5,777,1,4,3,143,At Risk
1729,2024-09-01,2023-12-06,4,43156.01,487,2,3,4,234,At Risk
1730,2025-09-26,2023-06-06,13,62336.43,97,3,5,5,355,High Value
1731,2023-11-03,2023-11-03,1,3928.05,790,1,1,1,111,Hibernating
1732,2024-04-04,2023-10-03,2,10153.05,637,1,2,2,122,Hibernating
1734,2025-04-15,2023-09-16,10,76646.92,261,3,5,5,355,High Value
1735,2023-12-09,2023-10-29,2,41323.15,754,1,2,4,124,At Risk
1736,2023-11-28,2023-08-04,4,5559.45,765,1,3,2,132,At Risk
1737,2025-12-05,2023-07-01,9,52939.61,27,5,5,4,554,High Value
1738,2025-11-30,2023-06-21,10,45966.73,32,5,5,4,554,High Value
1739,2024-05-07,2024-05-07,1,2123.89,604,1,1,1,111,Hibernating
1740,2024-09-14,2023-06-04,3,25567.65,474,2,3,3,233,At Risk
1741,2025-02-24,2023-06-09,10,74156.61,311,2,5,5,255,At Risk
1743,2023-09-22,2023-09-22,1,6925.4,832,1,1,2,112,Hibernating
1744,2023-07-05,2023-07-05,1,15483.6,911,1,1,3,113,Hibernating
1745,2024-06-16,2023-04-26,4,13974.9,564,1,3,3,133,At Risk
1746,2023-08-14,2023-06-20,2,18347.3,871,1,2,3,123,Hibernating
1747,2023-05-24,2023-05-08,2,8672.6,953,1,2,2,122,Hibernating
1749,2025-10-31,2023-09-30,19,124333.79,62,4,5,5,455,High Value
1750,2024-07-28,2024-07-28,1,1982.45,522,2,1,1,211,Occasional
1751,2024-10-15,2023-04-28,10,46118.01,443,2,5,4,254,At Risk
1753,2025-08-18,2023-06-06,3,19147.84,136,3,3,3,333,Loyal
1754,2023-07-12,2023-05-04,4,16031.75,904,1,3,3,133,At Risk
1755,2024-02-24,2024-02-24,1,5239.67,677,1,1,2,112,Hibernating
1757,2025-03-06,2023-06-26,4,40155.68,301,2,3,4,234,At Risk
1758,2023-09-03,2023-04-27,8,67308.25,851,1,4,5,145,At Risk
1760,2023-07-08,2023-05-31,2,16131.75,908,1,2,3,123,Hibernating
1761,2024-09-15,2023-05-26,18,145712.03,473,2,5,5,255,At Risk
1762,2024-09-12,2024-09-12,1,1697.38,476,2,1,1,211,Occasional
1763,2023-10-07,2023-08-17,2,4623.8,817,1,2,2,122,Hibernating
1764,2023-07-14,2023-06-30,2,25017.55,902,1,2,3,123,Hibernating
1765,2025-12-27,2023-05-31,24,86470.93,5,5,5,5,555,High Value
1766,2025-04-27,2023-05-06,46,458584.56,249,3,5,5,355,High Value
1768,2025-11-18,2023-05-02,16,68331.4,44,4,5,5,455,High Value
1769,2025-03-02,2023-05-11,7,36538.27,305,2,4,4,244,At Risk
1770,2023-07-30,2023-07-30,1,1394.1,886,1,1,1,111,Hibernating
1771,2025-10-19,2023-05-30,20,105958.05,74,4,5,5,455,High Value
1772,2024-06-26,2023-05-01,6,15299.55,554,1,4,3,143,At Risk
1774,2024-11-22,2023-05-24,3,14455.07,405,2,3,3,233,At Risk
1775,2025-01-02,2023-05-06,47,338321.08,364,2,5,5,255,At Risk
1776,2025-12-19,2023-07-01,4,15913.65,13,5,3,3,533,Loyal
1777,2023-06-30,2023-05-25,2,2784.65,916,1,2,1,121,Hibernating
1778,2025-12-19,2023-04-29,50,373729.86,13,5,5,5,555,High Value
1779,2023-08-04,2023-05-12,3,35867.85,881,1,3,4,134,At Risk
1780,2025-12-15,2023-04-26,26,256005.56,17,5,5,5,555,High Value
1781,2025-02-06,2025-02-06,1,1960.51,329,2,1,1,211,Occasional
1782,2025-05-23,2023-05-01,22,211615.32,223,3,5,5,355,High Value
1783,2024-09-20,2023-05-16,7,70368.79,468,2,4,5,245,At Risk
1784,2023-07-13,2023-06-04,2,4972.8,903,1,2,2,122,Hibernating
1785,2025-03-31,2023-09-11,14,120291.28,276,2,5,5,255,At Risk
1786,2024-04-29,2023-05-11,5,27519.28,612,1,4,3,143,At Risk
1787,2025-11-09,2023-05-04,8,33387.91,53,4,4,4,444,High Value
1789,2024-11-14,2023-06-21,14,53875.04,413,2,5,4,254,At Risk
1790,2024-06-07,2023-06-05,10,130976.83,573,1,5,5,155,At Risk
1791,2023-07-11,2023-04-29,4,26869.55,905,1,3,3,133,At Risk
1792,2025-12-08,2023-06-18,16,77666.84,24,5,5,5,555,High Value
1794,2025-11-27,2023-12-18,11,63908.32,35,5,5,5,555,High Value
1796,2023-09-05,2023-05-05,5,82471.5,849,1,4,5,145,At Risk
1797,2023-12-15,2023-05-04,10,40539.75,748,1,5,4,154,At Risk
1798,2024-06-06,2023-05-12,29,216877.86,574,1,5,5,155,At Risk
1799,2025-03-01,2023-05-04,7,31810.24,306,2,4,4,244,At Risk
1800,2023-07-19,2023-05-23,4,43019.1,897,1,3,4,134,At Risk
1801,2025-02-25,2023-06-24,18,79060.32,310,2,5,5,255,At Risk
1802,2025-08-09,2023-05-06,11,87209.9,145,3,5,5,355,High Value
1803,2023-12-07,2023-07-27,2,3735.4,756,1,2,1,121,Hibernating
1804,2024-08-08,2023-06-26,4,40901.16,511,2,3,4,234,At Risk
1805,2025-11-22,2023-05-11,17,59911.64,40,4,5,4,454,High Value
1806,2024-03-18,2023-09-05,4,12042.87,654,1,3,2,132,At Risk
1808,2025-08-16,2025-03-24,4,6989.3,138,3,3,2,332,Loyal
1809,2025-04-19,2023-08-28,10,118836.86,257,3,5,5,355,High Value
1810,2025-06-21,2023-10-31,2,21231.2,194,3,2,3,323,Occasional
1811,2025-12-28,2023-06-15,4,38853.6,4,5,3,4,534,Loyal
1813,2024-01-23,2023-06-16,2,11527.1,709,1,2,2,122,Hibernating
1814,2024-06-08,2023-07-14,7,77542.86,572,1,4,5,145,At Risk
1815,2025-02-22,2023-06-17,8,63776.1,313,2,4,5,245,At Risk
1816,2024-09-08,2023-05-23,6,42870.25,480,2,4,4,244,At Risk
1817,2023-10-15,2023-10-15,1,2013.05,809,1,1,1,111,Hibernating
1819,2023-09-24,2023-09-20,2,17037.35,830,1,2,3,123,Hibernating
1820,2025-06-05,2023-07-01,10,33957.07,210,3,5,4,354,High Value
1821,2023-10-31,2023-09-16,4,67714.05,793,1,3,5,135,At Risk
1822,2024-07-11,2023-05-20,2,8384.12,539,1,2,2,122,Hibernating
1823,2025-04-25,2023-06-11,8,16057.69,251,3,4,3,343,Loyal
1824,2025-10-31,2023-05-09,11,85218.92,62,4,5,5,455,High Value
1825,2024-10-15,2023-08-20,4,9619.62,443,2,3,2,232,At Risk
1826,2023-06-18,2023-05-11,2,37439.0,928,1,2,4,124,At Risk
1827,2023-11-23,2023-05-27,3,7676.95,770,1,3,2,132,At Risk
1828,2025-10-07,2023-05-03,9,104367.76,86,4,5,5,455,High Value
1829,2024-04-11,2023-06-01,8,38319.65,630,1,4,4,144,At Risk
1830,2023-05-17,2023-05-17,1,4961.4,960,1,1,2,112,Hibernating
1831,2023-07-18,2023-07-18,1,916.2,898,1,1,1,111,Hibernating
1832,2023-08-13,2023-08-13,1,6834.5,872,1,1,2,112,Hibernating
1833,2024-04-01,2023-06-12,5,63963.25,640,1,4,5,145,At Risk
1834,2023-05-19,2023-05-19,1,394.2,958,1,1,1,111,Hibernating
1835,2025-02-14,2023-09-26,4,22666.6,321,2,3,3,233,At Risk
1836,2025-09-16,2023-05-04,38,293441.25,107,3,5,5,355,High Value
1837,2023-11-05,2023-07-11,2,20393.1,788,1,2,3,123,Hibernating
1838,2024-04-28,2023-08-10,2,5050.19,613,1,2,2,122,Hibernating
1840,2024-12-09,2023-08-14,4,18039.51,388,2,3,3,233,At Risk
1841,2024-10-01,2024-10-01,1,2038.61,457,2,1,1,211,Occasional
1842,2024-04-07,2023-06-19,8,24212.79,634,1,4,3,143,At Risk
1843,2023-10-12,2023-10-12,1,5134.25,812,1,1,2,112,Hibernating
1844,2023-11-16,2023-07-01,3,14073.8,777,1,3,3,133,At Risk
1845,2025-06-22,2023-07-31,4,19258.8,193,3,3,3,333,Loyal
1846,2023-05-19,2023-05-19,1,20418.3,958,1,1,3,113,Hibernating
1848,2023-12-14,2023-06-03,7,14409.1,749,1,4,3,143,At Risk
1849,2025-11-24,2023-10-04,8,67743.6,38,4,4,5,445,High Value
1850,2025-05-25,2023-05-13,21,124915.26,221,3,5,5,355,High Value
1851,2023-06-02,2023-06-02,1,1942.2,944,1,1,1,111,Hibernating
1852,2023-05-25,2023-05-25,1,584.1,952,1,1,1,111,Hibernating
1853,2023-09-07,2023-09-07,1,1214.15,847,1,1,1,111,Hibernating
1854,2023-05-07,2023-05-07,1,9330.3,970,1,1,2,112,Hibernating
1856,2023-08-05,2023-08-05,1,1697.95,880,1,1,1,111,Hibernating
1857,2024-05-22,2023-06-06,7,33840.67,589,1,4,4,144,At Risk
1858,2023-08-18,2023-08-18,1,3006.55,867,1,1,1,111,Hibernating
1859,2024-08-05,2024-02-26,3,9295.77,514,2,3,2,232,At Risk
1860,2024-04-26,2023-10-17,3,15048.9,615,1,3,3,133,At Risk
1861,2025-07-05,2023-05-10,26,183449.28,180,3,5,5,355,High Value
1862,2025-03-06,2023-05-23,32,249946.94,301,2,5,5,255,At Risk
1863,2023-11-25,2023-05-31,3,3387.5,768,1,3,1,131,At Risk
1864,2025-01-18,2023-06-11,11,43136.91,348,2,5,4,254,At Risk
1865,2024-02-01,2023-05-11,11,97269.73,700,1,5,5,155,At Risk
1866,2023-11-07,2023-07-06,6,29445.25,786,1,4,3,143,At Risk
1867,2023-05-21,2023-05-21,1,7290.35,956,1,1,2,112,Hibernating
1868,2025-10-02,2023-10-21,4,4433.46,91,4,3,1,431,Loyal
1869,2024-01-20,2023-05-20,4,10924.66,712,1,3,2,132,At Risk
1870,2025-10-10,2023-10-01,13,37104.68,83,4,5,4,454,High Value
1871,2025-12-24,2023-05-13,26,164147.21,8,5,5,5,555,High Value
1872,2024-08-15,2023-05-28,14,56412.09,504,2,5,4,254,At Risk
1873,2025-10-21,2023-08-02,17,86788.9,72,4,5,5,455,High Value
1874,2025-01-24,2023-05-19,20,126957.14,342,2,5,5,255,At Risk
1875,2025-12-23,2023-06-29,6,67418.95,9,5,4,5,545,High Value
1876,2025-09-28,2023-09-10,4,14823.96,95,4,3,3,433,Loyal
1877,2025-01-27,2024-04-19,2,4399.85,339,2,2,1,221,Occasional
1878,2025-11-09,2023-05-12,9,36175.91,53,4,5,4,454,High Value
1879,2023-08-11,2023-05-15,6,27517.15,874,1,4,3,143,At Risk
1880,2024-01-29,2023-05-10,94,635935.31,703,1,5,5,155,At Risk
1881,2025-02-17,2024-07-24,4,9678.76,318,2,3,2,232,At Risk
1882,2025-10-22,2023-06-30,5,98983.66,71,4,4,5,445,High Value
1883,2025-10-01,2023-05-26,9,76830.82,92,4,5,5,455,High Value
1884,2025-11-24,2023-05-31,7,31077.98,38,4,4,4,444,High Value
1885,2025-10-27,2023-05-23,15,70973.79,66,4,5,5,455,High Value
1886,2024-01-28,2023-05-13,12,55161.22,704,1,5,4,154,At Risk
1887,2025-09-22,2023-05-14,42,318329.3,101,3,5,5,355,High Value
1888,2023-11-09,2023-07-01,6,38656.6,784,1,4,4,144,At Risk
1889,2024-09-03,2023-05-14,16,76085.71,485,2,5,5,255,At Risk
1891,2024-03-14,2023-05-14,9,76790.92,658,1,5,5,155,At Risk
1892,2024-06-10,2023-08-24,3,32162.77,570,1,3,4,134,At Risk
1893,2025-04-28,2023-10-08,8,29878.54,248,3,4,4,344,High Value
1894,2025-10-16,2023-09-22,7,34865.61,77,4,4,4,444,High Value
1896,2024-01-12,2023-05-22,6,58557.46,720,1,4,4,144,At Risk
1897,2023-10-21,2023-10-21,1,2791.2,803,1,1,1,111,Hibernating
1898,2025-11-09,2023-09-11,5,11030.65,53,4,4,2,442,Loyal
1899,2025-12-16,2023-06-09,12,93905.38,16,5,5,5,555,High Value
1900,2024-07-17,2023-05-27,8,60751.62,533,2,4,4,244,At Risk
1901,2023-08-24,2023-05-15,2,20147.6,861,1,2,3,123,Hibernating
1902,2024-02-20,2023-05-28,3,15665.3,681,1,3,3,133,At Risk
1903,2023-11-26,2023-11-26,1,1214.1,767,1,1,1,111,Hibernating
1904,2024-07-12,2023-10-02,3,35146.86,538,1,3,4,134,At Risk
1905,2025-11-20,2023-05-13,37,251216.6,42,4,5,5,455,High Value
1906,2025-08-31,2023-06-27,8,58505.79,123,3,4,4,344,High Value
1907,2024-01-31,2023-09-30,6,25667.08,701,1,4,3,143,At Risk
1908,2024-02-14,2023-06-28,5,57891.34,687,1,4,4,144,At Risk
1909,2024-04-13,2023-08-12,2,6283.05,628,1,2,2,122,Hibernating
1910,2023-07-13,2023-07-13,1,8941.15,903,1,1,2,112,Hibernating
1911,2024-12-20,2023-11-21,5,37011.87,377,2,4,4,244,At Risk
1912,2024-04-25,2024-04-25,1,860.18,616,1,1,1,111,Hibernating
1913,2024-05-10,2023-07-10,8,75954.28,601,1,4,5,145,At Risk
1914,2025-11-03,2023-08-16,10,35812.41,59,4,5,4,454,High Value
1915,2023-07-06,2023-05-18,2,2114.8,910,1,2,1,121,Hibernating
1916,2025-11-24,2023-05-19,15,99334.27,38,4,5,5,455,High Value
1917,2023-09-22,2023-09-22,1,4078.2,832,1,1,1,111,Hibernating
1918,2023-08-30,2023-05-21,3,9529.4,855,1,3,2,132,At Risk
1920,2025-07-09,2023-08-15,6,31337.02,176,3,4,4,344,High Value
1921,2023-10-10,2023-08-03,3,30402.5,814,1,3,4,134,At Risk
1922,2023-12-06,2023-12-06,1,1016.1,757,1,1,1,111,Hibernating
1923,2024-12-14,2023-05-23,20,118544.35,383,2,5,5,255,At Risk
1926,2025-12-16,2023-12-22,7,45897.48,16,5,4,4,544,High Value
1927,2025-08-31,2023-05-25,22,120398.64,123,3,5,5,355,High Value
1928,2025-11-11,2024-08-27,7,56462.91,51,4,4,4,444,High Value
1929,2025-12-22,2023-05-19,47,356041.34,10,5,5,5,555,High Value
1930,2025-04-09,2023-08-17,6,8167.53,267,3,4,2,342,Loyal
1931,2024-05-11,2023-05-31,6,52970.61,600,1,4,4,144,At Risk
1932,2024-07-24,2023-05-19,9,41104.44,526,2,5,4,254,At Risk
1933,2025-12-07,2023-09-07,10,83600.85,25,5,5,5,555,High Value
1935,2024-10-24,2023-05-20,8,42485.54,434,2,4,4,244,At Risk
1936,2025-04-16,2023-11-12,5,46885.34,260,3,4,4,344,High Value
1937,2024-11-24,2023-06-26,5,28632.72,403,2,4,3,243,At Risk
1938,2024-04-28,2023-07-14,10,75617.29,613,1,5,5,155,At Risk
1939,2024-06-20,2023-06-22,4,40020.91,560,1,3,4,134,At Risk
1940,2025-12-26,2023-07-14,5,24376.17,6,5,4,3,543,Loyal
1942,2025-10-11,2024-08-01,2,28764.51,82,4,2,3,423,Occasional
1944,2023-10-18,2023-05-20,27,135492.1,806,1,5,5,155,At Risk
1945,2023-08-22,2023-08-22,1,1576.05,863,1,1,1,111,Hibernating
1946,2025-04-28,2023-08-12,5,7261.07,248,3,4,2,342,Loyal
1948,2023-09-04,2023-07-19,2,13778.3,850,1,2,2,122,Hibernating
1949,2025-10-16,2023-06-05,12,60385.02,77,4,5,4,454,High Value
1950,2025-09-12,2023-05-21,13,76482.61,111,3,5,5,355,High Value
1951,2023-08-14,2023-05-25,4,37313.3,871,1,3,4,134,At Risk
1952,2025-11-01,2023-07-07,13,73569.53,61,4,5,5,455,High Value
1953,2025-05-18,2023-06-01,5,39611.91,228,3,4,4,344,High Value
1954,2023-12-24,2023-11-10,2,8906.4,739,1,2,2,122,Hibernating
1955,2024-10-31,2023-09-23,2,4526.78,427,2,2,2,222,Occasional
1956,2024-07-16,2023-05-28,13,98712.32,534,1,5,5,155,At Risk
1957,2025-11-14,2025-10-12,2,1573.95,48,4,2,1,421,New
1958,2025-06-29,2023-06-03,65,376494.35,186,3,5,5,355,High Value
1959,2023-10-23,2023-10-21,2,5774.45,801,1,2,2,122,Hibernating
1960,2025-10-25,2023-05-21,14,130800.54,68,4,5,5,455,High Value
1961,2023-12-10,2023-06-30,6,48691.45,753,1,4,4,144,At Risk
1962,2025-12-11,2023-06-06,26,188015.73,21,5,5,5,555,High Value
1963,2024-03-10,2024-03-10,1,144.56,662,1,1,1,111,Hibernating
1964,2024-11-28,2023-06-18,12,160091.4,399,2,5,5,255,At Risk
1965,2024-02-27,2024-02-27,1,67186.49,674,1,1,5,115,At Risk
1967,2025-12-24,2023-06-27,10,59773.57,8,5,5,4,554,High Value
1969,2025-12-17,2023-06-15,58,631870.51,15,5,5,5,555,High Value
1970,2024-03-24,2024-01-23,2,5730.97,648,1,2,2,122,Hibernating
1971,2025-01-11,2023-06-10,7,46126.89,355,2,4,4,244,At Risk
1972,2023-06-11,2023-06-11,1,3450.1,935,1,1,1,111,Hibernating
1973,2025-02-06,2023-06-18,7,28429.16,329,2,4,3,243,At Risk
1974,2023-07-06,2023-05-21,6,10410.65,910,1,4,2,142,At Risk
1975,2023-08-31,2023-06-21,3,20842.8,854,1,3,3,133,At Risk
1976,2023-11-19,2023-06-30,3,21320.9,774,1,3,3,133,At Risk
1977,2025-02-03,2023-05-27,16,126146.68,332,2,5,5,255,At Risk
1978,2024-06-01,2023-08-25,4,22483.82,579,1,3,3,133,At Risk
1979,2024-06-22,2024-04-28,3,31349.81,558,1,3,4,134,At Risk
1980,2024-10-29,2023-07-14,2,2651.35,429,2,2,1,221,Occasional
1981,2025-12-28,2023-05-22,11,37805.43,4,5,5,4,554,High Value
1982,2023-12-07,2023-10-04,3,34747.7,756,1,3,4,134,At Risk
1983,2025-12-29,2025-04-07,2,15948.47,3,5,2,3,523,Occasional
1984,2024-01-28,2023-05-31,5,14654.14,704,1,4,3,143,At Risk
1985,2025-10-17,2023-05-29,8,46853.19,76,4,4,4,444,High Value
1986,2024-03-02,2023-07-01,3,9864.64,670,1,3,2,132,At Risk
1987,2024-06-26,2023-10-21,2,4933.68,554,1,2,2,122,Hibernating
1988,2024-03-31,2023-06-20,7,55371.45,641,1,4,4,144,At Risk
1989,2024-09-06,2023-06-10,17,66420.61,482,2,5,5,255,At Risk
1990,2025-12-19,2023-05-24,49,355719.99,13,5,5,5,555,High Value
1991,2024-11-17,2023-09-06,7,44644.95,410,2,4,4,244,At Risk
1992,2025-06-14,2023-12-03,11,82795.1,201,3,5,5,355,High Value
1993,2025-11-25,2023-06-15,12,46594.44,37,4,5,4,454,High Value
1994,2025-04-21,2023-07-19,9,44869.07,255,3,5,4,354,High Value
1995,2023-10-19,2023-08-26,2,8270.25,805,1,2,2,122,Hibernating
1996,2023-12-14,2023-06-08,3,20092.9,749,1,3,3,133,At Risk
1998,2024-07-04,2023-09-01,2,16073.84,546,1,2,3,123,Hibernating
1999,2025-11-02,2023-08-16,12,53441.85,60,4,5,4,454,High Value
2001,2025-09-26,2023-09-02,6,33916.27,97,3,4,4,344,High Value
2002,2025-10-24,2023-07-22,19,96548.78,69,4,5,5,455,High Value
2003,2024-05-28,2023-08-26,2,22082.08,583,1,2,3,123,Hibernating
2004,2024-06-11,2023-09-18,9,41630.89,569,1,5,4,154,At Risk
2005,2025-09-21,2023-06-13,10,34400.31,102,3,5,4,354,High Value
2007,2025-01-17,2023-08-08,11,106070.74,349,2,5,5,255,At Risk
2008,2024-04-24,2023-06-02,6,34459.53,617,1,4,4,144,At Risk
2009,2023-11-01,2023-06-30,4,50179.2,792,1,3,4,134,At Risk
2010,2024-01-25,2023-08-18,3,59301.63,707,1,3,4,134,At Risk
2011,2023-12-23,2023-05-29,4,40072.15,740,1,3,4,134,At Risk
2012,2025-08-03,2023-07-29,4,17903.25,151,3,3,3,333,Loyal
2013,2025-07-17,2023-08-22,5,23343.18,168,3,4,3,343,Loyal
2014,2024-04-22,2023-06-24,3,12543.42,619,1,3,2,132,At Risk
2016,2024-12-01,2023-08-13,4,33480.15,396,2,3,4,234,At Risk
2017,2023-10-26,2023-09-05,3,14592.65,798,1,3,3,133,At Risk
2018,2024-09-18,2023-08-06,3,24297.97,470,2,3,3,233,At Risk
2019,2025-10-17,2023-07-11,20,132218.33,76,4,5,5,455,High Value
2020,2023-10-20,2023-10-20,1,17284.75,804,1,1,3,113,Hibernating
2021,2023-10-14,2023-10-14,2,18353.95,810,1,2,3,123,Hibernating
2022,2025-06-01,2023-05-29,10,35623.87,214,3,5,4,354,High Value
2023,2024-04-15,2023-07-05,10,112789.03,626,1,5,5,155,At Risk
2024,2023-06-06,2023-06-06,1,2251.95,940,1,1,1,111,Hibernating
2025,2025-12-11,2023-07-13,20,223377.67,21,5,5,5,555,High Value
2026,2025-10-17,2023-06-30,8,42019.74,76,4,4,4,444,High Value
2027,2025-11-05,2023-06-25,12,59251.8,57,4,5,4,454,High Value
2028,2023-10-23,2023-06-14,2,3306.95,801,1,2,1,121,Hibernating
2029,2025-07-08,2023-08-02,6,61956.43,177,3,4,5,345,High Value
2030,2024-04-04,2023-08-05,9,47885.66,637,1,5,4,154,At Risk
2031,2025-12-21,2023-08-28,8,29985.46,11,5,4,4,544,High Value
2032,2023-10-03,2023-05-30,5,10895.45,821,1,4,2,142,At Risk
2033,2024-02-09,2023-06-14,16,85111.3,692,1,5,5,155,At Risk
2034,2024-04-04,2023-07-11,9,51844.25,637,1,5,4,154,At Risk
2035,2024-04-29,2024-03-05,2,3869.11,612,1,2,1,121,Hibernating
2036,2025-12-19,2023-07-05,16,60502.81,13,5,5,4,554,High Value
2037,2023-06-30,2023-06-13,3,12483.6,916,1,3,2,132,At Risk
2038,2023-08-25,2023-06-01,3,1560.3,860,1,3,1,131,At Risk
2039,2024-09-05,2023-07-22,9,44561.66,483,2,5,4,254,At Risk
2040,2024-02-08,2024-02-08,1,15442.6,693,1,1,3,113,Hibernating
2041,2023-10-03,2023-08-28,3,17081.0,821,1,3,3,133,At Risk
2042,2023-08-12,2023-07-03,2,6113.4,873,1,2,2,122,Hibernating
2043,2024-01-26,2023-07-26,3,26542.37,706,1,3,3,133,At Risk
2044,2024-07-08,2023-07-05,6,24706.53,542,1,4,3,143,At Risk
2045,2023-07-28,2023-07-28,1,3634.7,888,1,1,1,111,Hibernating
2046,2024-04-02,2023-06-03,14,62506.65,639,1,5,5,155,At Risk
2047,2024-09-20,2024-06-30,2,15060.81,468,2,2,3,223,Occasional
2048,2023-08-09,2023-08-09,1,1054.7,876,1,1,1,111,Hibernating
2049,2025-10-12,2023-06-03,10,96542.64,81,4,5,5,455,High Value
2050,2023-10-22,2023-07-04,4,49929.7,802,1,3,4,134,At Risk
2051,2023-11-24,2023-09-21,2,8561.75,769,1,2,2,122,Hibernating
2052,2024-06-10,2023-10-05,3,4733.52,570,1,3,2,132,At Risk
2053,2024-09-03,2023-07-26,7,9476.54,485,2,4,2,242,At Risk
2055,2023-08-03,2023-08-03,1,13386.0,882,1,1,2,112,Hibernating
2056,2024-03-07,2023-07-30,4,28631.82,665,1,3,3,133,At Risk
2057,2025-05-24,2023-09-19,6,22277.71,222,3,4,3,343,Loyal
2058,2024-01-09,2023-07-02,6,26528.79,723,1,4,3,143,At Risk
2059,2025-11-11,2024-07-30,2,16016.52,51,4,2,3,423,Occasional
2061,2023-06-22,2023-06-22,1,18760.25,924,1,1,3,113,Hibernating
2063,2025-12-07,2023-07-02,15,103231.96,25,5,5,5,555,High Value
2065,2023-09-14,2023-06-17,2,7777.7,840,1,2,2,122,Hibernating
2067,2025-11-10,2023-10-04,9,77345.11,52,4,5,5,455,High Value
2069,2024-03-02,2024-03-02,1,38945.24,670,1,1,4,114,At Risk
2070,2024-07-28,2023-06-09,3,35739.67,522,2,3,4,234,At Risk
2071,2023-10-20,2023-09-21,2,60587.55,804,1,2,4,124,At Risk
2073,2025-12-15,2023-06-09,19,167170.42,17,5,5,5,555,High Value
2074,2025-08-15,2025-08-15,1,1689.78,139,3,1,1,311,Occasional
2075,2024-03-22,2023-06-10,5,11918.97,650,1,4,2,142,At Risk
2077,2023-12-25,2023-06-04,5,28420.4,738,1,4,3,143,At Risk
2078,2025-07-16,2023-09-22,14,130607.36,169,3,5,5,355,High Value
2081,2024-02-11,2023-09-05,3,31507.13,690,1,3,4,134,At Risk
2082,2025-12-26,2023-06-04,61,380992.01,6,5,5,5,555,High Value
2083,2025-12-23,2023-06-30,21,173842.37,9,5,5,5,555,High Value
2084,2023-09-22,2023-06-06,7,35097.25,832,1,4,4,144,At Risk
2085,2024-08-09,2024-08-09,1,364.57,510,2,1,1,211,Occasional
2086,2024-05-06,2023-06-14,4,12331.26,605,1,3,2,132,At Risk
2087,2024-11-28,2023-08-19,4,12790.64,399,2,3,2,232,At Risk
2088,2025-12-27,2023-08-01,34,239831.26,5,5,5,5,555,High Value
2089,2024-02-24,2023-06-29,6,10149.0,677,1,4,2,142,At Risk
2090,2025-08-27,2024-11-20,3,3463.04,127,3,3,1,331,Loyal
2092,2025-11-16,2023-08-19,16,112941.96,46,4,5,5,455,High Value
2093,2023-11-11,2023-08-02,7,56552.85,782,1,4,4,144,At Risk
2094,2024-06-15,2023-06-23,4,8001.08,565,1,3,2,132,At Risk
2095,2025-01-07,2023-11-29,2,34591.21,359,2,2,4,224,At Risk
2096,2025-11-27,2023-07-24,22,331643.41,35,5,5,5,555,High Value
2097,2023-09-08,2023-09-08,1,4386.15,846,1,1,1,111,Hibernating
2098,2024-11-03,2024-11-03,1,8745.68,424,2,1,2,212,Occasional
2099,2024-01-08,2023-11-11,3,10170.91,724,1,3,2,132,At Risk
2100,2024-12-09,2023-07-03,11,133321.46,388,2,5,5,255,At Risk
2101,2023-07-03,2023-07-03,1,2687.25,913,1,1,1,111,Hibernating
2102,2024-07-10,2023-06-10,7,35373.15,540,1,4,4,144,At Risk
2103,2024-07-08,2024-07-08,1,307.94,542,1,1,1,111,Hibernating
2104,2024-01-06,2023-07-15,5,62725.53,726,1,4,5,145,At Risk
2105,2024-11-10,2023-11-25,2,2207.48,417,2,2,1,221,Occasional
2106,2025-12-24,2023-08-07,12,129831.99,8,5,5,5,555,High Value
2107,2023-08-22,2023-06-13,3,41583.75,863,1,3,4,134,At Risk
2108,2024-02-10,2024-02-10,1,8293.53,691,1,1,2,112,Hibernating
2109,2023-10-16,2023-10-16,1,5784.0,808,1,1,2,112,Hibernating
2110,2023-12-15,2023-06-20,13,83868.15,748,1,5,5,155,At Risk
2111,2023-06-22,2023-06-22,1,2598.2,924,1,1,1,111,Hibernating
2112,2024-07-21,2024-07-21,1,1911.52,529,2,1,1,211,Occasional
2113,2024-01-23,2024-01-23,1,5008.33,709,1,1,2,112,Hibernating
2114,2024-12-24,2023-06-13,17,101281.9,373,2,5,5,255,At Risk
2115,2023-08-24,2023-08-24,1,893.65,861,1,1,1,111,Hibernating
2116,2024-12-22,2023-07-14,3,39803.0,375,2,3,4,234,At Risk
2117,2024-03-29,2023-08-04,3,19507.05,643,1,3,3,133,At Risk
2118,2023-11-12,2023-06-18,2,2308.2,781,1,2,1,121,Hibernating
2119,2025-06-08,2024-11-17,3,11684.04,207,3,3,2,332,Loyal
2120,2024-03-23,2024-03-04,2,3756.42,649,1,2,1,121,Hibernating
2121,2023-11-28,2023-11-17,2,10093.45,765,1,2,2,122,Hibernating
2122,2023-11-18,2023-09-29,4,33047.85,775,1,3,4,134,At Risk
2123,2023-09-03,2023-07-10,2,18177.85,851,1,2,3,123,Hibernating
2124,2025-11-26,2023-10-06,9,43915.83,36,5,5,4,554,High Value
2125,2023-12-23,2023-08-05,3,5006.4,740,1,3,2,132,At Risk
2126,2025-10-26,2023-10-21,15,32817.25,67,4,5,4,454,High Value
2127,2023-10-26,2023-09-13,4,18781.7,798,1,3,3,133,At Risk
2128,2023-08-24,2023-06-17,4,6569.45,861,1,3,2,132,At Risk
2129,2024-01-25,2023-11-17,2,14904.08,707,1,2,3,123,Hibernating
2130,2023-07-09,2023-07-09,1,13199.65,907,1,1,2,112,Hibernating
2131,2025-09-15,2023-09-03,7,56589.98,108,3,4,4,344,High Value
2132,2023-08-14,2023-06-18,3,24137.25,871,1,3,3,133,At Risk
2133,2024-02-07,2024-01-14,2,8311.47,694,1,2,2,122,Hibernating
2134,2024-01-01,2023-09-10,4,13322.58,731,1,3,2,132,At Risk
2135,2023-11-11,2023-11-03,2,2317.05,782,1,2,1,121,Hibernating
2136,2023-08-14,2023-06-27,3,57029.25,871,1,3,4,134,At Risk
2137,2023-12-11,2023-12-11,1,1978.75,752,1,1,1,111,Hibernating
2138,2025-12-27,2023-06-19,15,118181.54,5,5,5,5,555,High Value
2139,2024-06-05,2023-06-12,11,60556.07,575,1,5,4,154,At Risk
2140,2025-12-28,2023-06-18,83,631491.74,4,5,5,5,555,High Value
2142,2025-02-27,2023-07-19,8,61212.74,308,2,4,4,244,At Risk
2143,2025-11-21,2025-11-21,1,14291.78,41,4,1,3,413,New
2144,2023-08-17,2023-06-24,2,29949.15,868,1,2,4,124,At Risk
2145,2024-10-19,2023-07-27,10,45676.49,439,2,5,4,254,At Risk
2147,2025-06-09,2023-08-06,22,161618.52,206,3,5,5,355,High Value
2148,2023-08-12,2023-06-26,2,7613.65,873,1,2,2,122,Hibernating
2149,2025-03-20,2023-06-25,9,104715.33,287,2,5,5,255,At Risk
2150,2025-12-08,2023-08-06,13,57134.55,24,5,5,4,554,High Value
2151,2023-11-06,2023-11-06,1,11806.85,787,1,1,2,112,Hibernating
2152,2024-05-02,2023-08-03,7,47637.65,609,1,4,4,144,At Risk
2153,2024-02-17,2023-09-09,4,13070.64,684,1,3,2,132,At Risk
2154,2024-07-13,2023-08-04,10,49843.3,537,1,5,4,154,At Risk
2155,2024-04-10,2023-11-04,2,1912.5,631,1,2,1,121,Hibernating
2156,2025-11-02,2023-09-08,7,46701.89,60,4,4,4,444,High Value
2157,2024-08-23,2023-08-24,3,14599.95,496,2,3,3,233,At Risk
2158,2023-10-17,2023-10-17,1,991.95,807,1,1,1,111,Hibernating
2159,2025-11-14,2023-07-26,13,88360.4,48,4,5,5,455,High Value
2160,2025-11-22,2023-12-24,3,17992.86,40,4,3,3,433,Loyal
2161,2023-10-22,2023-06-22,5,25665.35,802,1,4,3,143,At Risk
2162,2025-12-08,2023-07-23,10,52476.97,24,5,5,4,554,High Value
2165,2025-11-16,2024-09-17,5,66875.07,46,4,4,5,445,High Value
2166,2025-02-17,2023-09-22,3,16139.45,318,2,3,3,233,At Risk
2168,2025-08-11,2023-08-04,9,42674.36,143,3,5,4,354,High Value
2169,2024-03-04,2023-11-10,2,56958.05,668,1,2,4,124,At Risk
2170,2025-12-25,2023-08-15,16,81579.34,7,5,5,5,555,High Value
2171,2024-08-14,2023-08-12,4,15521.31,505,2,3,3,233,At Risk
2172,2024-12-10,2023-07-27,11,55095.91,387,2,5,4,254,At Risk
2173,2025-05-26,2023-08-01,5,31384.76,220,3,4,4,344,High Value
2174,2024-01-06,2023-08-03,5,25671.52,726,1,4,3,143,At Risk
2175,2025-05-26,2023-11-20,6,33477.27,220,3,4,4,344,High Value
2176,2025-11-12,2023-07-14,10,55935.9,50,4,5,4,454,High Value
2177,2025-08-10,2023-10-03,5,40650.21,144,3,4,4,344,High Value
2178,2023-09-09,2023-07-15,3,6251.6,845,1,3,2,132,At Risk
2179,2025-11-21,2023-07-08,15,77729.25,41,4,5,5,455,High Value
2182,2024-04-26,2023-08-11,6,25273.77,615,1,4,3,143,At Risk
2183,2023-08-22,2023-06-30,5,15780.05,863,1,4,3,143,At Risk
2185,2025-06-29,2024-11-03,2,104636.75,186,3,2,5,325,Occasional
2186,2025-01-08,2024-05-06,3,9353.28,358,2,3,2,232,At Risk
2188,2023-11-12,2023-11-12,1,1035.3,781,1,1,1,111,Hibernating
2189,2023-12-08,2023-12-08,1,1733.1,755,1,1,1,111,Hibernating
2190,2024-06-08,2023-07-25,5,15706.78,572,1,4,3,143,At Risk
2191,2024-07-17,2023-06-26,11,118785.13,533,2,5,5,255,At Risk
2192,2025-06-21,2023-08-19,8,60209.0,194,3,4,4,344,High Value
2193,2023-10-28,2023-06-28,2,10988.5,796,1,2,2,122,Hibernating
2194,2023-11-19,2023-08-02,8,68835.25,774,1,4,5,145,At Risk
2195,2025-03-23,2023-12-29,5,44291.79,284,2,4,4,244,At Risk
2197,2025-11-06,2023-07-12,2,2249.21,56,4,2,1,421,Occasional
2198,2023-09-14,2023-06-21,10,26547.15,840,1,5,3,153,At Risk
2199,2023-11-29,2023-07-23,4,35915.55,764,1,3,4,134,At Risk
2200,2025-12-16,2023-09-09,6,12651.07,16,5,4,2,542,Loyal
2201,2024-12-01,2023-09-04,4,13885.06,396,2,3,2,232,At Risk
2203,2024-02-01,2023-10-22,4,7286.56,700,1,3,2,132,At Risk
2204,2023-08-29,2023-08-29,1,3011.55,856,1,1,1,111,Hibernating
2206,2023-11-08,2023-11-08,1,5771.45,785,1,1,2,112,Hibernating
2207,2024-05-19,2023-09-01,4,6529.16,592,1,3,2,132,At Risk
2208,2025-08-11,2023-07-09,10,72453.38,143,3,5,5,355,High Value
2209,2024-05-11,2023-08-17,2,5979.28,600,1,2,2,122,Hibernating
2211,2025-12-18,2023-06-30,35,199065.88,14,5,5,5,555,High Value
2212,2024-11-16,2023-08-07,8,59050.97,411,2,4,4,244,At Risk
2213,2024-11-30,2024-11-30,1,3059.78,397,2,1,1,211,Occasional
2214,2025-08-20,2023-06-25,7,36790.57,134,3,4,4,344,High Value
2215,2025-09-21,2023-06-22,16,81836.47,102,3,5,5,355,High Value
2217,2024-02-11,2024-02-11,1,1070.16,690,1,1,1,111,Hibernating
2218,2023-09-05,2023-07-30,3,24996.7,849,1,3,3,133,At Risk
2219,2023-09-22,2023-07-13,2,31795.2,832,1,2,4,124,At Risk
2220,2025-02-12,2025-02-12,1,707.96,323,2,1,1,211,Occasional
2221,2023-12-08,2023-07-19,8,24718.3,755,1,4,3,143,At Risk
2223,2023-08-21,2023-08-21,1,2555.1,864,1,1,1,111,Hibernating
2224,2023-08-05,2023-08-05,1,32816.55,880,1,1,4,114,At Risk
2225,2023-06-25,2023-06-25,1,4689.3,921,1,1,2,112,Hibernating
2226,2024-03-13,2023-08-28,3,26625.67,659,1,3,3,133,At Risk
2227,2025-12-28,2023-07-11,47,272405.7,4,5,5,5,555,High Value
2228,2024-02-07,2023-06-28,11,73816.46,694,1,5,5,155,At Risk
2230,2024-03-15,2023-06-28,46,300808.99,657,1,5,5,155,At Risk
2231,2025-12-21,2023-07-29,23,128094.64,11,5,5,5,555,High Value
2232,2025-11-29,2024-03-05,6,21808.7,33,5,4,3,543,Loyal
2233,2023-10-27,2023-10-27,1,4957.2,797,1,1,2,112,Hibernating
2234,2024-08-06,2023-07-29,8,36075.54,513,2,4,4,244,At Risk
2235,2023-09-23,2023-07-09,6,42963.55,831,1,4,4,144,At Risk
2236,2025-01-11,2024-11-21,2,1322.71,355,2,2,1,221,Occasional
2237,2025-01-03,2023-08-27,6,41366.64,363,2,4,4,244,At Risk
2239,2024-06-29,2023-12-10,2,41407.39,551,1,2,4,124,At Risk
2240,2024-10-22,2024-05-13,2,14257.57,436,2,2,3,223,Occasional
2241,2023-08-04,2023-07-13,2,16281.6,881,1,2,3,123,Hibernating
2242,2025-02-27,2023-07-15,8,25898.12,308,2,4,3,243,At Risk
2243,2024-10-03,2023-10-08,11,31023.55,455,2,5,4,254,At Risk
2244,2025-10-10,2023-08-01,15,107039.4,83,4,5,5,455,High Value
2245,2024-07-18,2023-07-06,5,10722.69,532,2,4,2,242,At Risk
2247,2025-06-26,2023-07-21,4,23103.4,189,3,3,3,333,Loyal
2248,2024-11-23,2023-09-01,6,7667.34,404,2,4,2,242,At Risk
2249,2025-09-26,2023-06-26,7,10563.69,97,3,4,2,342,Loyal
2250,2025-10-27,2023-10-15,3,23016.69,66,4,3,3,433,Loyal
2252,2023-11-14,2023-08-19,2,13791.75,779,1,2,2,122,Hibernating
2253,2024-12-26,2024-05-21,2,5262.35,371,2,2,2,222,Occasional
2254,2025-04-08,2023-08-12,7,33742.49,268,3,4,4,344,High Value
2255,2024-12-15,2023-06-27,70,596389.99,382,2,5,5,255,At Risk
2256,2024-09-05,2024-02-23,3,4008.32,483,2,3,1,231,At Risk
2257,2025-01-10,2024-05-26,3,19652.04,356,2,3,3,233,At Risk
2258,2023-09-12,2023-07-12,3,17127.1,842,1,3,3,133,At Risk
2259,2025-11-08,2023-08-02,11,94394.56,54,4,5,5,455,High Value
2260,2024-03-28,2023-11-04,4,9760.23,644,1,3,2,132,At Risk
2261,2023-12-07,2023-09-07,4,10716.85,756,1,3,2,132,At Risk
2262,2025-03-29,2025-03-29,1,16839.0,278,2,1,3,213,Occasional
2263,2024-10-10,2024-08-01,3,5280.91,448,2,3,2,232,At Risk
2264,2024-08-04,2023-09-07,5,30213.32,515,2,4,4,244,At Risk
2265,2023-07-16,2023-07-16,1,1878.4,900,1,1,1,111,Hibernating
2266,2024-01-21,2023-07-02,10,26339.95,711,1,5,3,153,At Risk
2267,2025-12-07,2024-01-05,5,87222.63,25,5,4,5,545,High Value
2268,2023-08-10,2023-08-10,1,3865.8,875,1,1,1,111,Hibernating
2269,2025-06-20,2023-09-10,3,2634.67,195,3,3,1,331,Loyal
2270,2025-01-25,2023-12-12,2,3717.69,341,2,2,1,221,Occasional
2271,2024-03-07,2023-08-25,6,47881.59,665,1,4,4,144,At Risk
2272,2024-01-14,2023-07-07,11,39922.86,718,1,5,4,154,At Risk
2273,2024-12-28,2023-09-21,6,61100.03,369,2,4,4,244,At Risk
2274,2024-10-04,2023-10-05,3,18116.21,454,2,3,3,233,At Risk
2275,2025-02-10,2023-07-02,23,228931.42,325,2,5,5,255,At Risk
2276,2024-11-18,2023-10-21,3,26816.34,409,2,3,3,233,At Risk
2279,2023-11-05,2023-10-29,2,5240.5,788,1,2,2,122,Hibernating
2280,2025-11-28,2023-10-19,9,40400.87,34,5,5,4,554,High Value
2281,2025-12-08,2023-09-09,7,21213.25,24,5,4,3,543,Loyal
2282,2023-09-20,2023-07-08,3,42979.8,834,1,3,4,134,At Risk
2283,2024-11-25,2024-11-25,1,1269.42,402,2,1,1,211,Occasional
2284,2024-05-30,2023-07-03,16,113175.15,581,1,5,5,155,At Risk
2286,2024-02-22,2023-07-11,16,77834.81,679,1,5,5,155,At Risk
2287,2025-12-17,2023-08-05,13,95078.97,15,5,5,5,555,High Value
2288,2023-09-28,2023-07-31,2,2731.15,826,1,2,1,121,Hibernating
2289,2025-07-05,2023-08-22,4,31361.69,180,3,3,4,334,Loyal
2290,2024-01-04,2023-07-18,14,92891.67,728,1,5,5,155,At Risk
2291,2024-08-29,2023-08-06,2,1237.83,490,2,2,1,221,Occasional
2292,2023-11-29,2023-07-04,4,17945.15,764,1,3,3,133,At Risk
2293,2024-11-10,2023-10-18,3,5160.01,417,2,3,2,232,At Risk
2295,2024-03-20,2023-07-13,4,26789.97,652,1,3,3,133,At Risk
2296,2024-03-28,2024-01-22,2,3547.44,644,1,2,1,121,Hibernating
2297,2025-02-07,2023-09-17,7,11084.34,328,2,4,2,242,At Risk
2298,2024-11-16,2024-01-01,2,17389.63,411,2,2,3,223,Occasional
2299,2023-12-22,2023-12-22,1,953.1,741,1,1,1,111,Hibernating
2300,2024-04-18,2023-08-08,2,10543.3,623,1,2,2,122,Hibernating
2301,2023-10-31,2023-10-31,1,890.1,793,1,1,1,111,Hibernating
2302,2024-03-07,2024-01-05,2,12919.8,665,1,2,2,122,Hibernating
2303,2024-06-28,2023-07-02,27,166248.16,552,1,5,5,155,At Risk
2304,2025-12-19,2023-08-01,17,135434.09,13,5,5,5,555,High Value
2305,2025-10-31,2023-07-07,39,237370.68,62,4,5,5,455,High Value
2306,2025-08-17,2023-09-03,14,208948.31,137,3,5,5,355,High Value
2307,2024-01-08,2023-09-12,2,1984.89,724,1,2,1,121,Hibernating
2308,2023-12-17,2023-08-10,9,50355.0,746,1,5,4,154,At Risk
2309,2024-01-14,2023-07-09,3,39927.09,718,1,3,4,134,At Risk
2310,2024-05-08,2023-07-15,14,115351.41,603,1,5,5,155,At Risk
2311,2024-01-04,2023-10-31,3,42797.99,728,1,3,4,134,At Risk
2312,2023-09-17,2023-08-26,2,9483.1,837,1,2,2,122,Hibernating
2314,2024-10-26,2023-07-24,28,192337.93,432,2,5,5,255,At Risk
2315,2025-12-31,2023-08-14,32,256103.07,1,5,5,5,555,High Value
2317,2024-05-01,2023-07-30,8,17383.75,610,1,4,3,143,At Risk
2318,2024-12-01,2024-04-07,2,31259.69,396,2,2,4,224,At Risk
2319,2024-11-03,2023-10-10,4,43243.99,424,2,3,4,234,At Risk
2320,2024-10-15,2023-12-06,3,5180.57,443,2,3,2,232,At Risk
2321,2023-11-18,2023-07-20,6,16608.35,775,1,4,3,143,At Risk
2322,2023-07-28,2023-07-28,1,5298.0,888,1,1,2,112,Hibernating
2323,2025-09-28,2024-12-08,3,13317.11,95,4,3,2,432,Loyal
2324,2024-12-15,2023-08-10,7,33580.18,382,2,4,4,244,At Risk
2325,2023-11-01,2023-11-01,1,959.65,792,1,1,1,111,Hibernating
2326,2023-12-17,2023-07-29,3,4044.2,746,1,3,1,131,At Risk
2327,2025-11-29,2023-07-11,20,123383.36,33,5,5,5,555,High Value
2328,2025-11-27,2023-09-03,10,50124.23,35,5,5,4,554,High Value
2329,2024-08-23,2023-10-02,4,29790.14,496,2,3,4,234,At Risk
2330,2024-11-20,2024-03-22,2,5260.1,407,2,2,2,222,Occasional
2331,2025-12-11,2023-07-09,27,290207.38,21,5,5,5,555,High Value
2332,2023-08-16,2023-07-29,3,18804.3,869,1,3,3,133,At Risk
2333,2024-09-13,2023-07-29,12,68389.55,475,2,5,5,255,At Risk
2334,2023-11-22,2023-08-19,7,67097.8,771,1,4,5,145,At Risk
2335,2025-10-28,2024-06-01,2,4182.46,65,4,2,1,421,Occasional
2336,2024-01-13,2024-01-13,1,2294.65,719,1,1,1,111,Hibernating
2337,2025-12-29,2023-07-14,16,151229.49,3,5,5,5,555,High Value
2338,2023-08-31,2023-08-31,1,588.05,854,1,1,1,111,Hibernating
2339,2023-07-11,2023-07-11,1,673.55,905,1,1,1,111,Hibernating
2340,2024-02-20,2024-02-20,1,1848.39,681,1,1,1,111,Hibernating
2341,2024-10-30,2023-09-02,17,94421.26,428,2,5,5,255,At Risk
2342,2023-10-26,2023-09-05,4,15429.95,798,1,3,3,133,At Risk
2343,2024-11-12,2023-07-20,43,261298.97,415,2,5,5,255,At Risk
2344,2025-04-24,2023-07-13,3,31784.81,252,3,3,4,334,Loyal
2345,2023-12-07,2023-12-07,1,4601.85,756,1,1,2,112,Hibernating
2347,2024-04-15,2023-07-18,14,74805.47,626,1,5,5,155,At Risk
2349,2024-11-08,2023-07-27,5,38579.68,419,2,4,4,244,At Risk
2350,2025-02-23,2023-08-14,5,22980.85,312,2,4,3,243,At Risk
2351,2025-10-03,2023-10-13,8,27794.29,90,4,4,3,443,Loyal
2352,2025-10-24,2023-07-10,11,67118.34,69,4,5,5,455,High Value
2354,2024-01-21,2023-07-24,3,22410.61,711,1,3,3,133,At Risk
2355,2024-10-20,2023-07-22,12,99498.0,438,2,5,5,255,At Risk
2356,2025-05-24,2023-08-11,15,136148.06,222,3,5,5,355,High Value
2357,2023-08-24,2023-08-12,2,3101.75,861,1,2,1,121,Hibernating
2358,2025-10-21,2023-07-27,27,207348.05,72,4,5,5,455,High Value
2359,2024-10-01,2023-08-10,4,9444.32,457,2,3,2,232,At Risk
2360,2023-12-11,2023-09-23,3,6196.45,752,1,3,2,132,At Risk
2363,2025-02-24,2023-07-15,10,108328.19,311,2,5,5,255,At Risk
2364,2025-12-20,2025-01-22,6,35251.25,12,5,4,4,544,High Value
2365,2025-11-24,2023-11-23,15,165769.76,38,4,5,5,455,High Value
2367,2025-11-09,2024-06-19,9,71386.13,53,4,5,5,455,High Value
2368,2025-11-20,2024-02-01,5,21086.64,42,4,4,3,443,Loyal
2369,2024-11-19,2023-07-22,11,126912.56,408,2,5,5,255,At Risk
2371,2024-06-22,2023-08-17,6,29129.25,558,1,4,3,143,At Risk
2372,2025-11-17,2023-12-15,16,107846.96,45,4,5,5,455,High Value
2373,2023-10-05,2023-08-04,5,46366.4,819,1,4,4,144,At Risk
2374,2023-10-26,2023-08-09,4,20581.4,798,1,3,3,133,At Risk
2375,2025-09-13,2023-09-28,8,14740.3,110,3,4,3,343,Loyal
2376,2023-11-01,2023-08-26,2,21390.65,792,1,2,3,123,Hibernating
2377,2024-04-01,2023-07-24,7,17170.49,640,1,4,3,143,At Risk
2378,2023-11-01,2023-11-01,1,3098.25,792,1,1,1,111,Hibernating
2379,2023-09-28,2023-09-28,1,2263.05,826,1,1,1,111,Hibernating
2381,2025-12-03,2023-08-27,14,101258.91,29,5,5,5,555,High Value
2382,2024-12-08,2023-08-09,16,91680.03,389,2,5,5,255,At Risk
2383,2024-03-25,2023-07-30,10,60882.99,647,1,5,4,154,At Risk
2384,2025-06-01,2024-03-02,5,44552.58,214,3,4,4,344,High Value
2385,2024-06-06,2023-11-14,5,52135.84,574,1,4,4,144,At Risk
2386,2025-12-25,2023-07-17,46,379858.77,7,5,5,5,555,High Value
2387,2023-11-19,2023-09-26,4,8416.0,774,1,3,2,132,At Risk
2388,2024-08-10,2023-08-20,17,87662.68,509,2,5,5,255,At Risk
2389,2025-06-23,2023-08-12,17,115620.32,192,3,5,5,355,High Value
2390,2024-08-02,2024-08-02,1,615.89,517,2,1,1,211,Occasional
2391,2023-10-11,2023-08-14,2,2313.35,813,1,2,1,121,Hibernating
2392,2024-10-06,2023-10-30,2,8027.05,452,2,2,2,222,Occasional
2393,2024-09-09,2024-09-09,1,1352.57,479,2,1,1,211,Occasional
2394,2023-11-19,2023-11-19,1,2047.65,774,1,1,1,111,Hibernating
2395,2025-01-03,2024-11-27,3,21555.76,363,2,3,3,233,At Risk
2396,2024-02-28,2023-08-16,5,25775.95,673,1,4,3,143,At Risk
2397,2023-12-02,2023-09-10,2,14181.35,761,1,2,3,123,Hibernating
2398,2025-05-06,2025-05-06,1,21411.84,240,3,1,3,313,Occasional
2399,2023-11-21,2023-07-12,8,28989.15,772,1,4,3,143,At Risk
2400,2025-09-24,2023-11-04,4,4863.58,99,3,3,2,332,Loyal
2401,2025-10-24,2024-10-04,4,9617.91,69,4,3,2,432,Loyal
2402,2025-11-21,2023-08-02,21,67274.14,41,4,5,5,455,High Value
2403,2025-11-16,2024-11-02,3,13616.4,46,4,3,2,432,Loyal
2406,2025-05-28,2023-10-01,6,48982.02,218,3,4,4,344,High Value
2407,2024-12-14,2023-07-19,19,97948.85,383,2,5,5,255,At Risk
2408,2025-11-24,2023-09-21,6,50741.19,38,4,4,4,444,High Value
2409,2025-12-27,2023-07-14,20,145790.52,5,5,5,5,555,High Value
2410,2023-07-25,2023-07-23,2,1163.7,891,1,2,1,121,Hibernating
2411,2025-11-09,2024-03-28,4,3462.76,53,4,3,1,431,Loyal
2412,2025-02-05,2023-07-23,10,74680.96,330,2,5,5,255,At Risk
2413,2025-10-08,2023-10-11,11,50428.08,85,4,5,4,454,High Value
2414,2024-04-08,2023-08-06,5,53593.8,633,1,4,4,144,At Risk
2415,2025-06-26,2025-06-26,1,1361.73,189,3,1,1,311,Occasional
2416,2025-11-11,2023-08-04,32,258779.92,51,4,5,5,455,High Value
2417,2023-09-06,2023-08-27,2,38920.25,848,1,2,4,124,At Risk
2419,2024-04-27,2023-07-17,19,152508.4,614,1,5,5,155,At Risk
2420,2025-02-23,2023-08-12,11,37232.31,312,2,5,4,254,At Risk
2421,2024-07-04,2023-07-23,3,20210.62,546,1,3,3,133,At Risk
2422,2024-11-15,2023-08-21,7,51086.85,412,2,4,4,244,At Risk
2423,2023-10-01,2023-08-10,3,9624.8,823,1,3,2,132,At Risk
2424,2024-01-22,2023-07-23,17,134534.06,710,1,5,5,155,At Risk
2425,2025-12-21,2023-10-21,8,27561.92,11,5,4,3,543,Loyal
2426,2024-10-03,2023-08-05,2,777.93,455,2,2,1,221,Occasional
2427,2025-03-10,2023-08-15,5,11300.77,297,2,4,2,242,At Risk
2430,2025-12-25,2023-08-15,16,72622.31,7,5,5,5,555,High Value
2431,2023-09-22,2023-08-21,4,66886.9,832,1,3,5,135,At Risk
2432,2023-10-13,2023-10-13,1,1631.2,811,1,1,1,111,Hibernating
2433,2025-11-02,2023-09-06,17,131590.26,60,4,5,5,455,High Value
2434,2025-11-17,2023-10-03,12,145724.34,45,4,5,5,455,High Value
2435,2024-07-20,2023-12-10,2,5487.87,530,2,2,2,222,Occasional
2436,2023-10-10,2023-09-05,2,18841.6,814,1,2,3,123,Hibernating
2437,2025-01-31,2023-12-16,4,2218.56,335,2,3,1,231,At Risk
2438,2024-05-06,2023-08-14,6,22843.81,605,1,4,3,143,At Risk
2439,2025-10-26,2023-11-12,9,47304.24,67,4,5,4,454,High Value
2441,2025-11-05,2025-11-05,1,7595.27,57,4,1,2,412,New
2442,2025-11-13,2023-09-16,21,105514.35,49,4,5,5,455,High Value
2443,2024-06-23,2024-06-23,1,8320.0,557,1,1,2,112,Hibernating
2444,2025-12-15,2023-08-15,24,185885.67,17,5,5,5,555,High Value
2445,2024-06-14,2024-06-14,1,839.28,566,1,1,1,111,Hibernating
2446,2025-09-23,2023-07-29,26,163086.91,100,3,5,5,355,High Value
2447,2024-05-22,2023-08-04,5,43894.9,589,1,4,4,144,At Risk
2448,2025-09-11,2023-08-04,14,80549.96,112,3,5,5,355,High Value
2449,2023-12-28,2023-08-14,8,74331.15,735,1,4,5,145,At Risk
2450,2025-11-30,2023-07-29,33,207040.29,32,5,5,5,555,High Value
2451,2025-01-07,2023-07-26,36,179419.56,359,2,5,5,255,At Risk
2452,2023-09-23,2023-08-15,2,4421.7,831,1,2,1,121,Hibernating
2453,2025-09-11,2025-04-20,2,7893.83,112,3,2,2,322,Occasional
2454,2025-11-18,2024-02-09,3,12074.78,44,4,3,2,432,Loyal
2455,2024-10-15,2024-06-24,2,24224.83,443,2,2,3,223,Occasional
2457,2023-11-28,2023-08-04,6,109401.8,765,1,4,5,145,At Risk
2458,2025-12-05,2023-09-21,7,42786.76,27,5,4,4,544,High Value
2459,2024-08-21,2023-10-05,7,40917.86,498,2,4,4,244,At Risk
2460,2023-09-20,2023-08-27,2,3983.8,834,1,2,1,121,Hibernating
2461,2025-05-18,2024-02-05,3,15162.83,228,3,3,3,333,Loyal
2462,2025-03-19,2023-07-26,10,53358.6,288,2,5,4,254,At Risk
2463,2024-04-27,2023-08-05,5,34501.39,614,1,4,4,144,At Risk
2465,2024-11-30,2023-07-29,10,49082.56,397,2,5,4,254,At Risk
2467,2023-10-21,2023-10-21,1,548.1,803,1,1,1,111,Hibernating
2469,2024-05-06,2023-10-29,8,16120.8,605,1,4,3,143,At Risk
2470,2025-10-30,2023-08-06,7,76932.06,63,4,4,5,445,High Value
2471,2023-12-03,2023-07-23,8,96512.05,760,1,4,5,145,At Risk
2473,2025-11-13,2023-09-02,36,293276.33,49,4,5,5,455,High Value
2474,2024-05-22,2024-05-22,1,5939.08,589,1,1,2,112,Hibernating
2475,2025-08-13,2023-07-27,56,336014.0,141,3,5,5,355,High Value
2476,2023-11-11,2023-08-14,2,37701.35,782,1,2,4,124,At Risk
2477,2023-12-15,2023-09-11,4,16057.0,748,1,3,3,133,At Risk
2478,2024-07-29,2024-07-29,1,5873.04,521,2,1,2,212,Occasional
2479,2025-10-08,2024-01-04,5,20612.84,85,4,4,3,443,Loyal
2480,2024-12-25,2023-09-15,3,33326.64,372,2,3,4,234,At Risk
2481,2025-01-01,2023-10-23,7,24787.34,365,2,4,3,243,At Risk
2484,2024-09-17,2023-08-08,21,205975.98,471,2,5,5,255,At Risk
2485,2023-11-12,2023-11-12,1,3895.1,781,1,1,1,111,Hibernating
2486,2025-10-08,2024-03-09,4,33538.04,85,4,3,4,434,Loyal
2487,2025-10-18,2023-08-30,10,60175.13,75,4,5,4,454,High Value
2488,2025-11-02,2023-08-11,10,233525.84,60,4,5,5,455,High Value
2489,2025-12-15,2024-02-23,9,54581.55,17,5,5,4,554,High Value
2490,2024-01-02,2023-10-10,3,36649.66,730,1,3,4,134,At Risk
2491,2025-07-14,2023-12-08,2,7724.83,171,3,2,2,322,Occasional
2492,2025-12-29,2023-08-10,37,259896.44,3,5,5,5,555,High Value
2493,2024-10-18,2024-10-18,1,33234.34,440,2,1,4,214,At Risk
2494,2024-10-10,2024-07-21,2,5535.62,448,2,2,2,222,Occasional
2495,2025-11-04,2023-10-18,11,57843.79,58,4,5,4,454,High Value
2496,2025-05-17,2023-10-20,5,22333.91,229,3,4,3,343,Loyal
2498,2024-06-06,2023-08-14,20,102975.82,574,1,5,5,155,At Risk
2499,2024-11-04,2023-09-15,4,27821.97,423,2,3,3,233,At Risk
2500,2024-11-02,2024-02-04,2,8097.85,425,2,2,2,222,Occasional
2501,2024-02-05,2023-09-10,3,33980.33,696,1,3,4,134,At Risk
2502,2025-12-05,2023-07-27,12,115155.98,27,5,5,5,555,High Value
2503,2023-11-11,2023-11-11,1,39679.2,782,1,1,4,114,At Risk
2505,2024-11-10,2023-08-12,5,26173.6,417,2,4,3,243,At Risk
2506,2023-09-26,2023-08-22,3,6845.35,828,1,3,2,132,At Risk
2508,2023-11-30,2023-11-30,1,9343.75,763,1,1,2,112,Hibernating
2509,2025-02-23,2023-08-25,5,52324.17,312,2,4,4,244,At Risk
2510,2024-05-04,2023-09-22,4,15894.5,607,1,3,3,133,At Risk
2511,2024-09-16,2023-09-13,6,57581.45,472,2,4,4,244,At Risk
2512,2025-12-27,2023-08-20,8,68319.37,5,5,4,5,545,High Value
2513,2025-11-24,2023-09-02,10,82601.55,38,4,5,5,455,High Value
2514,2023-09-01,2023-09-01,1,38557.2,853,1,1,4,114,At Risk
2516,2023-12-22,2023-07-29,9,56282.5,741,1,5,4,154,At Risk
2517,2023-08-28,2023-07-30,3,22670.6,857,1,3,3,133,At Risk
2518,2024-05-21,2024-04-13,2,2576.24,590,1,2,1,121,Hibernating
2519,2025-05-11,2023-09-17,5,46917.12,235,3,4,4,344,High Value
2520,2023-10-25,2023-10-25,1,14642.95,799,1,1,3,113,Hibernating
2521,2024-12-24,2023-08-12,9,79099.61,373,2,5,5,255,At Risk
2522,2024-05-06,2023-10-25,5,23311.71,605,1,4,3,143,At Risk
2523,2023-10-25,2023-07-29,4,47960.65,799,1,3,4,134,At Risk
2524,2023-08-18,2023-08-18,1,874.2,867,1,1,1,111,Hibernating
2525,2025-12-09,2023-08-11,10,33470.84,23,5,5,4,554,High Value
2526,2025-12-22,2023-08-02,20,82813.09,10,5,5,5,555,High Value
2527,2025-12-09,2023-07-31,9,93506.87,23,5,5,5,555,High Value
2528,2024-11-07,2023-08-12,11,80113.22,420,2,5,5,255,At Risk
2529,2025-04-27,2023-09-14,7,29815.53,249,3,4,4,344,High Value
2531,2025-03-07,2023-08-02,20,148206.87,300,2,5,5,255,At Risk
2532,2023-11-12,2023-11-12,1,16692.3,781,1,1,3,113,Hibernating
2533,2024-11-19,2024-11-19,1,1344.1,408,2,1,1,211,Occasional
2534,2024-05-09,2024-05-09,1,695.76,602,1,1,1,111,Hibernating
2536,2024-12-14,2023-08-25,7,24494.48,383,2,4,3,243,At Risk
2537,2023-08-19,2023-08-19,1,1398.1,866,1,1,1,111,Hibernating
2538,2023-11-16,2023-11-02,2,4200.1,777,1,2,1,121,Hibernating
2539,2025-03-20,2023-08-08,3,8602.77,287,2,3,2,232,At Risk
2540,2025-06-16,2023-08-03,11,61384.36,199,3,5,4,354,High Value
2541,2024-04-06,2023-08-05,22,169533.5,635,1,5,5,155,At Risk
2542,2025-10-17,2023-10-29,13,105571.03,76,4,5,5,455,High Value
2543,2025-12-03,2023-08-16,30,89059.86,29,5,5,5,555,High Value
2544,2025-06-23,2024-10-07,2,20754.23,192,3,2,3,323,Occasional
2545,2025-11-28,2023-10-10,25,276889.25,34,5,5,5,555,High Value
2546,2024-02-27,2024-02-27,1,1451.11,674,1,1,1,111,Hibernating
2547,2023-11-17,2023-08-05,8,50391.05,776,1,4,4,144,At Risk
2548,2024-08-26,2024-08-26,1,3543.95,493,2,1,1,211,Occasional
2549,2025-12-07,2023-11-25,15,96123.43,25,5,5,5,555,High Value
2551,2025-05-16,2023-10-16,3,26062.7,230,3,3,3,333,Loyal
2552,2025-12-31,2023-08-17,59,543664.9,1,5,5,5,555,High Value
2553,2023-11-03,2023-11-03,1,4665.1,790,1,1,2,112,Hibernating
2554,2024-05-23,2023-08-04,5,21310.03,588,1,4,3,143,At Risk
2556,2025-11-24,2024-01-06,6,16613.17,38,4,4,3,443,Loyal
2557,2024-05-05,2023-08-06,29,190008.02,606,1,5,5,155,At Risk
2558,2023-08-08,2023-08-08,1,9520.1,877,1,1,2,112,Hibernating
2559,2024-04-07,2023-08-15,8,66836.37,634,1,4,5,145,At Risk
2560,2024-11-01,2023-08-31,4,16642.43,426,2,3,3,233,At Risk
2561,2024-03-30,2023-08-04,4,33070.86,642,1,3,4,134,At Risk
2562,2025-09-12,2023-08-12,8,58189.58,111,3,4,4,344,High Value
2563,2025-12-28,2023-09-24,11,70105.96,4,5,5,5,555,High Value
2564,2025-09-28,2023-08-14,11,57244.53,95,4,5,4,454,High Value
2565,2023-11-10,2023-11-10,1,14340.55,783,1,1,3,113,Hibernating
2566,2025-09-11,2023-08-14,17,88237.9,112,3,5,5,355,High Value
2567,2024-06-08,2024-06-08,1,975.16,572,1,1,1,111,Hibernating
2568,2025-02-26,2023-12-21,5,26734.04,309,2,4,3,243,At Risk
2569,2024-05-30,2024-05-30,1,2521.33,581,1,1,1,111,Hibernating
2570,2024-08-31,2023-08-11,5,44925.66,488,2,4,4,244,At Risk
2571,2025-12-02,2023-09-11,18,90886.21,30,5,5,5,555,High Value
2572,2025-11-18,2023-08-12,44,246686.58,44,4,5,5,455,High Value
2573,2023-12-18,2023-10-08,2,8696.45,745,1,2,2,122,Hibernating
2574,2024-11-08,2023-12-22,4,26199.19,419,2,3,3,233,At Risk
2575,2023-11-20,2023-11-20,1,1334.85,773,1,1,1,111,Hibernating
2578,2024-04-07,2023-08-09,10,35139.38,634,1,5,4,154,At Risk
2579,2024-01-22,2023-08-11,4,40393.46,710,1,3,4,134,At Risk
2580,2023-09-27,2023-09-06,2,2141.2,827,1,2,1,121,Hibernating
2581,2023-11-11,2023-09-06,3,27239.95,782,1,3,3,133,At Risk
2582,2024-04-27,2023-12-30,2,10035.6,614,1,2,2,122,Hibernating
2583,2024-11-25,2023-09-06,6,36558.68,402,2,4,4,244,At Risk
2584,2025-08-14,2023-09-27,3,22023.18,140,3,3,3,333,Loyal
2585,2025-04-14,2023-12-13,4,24620.9,262,3,3,3,333,Loyal
2586,2024-01-15,2023-12-18,2,20440.91,717,1,2,3,123,Hibernating
2587,2024-03-16,2023-10-01,7,41552.34,656,1,4,4,144,At Risk
2588,2023-10-11,2023-10-11,1,2104.4,813,1,1,1,111,Hibernating
2589,2025-08-09,2024-04-16,3,15899.83,145,3,3,3,333,Loyal
2590,2025-05-18,2025-05-18,1,7090.97,228,3,1,2,312,Occasional
2591,2025-09-21,2023-09-07,33,161652.6,102,3,5,5,355,High Value
2592,2023-09-16,2023-09-16,1,4945.0,838,1,1,2,112,Hibernating
2593,2023-10-10,2023-09-30,2,24839.75,814,1,2,3,123,Hibernating
2594,2025-08-28,2023-11-23,6,30846.49,126,3,4,4,344,High Value
2595,2025-12-20,2023-08-24,5,8806.85,12,5,4,2,542,Loyal
2596,2023-11-12,2023-10-06,2,9138.9,781,1,2,2,122,Hibernating
2597,2023-11-20,2023-11-20,1,3446.1,773,1,1,1,111,Hibernating
2599,2024-06-18,2023-08-05,3,6797.0,562,1,3,2,132,At Risk
2600,2024-04-01,2023-11-02,2,19084.33,640,1,2,3,123,Hibernating
2601,2025-08-17,2023-08-11,23,188642.34,137,3,5,5,355,High Value
2602,2023-12-15,2023-08-21,5,10111.05,748,1,4,2,142,At Risk
2603,2023-11-04,2023-11-04,1,160.55,789,1,1,1,111,Hibernating
2605,2023-10-04,2023-10-04,1,873.05,820,1,1,1,111,Hibernating
2606,2025-04-24,2023-08-08,7,33715.01,252,3,4,4,344,High Value
2607,2025-10-01,2024-03-09,4,11642.84,92,4,3,2,432,Loyal
2608,2025-10-27,2023-09-01,18,178260.39,66,4,5,5,455,High Value
2609,2025-09-14,2024-01-04,2,8224.03,109,3,2,2,322,Occasional
2610,2025-10-21,2023-08-23,10,194441.55,72,4,5,5,455,High Value
2611,2024-11-08,2024-07-03,2,2088.63,419,2,2,1,221,Occasional
2613,2023-10-07,2023-10-07,1,1318.0,817,1,1,1,111,Hibernating
2614,2024-03-19,2023-10-12,3,18974.64,653,1,3,3,133,At Risk
2615,2025-11-27,2023-08-07,65,582793.12,35,5,5,5,555,High Value
2616,2024-03-06,2023-11-26,3,1100.89,666,1,3,1,131,At Risk
2617,2024-01-21,2023-08-17,5,34173.31,711,1,4,4,144,At Risk
2618,2023-12-23,2023-11-25,2,13426.5,740,1,2,2,122,Hibernating
2619,2025-12-05,2023-10-29,13,28944.54,27,5,5,3,553,Loyal
2621,2023-09-07,2023-09-07,1,2032.2,847,1,1,1,111,Hibernating
2622,2024-10-28,2023-09-19,10,85717.99,430,2,5,5,255,At Risk
2623,2024-08-19,2024-02-01,3,3493.99,500,2,3,1,231,At Risk
2625,2024-07-17,2023-09-12,5,22622.71,533,2,4,3,243,At Risk
2626,2024-12-22,2024-01-22,3,1925.81,375,2,3,1,231,At Risk
2627,2023-10-30,2023-10-30,1,143.1,794,1,1,1,111,Hibernating
2628,2025-01-13,2023-12-06,5,34056.23,353,2,4,4,244,At Risk
2629,2023-10-29,2023-10-29,1,14848.65,795,1,1,3,113,Hibernating
2630,2025-12-08,2023-08-19,14,101027.48,24,5,5,5,555,High Value
2631,2025-11-14,2025-02-15,3,12484.2,48,4,3,2,432,Loyal
2632,2023-11-27,2023-09-25,5,52325.2,766,1,4,4,144,At Risk
2633,2024-08-03,2023-08-16,14,112610.83,516,2,5,5,255,At Risk
2634,2024-11-04,2023-08-11,38,183249.92,423,2,5,5,255,At Risk
2635,2024-10-11,2024-10-11,1,8594.09,447,2,1,2,212,Occasional
2636,2025-11-16,2025-11-16,1,2925.57,46,4,1,1,411,New
2638,2025-11-30,2023-08-31,22,97349.57,32,5,5,5,555,High Value
2639,2025-12-22,2023-09-26,3,19402.28,10,5,3,3,533,Loyal
2640,2024-08-19,2023-12-08,3,11673.03,500,2,3,2,232,At Risk
2642,2025-08-12,2023-11-26,8,87236.51,142,3,4,5,345,High Value
2643,2023-10-14,2023-10-14,1,4273.2,810,1,1,1,111,Hibernating
2644,2024-07-25,2023-10-28,9,83957.81,525,2,5,5,255,At Risk
2645,2024-01-09,2023-09-08,6,11653.4,723,1,4,2,142,At Risk
2647,2023-11-19,2023-08-17,2,1947.9,774,1,2,1,121,Hibernating
2648,2024-06-01,2023-09-23,3,10704.36,579,1,3,2,132,At Risk
2649,2025-12-18,2024-03-25,6,10337.61,14,5,4,2,542,Loyal
2650,2025-11-09,2023-11-06,3,8605.44,53,4,3,2,432,Loyal
2651,2025-10-21,2023-09-30,11,95210.3,72,4,5,5,455,High Value
2652,2025-05-18,2023-08-15,20,140085.9,228,3,5,5,355,High Value
2653,2023-11-21,2023-11-21,1,2412.3,772,1,1,1,111,Hibernating
2655,2025-10-28,2023-08-13,12,53129.87,65,4,5,4,454,High Value
2657,2023-10-18,2023-10-18,1,1806.4,806,1,1,1,111,Hibernating
2658,2025-05-13,2023-12-02,4,45502.51,233,3,3,4,334,Loyal
2659,2024-04-10,2023-10-02,3,6536.26,631,1,3,2,132,At Risk
2660,2025-10-07,2023-08-13,13,71858.0,86,4,5,5,455,High Value
2661,2025-12-27,2023-09-18,21,124769.81,5,5,5,5,555,High Value
2662,2025-06-25,2023-09-03,19,223670.42,190,3,5,5,355,High Value
2663,2024-12-20,2023-10-28,4,3837.32,377,2,3,1,231,At Risk
2664,2025-11-28,2023-09-09,24,213413.5,34,5,5,5,555,High Value
2666,2024-12-04,2024-08-12,3,6001.37,393,2,3,2,232,At Risk
2667,2025-04-01,2024-01-12,5,88687.28,275,2,4,5,245,At Risk
2668,2025-12-12,2023-09-30,31,197474.54,20,5,5,5,555,High Value
2669,2023-11-14,2023-08-24,3,7165.95,779,1,3,2,132,At Risk
2670,2025-12-02,2023-08-16,37,247732.44,30,5,5,5,555,High Value
2672,2023-12-14,2023-10-01,3,7637.3,749,1,3,2,132,At Risk
2673,2025-12-24,2023-09-20,11,75531.3,8,5,5,5,555,High Value
2674,2024-09-11,2023-08-30,7,33108.42,477,2,4,4,244,At Risk
2675,2024-07-25,2024-01-26,2,5985.82,525,2,2,2,222,Occasional
2676,2025-10-23,2023-09-02,8,45544.08,70,4,4,4,444,High Value
2677,2024-03-02,2023-10-24,2,2158.57,670,1,2,1,121,Hibernating
2678,2024-05-25,2023-09-18,10,54265.1,586,1,5,4,154,At Risk
2679,2025-10-27,2023-09-04,5,12956.79,66,4,4,2,442,Loyal
2680,2024-08-19,2023-11-20,2,6625.0,500,2,2,2,222,Occasional
2681,2024-10-27,2023-09-10,16,69385.38,431,2,5,5,255,At Risk
2682,2025-02-18,2023-08-27,8,44099.6,317,2,4,4,244,At Risk
2683,2025-12-23,2023-10-05,26,174995.97,9,5,5,5,555,High Value
2684,2025-11-25,2023-08-29,61,615364.14,37,4,5,5,455,High Value
2685,2025-11-30,2023-09-15,6,22966.94,32,5,4,3,543,Loyal
2686,2023-10-18,2023-10-18,1,45981.85,806,1,1,4,114,At Risk
2687,2024-09-29,2023-09-04,9,47288.86,459,2,5,4,254,At Risk
2688,2023-11-16,2023-09-25,2,10512.1,777,1,2,2,122,Hibernating
2689,2025-12-24,2023-08-24,33,258919.35,8,5,5,5,555,High Value
2690,2024-11-11,2023-12-24,3,14060.0,416,2,3,3,233,At Risk
2691,2025-09-15,2023-08-19,16,72529.03,108,3,5,5,355,High Value
2692,2023-12-02,2023-12-02,1,3358.0,761,1,1,1,111,Hibernating
2693,2025-11-14,2023-09-14,24,129044.14,48,4,5,5,455,High Value
2694,2024-11-06,2024-11-06,1,17746.46,421,2,1,3,213,Occasional
2695,2025-12-01,2023-10-15,9,24734.58,31,5,5,3,553,Loyal
2696,2024-05-02,2023-11-05,5,13404.29,609,1,4,2,142,At Risk
2697,2025-10-05,2025-04-17,2,5514.64,88,4,2,2,422,Occasional
2698,2025-12-18,2024-02-15,9,101076.03,14,5,5,5,555,High Value
2699,2023-10-22,2023-10-22,1,3637.55,802,1,1,1,111,Hibernating
2700,2024-03-21,2023-11-01,4,14647.47,651,1,3,3,133,At Risk
2701,2025-11-20,2023-11-21,5,17696.14,42,4,4,3,443,Loyal
2703,2024-10-25,2023-12-13,5,38102.95,433,2,4,4,244,At Risk
2704,2025-01-27,2023-10-20,5,129358.53,339,2,4,5,245,At Risk
2705,2024-08-20,2024-08-20,1,1516.32,499,2,1,1,211,Occasional
2706,2024-10-09,2023-09-18,9,21498.06,449,2,5,3,253,At Risk
2707,2024-10-07,2023-10-13,3,22458.57,451,2,3,3,233,At Risk
2708,2025-07-02,2023-08-29,22,159157.48,183,3,5,5,355,High Value
2709,2025-10-10,2024-02-14,7,75456.17,83,4,4,5,445,High Value
2711,2025-12-28,2023-09-01,30,229063.63,4,5,5,5,555,High Value
2712,2025-03-01,2023-10-03,3,10591.64,306,2,3,2,232,At Risk
2713,2024-09-08,2024-09-08,1,1056.74,480,2,1,1,211,Occasional
2714,2023-11-04,2023-08-23,14,81395.65,789,1,5,5,155,At Risk
2715,2024-05-08,2024-05-08,1,542.41,603,1,1,1,111,Hibernating
2717,2023-10-04,2023-10-04,1,5903.1,820,1,1,2,112,Hibernating
2718,2024-07-15,2023-09-18,4,16111.99,535,1,3,3,133,At Risk
2719,2025-06-28,2023-09-08,16,88211.05,187,3,5,5,355,High Value
2722,2023-11-29,2023-11-29,1,1179.4,764,1,1,1,111,Hibernating
2723,2024-03-02,2023-10-07,3,47792.85,670,1,3,4,134,At Risk
2724,2024-11-14,2023-10-16,4,23152.55,413,2,3,3,233,At Risk
2726,2024-01-05,2023-11-24,3,20514.81,727,1,3,3,133,At Risk
2727,2024-09-27,2023-10-07,4,12426.04,461,2,3,2,232,At Risk
2728,2025-10-15,2023-08-24,10,117910.01,78,4,5,5,455,High Value
2730,2023-12-13,2023-09-19,2,6364.6,750,1,2,2,122,Hibernating
2732,2023-11-29,2023-10-03,3,28916.05,764,1,3,3,133,At Risk
2733,2024-05-08,2023-10-23,7,52196.83,603,1,4,4,144,At Risk
2734,2025-08-01,2024-11-20,5,31205.33,153,3,4,4,344,High Value
2735,2024-09-23,2023-08-29,9,42493.72,465,2,5,4,254,At Risk
2736,2025-10-21,2023-08-27,20,131856.0,72,4,5,5,455,High Value
2737,2025-11-03,2023-11-21,7,24732.89,59,4,4,3,443,Loyal
2738,2024-03-03,2023-08-31,3,11932.23,669,1,3,2,132,At Risk
2740,2023-11-22,2023-08-25,6,35659.8,771,1,4,4,144,At Risk
2741,2025-11-24,2023-12-24,20,119818.92,38,4,5,5,455,High Value
2742,2025-05-26,2025-05-26,1,1826.82,220,3,1,1,311,Occasional
2743,2025-11-29,2024-05-20,2,5792.4,33,5,2,2,522,Occasional
2744,2025-02-22,2023-12-04,6,35139.24,313,2,4,4,244,At Risk
2745,2024-03-01,2024-03-01,1,1220.02,671,1,1,1,111,Hibernating
2746,2025-03-08,2023-10-27,10,55493.83,299,2,5,4,254,At Risk
2748,2025-08-02,2023-08-29,7,27791.68,152,3,4,3,343,Loyal
2749,2024-04-29,2023-11-24,7,88235.32,612,1,4,5,145,At Risk
2750,2025-05-11,2023-09-23,20,136567.8,235,3,5,5,355,High Value
2751,2024-03-23,2023-09-24,10,71075.75,649,1,5,5,155,At Risk
2752,2024-03-05,2023-08-31,2,14567.18,667,1,2,3,123,Hibernating
2753,2023-10-23,2023-10-23,1,24380.4,801,1,1,3,113,Hibernating
2754,2023-10-13,2023-09-06,3,8469.4,811,1,3,2,132,At Risk
2755,2024-07-13,2024-07-13,1,1533.16,537,1,1,1,111,Hibernating
2756,2025-11-16,2023-08-30,6,11842.99,46,4,4,2,442,Loyal
2757,2024-09-18,2023-11-27,2,7669.85,470,2,2,2,222,Occasional
2758,2023-12-04,2023-11-28,2,1019.75,759,1,2,1,121,Hibernating
2759,2025-04-28,2023-08-27,20,64227.17,248,3,5,5,355,High Value
2760,2023-09-10,2023-09-10,1,1260.65,844,1,1,1,111,Hibernating
2761,2024-11-02,2024-09-16,2,4529.93,425,2,2,2,222,Occasional
2762,2023-11-28,2023-11-28,1,734.4,765,1,1,1,111,Hibernating
2763,2024-03-03,2024-01-16,2,1567.8,669,1,2,1,121,Hibernating
2765,2025-02-23,2023-10-14,3,7792.44,312,2,3,2,232,At Risk
2766,2023-09-09,2023-09-09,1,474.05,845,1,1,1,111,Hibernating
2767,2025-11-15,2023-10-09,7,17219.13,47,4,4,3,443,Loyal
2768,2024-08-31,2024-04-06,2,2987.87,488,2,2,1,221,Occasional
2769,2025-10-10,2023-09-04,16,99415.06,83,4,5,5,455,High Value
2770,2024-12-10,2023-09-17,8,80867.07,387,2,4,5,245,At Risk
2771,2025-11-23,2023-09-01,40,238186.58,39,4,5,5,455,High Value
2773,2024-11-16,2023-11-18,7,44623.49,411,2,4,4,244,At Risk
2774,2024-09-10,2023-10-29,3,4594.02,478,2,3,2,232,At Risk
2775,2024-03-13,2023-09-17,5,14614.72,659,1,4,3,143,At Risk
2776,2024-09-16,2024-01-04,2,3971.29,472,2,2,1,221,Occasional
2777,2024-06-10,2023-11-21,3,11234.51,570,1,3,2,132,At Risk
2778,2025-11-16,2023-11-13,6,29691.81,46,4,4,4,444,High Value
2779,2024-12-24,2023-10-19,8,35636.66,373,2,4,4,244,At Risk
2780,2025-03-31,2023-10-02,10,46190.37,276,2,5,4,254,At Risk
2782,2023-10-30,2023-10-23,3,7550.0,794,1,3,2,132,At Risk
2783,2025-09-10,2023-10-05,35,503725.05,113,3,5,5,355,High Value
2784,2023-11-17,2023-09-25,4,7874.3,776,1,3,2,132,At Risk
2785,2023-11-27,2023-09-15,3,8421.15,766,1,3,2,132,At Risk
2786,2024-06-30,2024-05-23,2,1523.7,550,1,2,1,121,Hibernating
2787,2025-07-06,2024-11-15,2,5429.02,179,3,2,2,322,Occasional
2788,2023-11-11,2023-10-03,3,59562.15,782,1,3,4,134,At Risk
2789,2025-11-24,2023-11-12,2,4051.16,38,4,2,1,421,Occasional
2790,2024-12-12,2024-12-12,1,1719.38,385,2,1,1,211,Occasional
2791,2023-10-29,2023-09-05,2,3818.3,795,1,2,1,121,Hibernating
2792,2024-12-15,2023-09-02,40,272384.43,382,2,5,5,255,At Risk
2793,2023-12-23,2023-12-23,1,1034.55,740,1,1,1,111,Hibernating
2795,2025-12-31,2023-09-02,51,349705.3,1,5,5,5,555,High Value
2796,2025-01-03,2023-09-27,2,7938.96,363,2,2,2,222,Occasional
2797,2024-06-27,2023-09-13,15,158167.61,553,1,5,5,155,At Risk
2798,2023-11-29,2023-10-19,3,4956.7,764,1,3,2,132,At Risk
2801,2024-07-17,2024-07-17,1,14897.37,533,2,1,3,213,Occasional
2802,2024-02-17,2023-12-07,3,31179.17,684,1,3,4,134,At Risk
2803,2024-07-27,2023-09-16,4,30570.83,523,2,3,4,234,At Risk
2804,2025-10-09,2023-09-11,19,138060.61,84,4,5,5,455,High Value
2805,2025-11-29,2023-11-11,10,54840.55,33,5,5,4,554,High Value
2806,2023-11-29,2023-11-29,1,7866.25,764,1,1,2,112,Hibernating
2807,2024-02-12,2023-09-30,2,1825.78,689,1,2,1,121,Hibernating
2808,2024-05-24,2024-05-24,1,3576.56,587,1,1,1,111,Hibernating
2809,2025-09-18,2024-04-10,2,18712.84,105,3,2,3,323,Occasional
2810,2025-02-05,2023-11-12,14,91377.25,330,2,5,5,255,At Risk
2811,2025-11-23,2023-10-02,18,136411.59,39,4,5,5,455,High Value
2812,2025-03-30,2024-05-16,3,10668.07,277,2,3,2,232,At Risk
2813,2023-11-21,2023-11-21,1,22746.4,772,1,1,3,113,Hibernating
2814,2025-03-06,2025-03-06,1,2889.28,301,2,1,1,211,Occasional
2815,2025-11-27,2023-10-03,20,87053.32,35,5,5,5,555,High Value
2816,2024-11-09,2024-01-18,6,60585.09,418,2,4,4,244,At Risk
2817,2024-10-19,2023-11-11,5,53598.56,439,2,4,4,244,At Risk
2818,2024-07-13,2023-10-05,12,61243.26,537,1,5,4,154,At Risk
2819,2025-04-01,2024-03-13,2,19828.65,275,2,2,3,223,Occasional
2820,2023-09-07,2023-09-07,1,14296.15,847,1,1,3,113,Hibernating
2821,2024-04-15,2024-04-15,1,7474.74,626,1,1,2,112,Hibernating
2822,2023-09-25,2023-09-25,1,1625.1,829,1,1,1,111,Hibernating
2823,2025-09-05,2024-02-05,8,32926.83,118,3,4,4,344,High Value
2824,2025-12-16,2023-10-29,21,117092.86,16,5,5,5,555,High Value
2825,2025-12-23,2023-09-17,3,22292.27,9,5,3,3,533,Loyal
2826,2025-10-27,2023-09-22,18,48726.58,66,4,5,4,454,High Value
2827,2024-11-19,2023-12-13,4,79711.22,408,2,3,5,235,At Risk
2828,2025-11-10,2023-11-14,6,22634.75,52,4,4,3,443,Loyal
2830,2024-02-24,2023-10-06,9,39788.61,677,1,5,4,154,At Risk
2831,2025-04-21,2024-03-16,7,62376.4,255,3,4,5,345,High Value
2833,2025-11-16,2023-11-18,10,106866.96,46,4,5,5,455,High Value
2834,2024-01-16,2023-09-20,10,30387.39,716,1,5,4,154,At Risk
2835,2024-06-08,2024-06-08,1,7825.53,572,1,1,2,112,Hibernating
2836,2025-04-12,2023-12-06,3,22782.89,264,3,3,3,333,Loyal
2837,2025-08-30,2023-09-19,16,82046.08,124,3,5,5,355,High Value
2839,2024-07-21,2023-10-06,11,87674.61,529,2,5,5,255,At Risk
2840,2025-09-03,2023-10-16,6,10186.69,120,3,4,2,342,Loyal
2841,2025-09-26,2023-10-01,2,3406.98,97,3,2,1,321,Occasional
2842,2023-11-11,2023-10-21,3,11106.9,782,1,3,2,132,At Risk
2843,2025-02-28,2023-11-12,10,96037.2,307,2,5,5,255,At Risk
2844,2025-03-28,2023-09-28,4,25890.01,279,2,3,3,233,At Risk
2846,2023-12-27,2023-12-27,1,2428.2,736,1,1,1,111,Hibernating
2847,2024-07-09,2023-10-01,4,40494.48,541,1,3,4,134,At Risk
2848,2025-05-15,2023-09-24,34,270185.66,231,3,5,5,355,High Value
2849,2025-12-16,2023-10-09,20,99321.32,16,5,5,5,555,High Value
2850,2024-01-12,2023-09-10,17,107676.15,720,1,5,5,155,At Risk
2851,2025-03-19,2023-10-07,6,42510.61,288,2,4,4,244,At Risk
2852,2025-08-06,2023-12-19,4,21734.51,148,3,3,3,333,Loyal
2853,2024-10-30,2024-10-30,1,233.06,428,2,1,1,211,Occasional
2854,2024-11-07,2023-09-15,20,91134.65,420,2,5,5,255,At Risk
2855,2023-10-13,2023-10-13,1,1649.65,811,1,1,1,111,Hibernating
2856,2025-11-03,2023-09-30,22,185523.08,59,4,5,5,455,High Value
2857,2025-05-20,2023-12-22,7,17906.16,226,3,4,3,343,Loyal
2858,2025-09-22,2025-09-22,1,135.31,101,3,1,1,311,Occasional
2859,2025-12-03,2023-09-23,49,300798.92,29,5,5,5,555,High Value
2860,2025-05-16,2024-03-24,3,15142.68,230,3,3,3,333,Loyal
2861,2025-11-26,2024-03-23,9,40816.38,36,5,5,4,554,High Value
2862,2025-09-11,2025-09-11,1,24352.22,112,3,1,3,313,Occasional
2863,2025-11-09,2023-10-03,12,74306.87,53,4,5,5,455,High Value
2865,2025-12-08,2024-11-03,2,38150.38,24,5,2,4,524,Occasional
2866,2025-12-23,2023-09-29,17,81896.49,9,5,5,5,555,High Value
2867,2023-09-13,2023-09-13,1,1903.15,841,1,1,1,111,Hibernating
2868,2024-07-31,2024-03-26,2,22271.7,519,2,2,3,223,Occasional
2869,2025-09-01,2025-09-01,1,690.17,122,3,1,1,311,Occasional
2870,2025-08-09,2023-09-30,16,82943.25,145,3,5,5,355,High Value
2871,2025-12-29,2023-09-16,9,55597.83,3,5,5,4,554,High Value
2872,2024-01-16,2024-01-16,1,3073.83,716,1,1,1,111,Hibernating
2874,2024-10-27,2023-09-24,13,97743.54,431,2,5,5,255,At Risk
2875,2025-10-10,2024-03-02,5,24436.39,83,4,4,3,443,Loyal
2876,2024-10-10,2024-10-08,2,8124.75,448,2,2,2,222,Occasional
2877,2024-05-25,2023-10-07,4,17399.1,586,1,3,3,133,At Risk
2879,2025-09-12,2024-01-17,7,72169.0,111,3,4,5,345,High Value
2880,2024-01-26,2023-10-13,2,14856.07,706,1,2,3,123,Hibernating
2881,2023-10-31,2023-10-24,3,11994.85,793,1,3,2,132,At Risk
2882,2024-10-12,2023-10-01,10,89530.21,446,2,5,5,255,At Risk
2883,2025-11-25,2023-10-07,6,8706.37,37,4,4,2,442,Loyal
2884,2025-03-07,2023-11-08,9,70210.72,300,2,5,5,255,At Risk
2885,2025-11-30,2023-10-10,13,188621.81,32,5,5,5,555,High Value
2886,2024-01-20,2023-10-14,2,3616.41,712,1,2,1,121,Hibernating
2887,2023-10-19,2023-10-13,2,16352.55,805,1,2,3,123,Hibernating
2889,2025-05-17,2023-11-24,7,74595.77,229,3,4,5,345,High Value
2890,2025-12-24,2023-09-11,25,143690.6,8,5,5,5,555,High Value
2891,2024-03-01,2023-09-14,2,2909.9,671,1,2,1,121,Hibernating
2893,2023-12-13,2023-11-15,2,5419.9,750,1,2,2,122,Hibernating
2894,2025-11-11,2024-05-20,4,35254.11,51,4,3,4,434,Loyal
2895,2024-05-22,2023-09-22,9,68413.93,589,1,5,5,155,At Risk
2897,2024-09-06,2024-02-21,3,29962.7,482,2,3,4,234,At Risk
2898,2025-04-06,2024-04-28,3,12398.77,270,3,3,2,332,Loyal
2899,2025-11-26,2023-10-27,23,167557.08,36,5,5,5,555,High Value
2900,2024-07-13,2023-09-19,5,45573.34,537,1,4,4,144,At Risk
2901,2023-10-18,2023-10-18,1,519.2,806,1,1,1,111,Hibernating
2902,2025-05-17,2023-10-01,10,70157.64,229,3,5,5,355,High Value
2903,2024-02-03,2023-09-17,7,22971.89,698,1,4,3,143,At Risk
2904,2025-10-19,2023-10-24,10,37569.58,74,4,5,4,454,High Value
2905,2025-09-13,2024-03-15,7,42517.83,110,3,4,4,344,High Value
2906,2024-04-11,2023-09-27,6,53613.49,630,1,4,4,144,At Risk
2907,2024-07-22,2023-11-04,2,2082.61,528,2,2,1,221,Occasional
2908,2023-10-21,2023-09-17,2,9348.7,803,1,2,2,122,Hibernating
2909,2024-01-21,2023-11-12,5,52715.24,711,1,4,4,144,At Risk
2910,2024-03-20,2023-11-15,2,19042.97,652,1,2,3,123,Hibernating
2911,2025-06-02,2024-02-25,2,6554.75,213,3,2,2,322,Occasional
2912,2025-11-06,2023-10-25,5,35115.74,56,4,4,4,444,High Value
2913,2025-12-06,2023-11-14,7,29887.79,26,5,4,4,544,High Value
2914,2025-11-05,2023-10-05,18,94140.56,57,4,5,5,455,High Value
2915,2023-11-18,2023-11-18,1,854.1,775,1,1,1,111,Hibernating
2916,2025-12-08,2023-10-08,3,43463.27,24,5,3,4,534,Loyal
2918,2023-10-08,2023-10-06,2,35351.25,816,1,2,4,124,At Risk
2919,2025-12-11,2023-10-13,27,203769.07,21,5,5,5,555,High Value
2920,2024-03-19,2023-10-02,10,83456.98,653,1,5,5,155,At Risk
2922,2023-09-27,2023-09-27,1,1328.1,827,1,1,1,111,Hibernating
2923,2025-03-11,2023-10-24,6,15046.83,296,2,4,3,243,At Risk
2924,2025-12-22,2023-10-24,4,88639.2,10,5,3,5,535,Loyal
2927,2025-12-07,2023-10-30,5,106232.39,25,5,4,5,545,High Value
2928,2023-12-11,2023-12-01,2,37445.9,752,1,2,4,124,At Risk
2929,2025-11-25,2023-09-17,10,66248.98,37,4,5,5,455,High Value
2930,2025-03-02,2023-09-27,4,10130.1,305,2,3,2,232,At Risk
2931,2024-02-11,2023-10-01,17,153339.81,690,1,5,5,155,At Risk
2932,2025-08-07,2023-11-11,6,52813.41,147,3,4,4,344,High Value
2933,2025-04-27,2023-09-22,26,154735.66,249,3,5,5,355,High Value
2934,2023-11-05,2023-11-05,1,1740.25,788,1,1,1,111,Hibernating
2935,2024-08-05,2023-10-06,7,34099.03,514,2,4,4,244,At Risk
2936,2025-10-20,2023-11-25,10,51836.95,73,4,5,4,454,High Value
2937,2025-12-21,2023-10-08,19,66252.66,11,5,5,5,555,High Value
2938,2025-04-27,2023-12-23,4,11043.42,249,3,3,2,332,Loyal
2939,2025-07-11,2023-10-02,8,28090.93,174,3,4,3,343,Loyal
2940,2024-11-22,2024-04-02,6,18305.5,405,2,4,3,243,At Risk
2941,2024-03-17,2023-09-25,6,45946.88,655,1,4,4,144,At Risk
2942,2023-10-26,2023-10-26,1,2024.3,798,1,1,1,111,Hibernating
2943,2025-08-13,2023-11-29,7,60909.05,141,3,4,4,344,High Value
2944,2025-11-29,2023-09-23,22,88334.64,33,5,5,5,555,High Value
2945,2025-08-27,2024-04-14,3,28056.26,127,3,3,3,333,Loyal
2946,2025-10-11,2023-12-10,16,74806.87,82,4,5,5,455,High Value
2947,2024-07-17,2024-07-10,2,1988.58,533,2,2,1,221,Occasional
2948,2023-10-07,2023-10-07,1,230.3,817,1,1,1,111,Hibernating
2949,2024-08-17,2023-10-06,15,74997.04,502,2,5,5,255,At Risk
2951,2024-03-17,2023-10-08,8,51095.37,655,1,4,4,144,At Risk
2952,2025-08-14,2023-10-14,11,71534.01,140,3,5,5,355,High Value
2953,2025-12-18,2023-09-21,56,400023.72,14,5,5,5,555,High Value
2954,2024-01-19,2024-01-19,1,5818.02,713,1,1,2,112,Hibernating
2955,2023-11-30,2023-10-07,4,2696.6,763,1,3,1,131,At Risk
2956,2024-11-24,2023-10-22,7,28198.12,403,2,4,3,243,At Risk
2957,2025-08-11,2023-11-07,7,58203.34,143,3,4,4,344,High Value
2958,2024-02-22,2023-10-06,3,19166.27,679,1,3,3,133,At Risk
2959,2024-01-30,2023-10-22,2,6625.96,702,1,2,2,122,Hibernating
2962,2024-02-29,2023-09-24,5,74717.47,672,1,4,5,145,At Risk
2963,2024-11-17,2024-01-14,3,24754.66,410,2,3,3,233,At Risk
2964,2024-11-30,2023-11-08,6,40427.51,397,2,4,4,244,At Risk
2965,2023-09-23,2023-09-23,1,929.1,831,1,1,1,111,Hibernating
2966,2024-11-18,2024-06-21,4,7765.47,409,2,3,2,232,At Risk
2967,2024-07-09,2023-10-15,10,85340.32,541,1,5,5,155,At Risk
2968,2025-03-26,2024-03-24,3,22167.23,281,2,3,3,233,At Risk
2970,2024-07-15,2023-10-06,4,17555.42,535,1,3,3,133,At Risk
2971,2024-08-31,2023-10-13,6,14242.58,488,2,4,3,243,At Risk
2972,2024-01-24,2023-10-05,12,56680.17,708,1,5,4,154,At Risk
2974,2025-12-31,2023-12-14,15,77322.95,1,5,5,5,555,High Value
2975,2023-12-22,2023-11-12,3,3107.95,741,1,3,1,131,At Risk
2976,2024-12-05,2023-10-05,20,96778.33,392,2,5,5,255,At Risk
2977,2024-01-19,2023-10-03,6,62518.74,713,1,4,5,145,At Risk
2978,2025-10-22,2023-10-14,25,196164.82,71,4,5,5,455,High Value
2979,2024-04-23,2024-04-23,1,3225.45,618,1,1,1,111,Hibernating
2980,2025-04-05,2023-12-22,2,32215.96,271,3,2,4,324,Occasional
2981,2025-03-21,2025-02-04,2,75316.56,286,2,2,5,225,At Risk
2982,2025-12-26,2023-10-01,5,54846.37,6,5,4,4,544,High Value
2983,2025-08-04,2023-10-11,6,71685.22,150,3,4,5,345,High Value
2985,2025-10-05,2023-10-14,3,41656.86,88,4,3,4,434,Loyal
2986,2025-11-10,2023-11-24,16,161277.04,52,4,5,5,455,High Value
2987,2023-12-07,2023-11-18,2,1433.2,756,1,2,1,121,Hibernating
2988,2024-07-07,2023-09-22,2,9890.44,543,1,2,2,122,Hibernating
2989,2024-02-25,2023-10-19,6,19211.38,676,1,4,3,143,At Risk
2990,2023-12-03,2023-12-03,1,271.15,760,1,1,1,111,Hibernating
2991,2025-12-25,2023-10-13,24,141962.78,7,5,5,5,555,High Value
2992,2024-11-04,2023-10-20,8,32770.35,423,2,4,4,244,At Risk
2993,2025-12-25,2023-10-01,9,64840.88,7,5,5,5,555,High Value
2994,2025-12-25,2023-10-27,31,187328.86,7,5,5,5,555,High Value
2995,2025-06-15,2023-12-09,4,24524.57,200,3,3,3,333,Loyal
2996,2024-10-06,2023-10-03,30,146770.02,452,2,5,5,255,At Risk
2997,2024-10-17,2023-09-25,6,31672.02,441,2,4,4,244,At Risk
2998,2025-12-24,2023-12-28,10,53055.57,8,5,5,4,554,High Value
3000,2024-09-10,2023-09-26,3,14038.76,478,2,3,3,233,At Risk
3001,2025-06-16,2023-10-24,4,46550.91,199,3,3,4,334,Loyal
3002,2025-11-30,2024-03-07,3,152254.79,32,5,3,5,535,Loyal
3003,2025-08-04,2024-06-04,2,2058.15,150,3,2,1,321,Occasional
3004,2025-09-08,2023-11-10,23,212446.21,115,3,5,5,355,High Value
3006,2024-05-03,2023-12-18,4,15487.13,608,1,3,3,133,At Risk
3007,2024-01-05,2023-09-27,14,84134.64,727,1,5,5,155,At Risk
3008,2025-10-22,2023-11-06,9,66883.72,71,4,5,5,455,High Value
3009,2025-12-13,2023-09-28,35,239430.41,19,5,5,5,555,High Value
3010,2024-05-19,2023-11-19,5,6558.02,592,1,4,2,142,At Risk
3011,2023-12-24,2023-12-24,1,4730.75,739,1,1,2,112,Hibernating
3012,2025-08-08,2023-11-13,6,23191.88,146,3,4,3,343,Loyal
3013,2024-12-31,2023-10-22,4,9164.27,366,2,3,2,232,At Risk
3014,2025-10-15,2024-01-23,3,28047.56,78,4,3,3,433,Loyal
3015,2025-10-11,2023-10-06,9,159451.6,82,4,5,5,455,High Value
3016,2025-07-25,2023-12-21,8,87701.02,160,3,4,5,345,High Value
3017,2024-12-16,2023-11-14,5,15462.98,381,2,4,3,243,At Risk
3018,2025-05-12,2024-08-12,2,29528.99,234,3,2,4,324,Occasional
3019,2025-11-22,2023-11-02,6,59018.71,40,4,4,4,444,High Value
3020,2023-12-30,2023-12-30,1,32519.95,733,1,1,4,114,At Risk
3021,2025-12-30,2023-10-26,16,82121.39,2,5,5,5,555,High Value
3022,2025-02-27,2023-10-16,6,38240.17,308,2,4,4,244,At Risk
3024,2025-11-22,2023-11-03,5,28972.02,40,4,4,3,443,Loyal
3025,2024-11-17,2023-09-28,15,111086.0,410,2,5,5,255,At Risk
3028,2024-04-08,2024-02-01,2,22417.45,633,1,2,3,123,Hibernating
3029,2025-12-05,2023-10-16,14,67422.73,27,5,5,5,555,High Value
3030,2024-04-09,2024-02-15,2,8366.17,632,1,2,2,122,Hibernating
3031,2025-11-09,2023-11-20,7,41444.62,53,4,4,4,444,High Value
3033,2024-04-30,2024-01-01,3,6282.79,611,1,3,2,132,At Risk
3034,2025-12-08,2023-12-13,9,43673.92,24,5,5,4,554,High Value
3035,2023-11-21,2023-11-21,1,4504.7,772,1,1,2,112,Hibernating
3036,2025-02-11,2023-10-13,5,23035.37,324,2,4,3,243,At Risk
3037,2024-11-26,2023-12-16,4,38194.81,401,2,3,4,234,At Risk
3038,2025-04-18,2023-10-04,48,310602.4,258,3,5,5,355,High Value
3040,2024-03-05,2024-01-21,3,7369.54,667,1,3,2,132,At Risk
3041,2024-11-27,2023-12-25,4,18610.09,400,2,3,3,233,At Risk
3042,2023-10-21,2023-10-21,1,15972.25,803,1,1,3,113,Hibernating
3043,2025-11-23,2023-11-15,9,81744.01,39,4,5,5,455,High Value
3044,2024-02-29,2023-12-15,2,6647.52,672,1,2,2,122,Hibernating
3045,2024-08-25,2023-11-08,4,6768.2,494,2,3,2,232,At Risk
3046,2024-05-30,2023-10-30,3,8455.61,581,1,3,2,132,At Risk
3047,2023-10-03,2023-10-03,1,1641.8,821,1,1,1,111,Hibernating
3048,2024-03-03,2024-03-03,1,1773.46,669,1,1,1,111,Hibernating
3049,2025-06-21,2024-05-06,3,46505.95,194,3,3,4,334,Loyal
3050,2024-05-25,2023-10-11,8,41761.16,586,1,4,4,144,At Risk
3051,2024-01-31,2023-10-30,5,12064.42,701,1,4,2,142,At Risk
3053,2025-08-04,2023-12-03,4,13988.93,150,3,3,3,333,Loyal
3054,2023-10-03,2023-10-03,1,1402.7,821,1,1,1,111,Hibernating
3055,2025-10-19,2023-12-17,5,54653.31,74,4,4,4,444,High Value
3057,2024-04-17,2023-11-25,3,8000.14,624,1,3,2,132,At Risk
3058,2024-05-31,2023-10-25,2,3794.03,580,1,2,1,121,Hibernating
3059,2024-12-04,2023-10-08,8,262655.78,393,2,4,5,245,At Risk
3061,2024-04-01,2023-11-12,3,27787.5,640,1,3,3,133,At Risk
3062,2025-12-27,2024-06-21,6,55523.98,5,5,4,4,544,High Value
3063,2024-01-04,2023-10-18,2,11991.1,728,1,2,2,122,Hibernating
3064,2025-04-18,2024-01-29,4,21646.6,258,3,3,3,333,Loyal
3065,2023-12-23,2023-11-04,3,15373.5,740,1,3,3,133,At Risk
3066,2025-06-04,2023-12-27,7,39451.01,211,3,4,4,344,High Value
3067,2024-02-04,2023-12-05,2,6578.85,697,1,2,2,122,Hibernating
3068,2024-04-10,2023-10-13,10,52791.57,631,1,5,4,154,At Risk
3069,2024-12-19,2023-11-23,6,56934.56,378,2,4,4,244,At Risk
3070,2025-09-23,2025-09-23,1,4898.19,100,3,1,2,312,Occasional
3071,2024-01-24,2023-11-05,4,4394.02,708,1,3,1,131,At Risk
3072,2024-10-21,2023-12-13,4,24644.7,437,2,3,3,233,At Risk
3073,2024-12-13,2023-11-13,7,97536.46,384,2,4,5,245,At Risk
3074,2025-12-12,2023-10-09,15,148096.89,20,5,5,5,555,High Value
3075,2025-09-05,2024-01-18,3,17253.56,118,3,3,3,333,Loyal
3076,2025-11-21,2023-11-23,15,135257.48,41,4,5,5,455,High Value
3077,2025-12-12,2023-10-13,16,138090.69,20,5,5,5,555,High Value
3078,2024-10-29,2024-02-08,4,35720.51,429,2,3,4,234,At Risk
3079,2023-11-08,2023-11-08,1,22222.85,785,1,1,3,113,Hibernating
3080,2025-01-22,2024-03-21,2,7769.92,344,2,2,2,222,Occasional
3081,2024-03-09,2023-10-29,3,13560.75,663,1,3,2,132,At Risk
3082,2023-12-19,2023-10-20,7,18939.75,744,1,4,3,143,At Risk
3083,2024-06-28,2023-10-25,9,94769.39,552,1,5,5,155,At Risk
3084,2023-12-07,2023-10-30,3,39967.35,756,1,3,4,134,At Risk
3085,2024-02-13,2023-10-15,2,11758.3,688,1,2,2,122,Hibernating
3086,2023-12-03,2023-12-03,1,3978.0,760,1,1,1,111,Hibernating
3087,2023-11-13,2023-11-13,1,7249.65,780,1,1,2,112,Hibernating
3088,2023-11-27,2023-11-27,1,21068.95,766,1,1,3,113,Hibernating
3089,2025-11-05,2023-11-06,25,124923.01,57,4,5,5,455,High Value
3091,2024-05-06,2024-05-06,1,6882.72,605,1,1,2,112,Hibernating
3092,2025-08-07,2023-12-15,11,78277.46,147,3,5,5,355,High Value
3093,2025-06-22,2023-10-14,4,14272.72,193,3,3,3,333,Loyal
3094,2025-11-06,2023-11-09,26,170644.43,56,4,5,5,455,High Value
3095,2025-11-04,2023-10-08,35,153546.14,58,4,5,5,455,High Value
3096,2024-05-12,2024-02-11,2,11773.68,599,1,2,2,122,Hibernating
3097,2024-04-12,2024-04-12,1,3273.56,629,1,1,1,111,Hibernating
3099,2023-11-27,2023-10-21,2,19953.8,766,1,2,3,123,Hibernating
3101,2024-01-27,2024-01-27,1,1621.51,705,1,1,1,111,Hibernating
3102,2023-11-17,2023-11-17,1,1291.75,776,1,1,1,111,Hibernating
3103,2024-02-05,2023-11-07,7,103456.21,696,1,4,5,145,At Risk
3104,2024-07-01,2023-10-17,16,50609.33,549,1,5,4,154,At Risk
3105,2025-02-24,2023-12-04,2,23043.74,311,2,2,3,223,Occasional
3106,2023-11-25,2023-11-25,1,3254.65,768,1,1,1,111,Hibernating
3107,2024-07-24,2024-03-22,2,28565.89,526,2,2,3,223,Occasional
3108,2025-12-21,2023-10-22,18,97859.34,11,5,5,5,555,High Value
3109,2024-01-24,2023-10-26,11,40815.56,708,1,5,4,154,At Risk
3110,2025-11-01,2023-11-19,7,35442.39,61,4,4,4,444,High Value
3111,2023-12-30,2023-10-11,3,41780.25,733,1,3,4,134,At Risk
3112,2025-09-12,2023-10-17,3,4585.24,111,3,3,2,332,Loyal
3113,2024-01-09,2023-10-12,7,79716.88,723,1,4,5,145,At Risk
3115,2025-08-03,2023-10-28,5,34238.46,151,3,4,4,344,High Value
3116,2024-10-04,2024-09-04,2,13175.81,454,2,2,2,222,Occasional
3117,2023-10-13,2023-10-13,1,1109.0,811,1,1,1,111,Hibernating
3118,2024-05-30,2023-10-09,12,78783.58,581,1,5,5,155,At Risk
3119,2025-10-19,2023-10-10,5,27762.58,74,4,4,3,443,Loyal
3122,2025-11-20,2023-10-12,45,314079.85,42,4,5,5,455,High Value
3123,2024-10-06,2024-10-06,1,16914.77,452,2,1,3,213,Occasional
3124,2025-01-30,2023-11-10,4,20730.36,336,2,3,3,233,At Risk
3125,2024-06-11,2024-06-11,1,8337.53,569,1,1,2,112,Hibernating
3126,2025-08-28,2023-11-21,15,119480.34,126,3,5,5,355,High Value
3127,2025-09-24,2023-10-11,43,310165.96,99,3,5,5,355,High Value
3128,2025-11-18,2023-12-17,14,66020.57,44,4,5,5,455,High Value
3129,2024-03-06,2023-10-10,7,48627.89,666,1,4,4,144,At Risk
3131,2024-06-02,2023-10-30,5,13352.21,578,1,4,2,142,At Risk
3132,2025-10-12,2023-12-30,8,154849.66,81,4,4,5,445,High Value
3133,2024-11-02,2023-12-28,3,34270.99,425,2,3,4,234,At Risk
3135,2024-10-26,2023-11-27,3,26723.55,432,2,3,3,233,At Risk
3136,2025-12-17,2023-11-19,16,38945.88,15,5,5,4,554,High Value
3137,2023-11-26,2023-11-26,1,511.3,767,1,1,1,111,Hibernating
3138,2023-11-14,2023-10-14,3,10890.1,779,1,3,2,132,At Risk
3139,2025-10-02,2023-12-16,3,9661.76,91,4,3,2,432,Loyal
3140,2024-01-05,2024-01-05,1,4938.43,727,1,1,2,112,Hibernating
3142,2024-01-08,2023-10-17,3,43981.08,724,1,3,4,134,At Risk
3143,2024-02-28,2023-12-31,2,16721.63,673,1,2,3,123,Hibernating
3144,2025-11-02,2023-10-24,8,32336.99,60,4,4,4,444,High Value
3145,2025-11-29,2023-10-19,22,156286.54,33,5,5,5,555,High Value
3147,2024-10-30,2023-10-14,7,59302.37,428,2,4,4,244,At Risk
3148,2024-11-02,2024-01-24,6,39148.68,425,2,4,4,244,At Risk
3149,2024-12-28,2023-10-28,3,4257.15,369,2,3,1,231,At Risk
3151,2025-03-28,2023-10-19,27,208129.43,279,2,5,5,255,At Risk
3152,2024-02-11,2023-11-20,6,32442.66,690,1,4,4,144,At Risk
3153,2025-09-28,2023-11-10,9,33621.37,95,4,5,4,454,High Value
3154,2025-01-27,2023-10-13,7,39509.41,339,2,4,4,244,At Risk
3155,2024-10-07,2023-10-14,21,95980.78,451,2,5,5,255,At Risk
3156,2024-09-22,2024-09-17,2,46710.25,466,2,2,4,224,At Risk
3157,2025-10-13,2023-11-09,14,85035.86,80,4,5,5,455,High Value
3158,2024-12-05,2023-11-23,24,145329.4,392,2,5,5,255,At Risk
3159,2023-10-17,2023-10-17,1,1409.7,807,1,1,1,111,Hibernating
3160,2025-04-23,2023-10-31,5,12900.31,253,3,4,2,342,Loyal
3161,2025-07-15,2023-12-05,11,57598.4,170,3,5,4,354,High Value
3162,2024-01-07,2023-10-16,3,6761.26,725,1,3,2,132,At Risk
3163,2024-08-12,2023-11-10,5,38502.01,507,2,4,4,244,At Risk
3164,2025-09-11,2023-10-21,24,100075.52,112,3,5,5,355,High Value
3165,2025-03-13,2023-12-08,7,63417.46,294,2,4,5,245,At Risk
3166,2025-11-18,2023-10-21,17,129306.96,44,4,5,5,455,High Value
3167,2024-04-09,2024-04-09,1,2589.81,632,1,1,1,111,Hibernating
3169,2024-08-18,2023-10-27,4,6505.83,501,2,3,2,232,At Risk
3170,2025-04-24,2024-01-30,4,22618.18,252,3,3,3,333,Loyal
3171,2025-11-14,2023-10-25,10,66342.6,48,4,5,5,455,High Value
3173,2025-09-26,2023-10-23,9,45906.31,97,3,5,4,354,High Value
3174,2024-11-28,2023-10-19,10,82591.18,399,2,5,5,255,At Risk
3176,2025-08-09,2023-11-22,23,192693.56,145,3,5,5,355,High Value
3177,2024-01-20,2023-10-17,8,91687.58,712,1,4,5,145,At Risk
3178,2025-11-12,2023-12-10,17,86349.1,50,4,5,5,455,High Value
3179,2023-11-20,2023-11-20,1,18036.35,773,1,1,3,113,Hibernating
3180,2024-05-18,2023-10-24,3,14820.77,593,1,3,3,133,At Risk
3181,2024-02-22,2024-02-22,1,767.52,679,1,1,1,111,Hibernating
3182,2025-11-10,2023-10-26,4,34526.36,52,4,3,4,434,Loyal
3183,2025-04-02,2024-03-08,5,29090.97,274,2,4,3,243,At Risk
3184,2024-02-27,2024-02-27,1,4604.18,674,1,1,2,112,Hibernating
3185,2025-10-11,2023-11-22,4,31098.21,82,4,3,4,434,Loyal
3186,2025-11-24,2023-10-19,10,38260.97,38,4,5,4,454,High Value
3187,2024-11-25,2023-11-25,5,15650.23,402,2,4,3,243,At Risk
3188,2024-01-21,2024-01-21,1,4457.75,711,1,1,2,112,Hibernating
3189,2023-12-26,2023-10-18,7,33559.7,737,1,4,4,144,At Risk
3190,2024-12-20,2024-11-02,2,17580.73,377,2,2,3,223,Occasional
3191,2024-05-08,2023-11-23,4,28088.35,603,1,3,3,133,At Risk
3192,2025-08-02,2023-11-28,5,24483.34,152,3,4,3,343,Loyal
3193,2024-01-11,2024-01-11,1,17943.69,721,1,1,3,113,Hibernating
3194,2025-10-03,2023-11-24,9,48750.04,90,4,5,4,454,High Value
3195,2025-08-25,2023-10-25,5,38401.94,129,3,4,4,344,High Value
3196,2025-06-25,2024-01-22,4,60490.76,190,3,3,4,334,Loyal
3198,2024-06-10,2023-11-02,3,26027.57,570,1,3,3,133,At Risk
3199,2023-10-19,2023-10-19,1,355.3,805,1,1,1,111,Hibernating
3201,2025-12-26,2023-11-15,20,117632.81,6,5,5,5,555,High Value
3202,2025-12-07,2023-10-25,29,266968.42,25,5,5,5,555,High Value
3203,2024-01-21,2024-01-21,1,1369.32,711,1,1,1,111,Hibernating
3204,2025-02-25,2025-02-25,1,6975.34,310,2,1,2,212,Occasional
3205,2024-08-31,2023-11-04,7,85888.5,488,2,4,5,245,At Risk
3206,2023-12-16,2023-12-16,1,985.15,747,1,1,1,111,Hibernating
3207,2025-11-16,2023-11-20,31,229734.18,46,4,5,5,455,High Value
3209,2024-12-10,2023-11-07,14,87555.32,387,2,5,5,255,At Risk
3210,2024-07-22,2024-07-22,1,2281.03,528,2,1,1,211,Occasional
3211,2025-11-02,2023-10-21,32,258252.54,60,4,5,5,455,High Value
3212,2023-11-17,2023-11-17,1,1384.65,776,1,1,1,111,Hibernating
3213,2025-03-30,2023-11-21,8,26265.48,277,2,4,3,243,At Risk
3214,2024-01-16,2023-10-28,2,15553.54,716,1,2,3,123,Hibernating
3215,2024-03-15,2023-10-30,14,53692.87,657,1,5,4,154,At Risk
3216,2024-09-15,2023-10-23,2,3718.65,473,2,2,1,221,Occasional
3217,2023-10-31,2023-10-31,1,926.1,793,1,1,1,111,Hibernating
3219,2023-12-26,2023-12-26,1,17155.35,737,1,1,3,113,Hibernating
3220,2024-02-04,2023-11-04,3,21392.59,697,1,3,3,133,At Risk
3221,2025-01-12,2023-11-14,4,17100.66,354,2,3,3,233,At Risk
3222,2024-09-16,2023-11-08,14,74535.83,472,2,5,5,255,At Risk
3223,2024-02-23,2023-10-20,2,17407.37,678,1,2,3,123,Hibernating
3224,2024-06-01,2023-11-04,5,64441.43,579,1,4,5,145,At Risk
3225,2024-09-28,2024-03-07,3,40103.17,460,2,3,4,234,At Risk
3226,2024-05-11,2024-05-11,1,19652.04,600,1,1,3,113,Hibernating
3227,2024-03-18,2024-02-16,2,24469.74,654,1,2,3,123,Hibernating
3228,2024-05-16,2023-12-22,2,5770.85,595,1,2,2,122,Hibernating
3229,2024-12-02,2024-01-14,3,25496.49,395,2,3,3,233,At Risk
3230,2024-10-17,2023-11-02,2,4531.05,441,2,2,2,222,Occasional
3232,2025-11-13,2023-10-31,16,118814.79,49,4,5,5,455,High Value
3233,2024-06-21,2023-11-09,9,41049.72,559,1,5,4,154,At Risk
3234,2025-04-22,2023-11-09,2,2309.24,254,3,2,1,321,Occasional
3235,2024-12-21,2024-04-06,5,47396.65,376,2,4,4,244,At Risk
3236,2024-05-18,2024-01-12,2,6395.58,593,1,2,2,122,Hibernating
3237,2024-12-13,2024-10-06,2,5827.47,384,2,2,2,222,Occasional
3238,2024-03-06,2024-03-06,1,4604.18,666,1,1,2,112,Hibernating
3239,2023-12-30,2023-11-23,3,16145.4,733,1,3,3,133,At Risk
3240,2025-05-25,2024-01-13,4,9465.73,221,3,3,2,332,Loyal
3241,2025-01-02,2023-10-22,13,55762.89,364,2,5,4,254,At Risk
3242,2024-10-18,2023-11-15,12,29740.94,440,2,5,4,254,At Risk
3243,2025-11-12,2023-11-16,21,175165.32,50,4,5,5,455,High Value
3244,2024-06-14,2023-11-05,7,13555.65,566,1,4,2,142,At Risk
3245,2025-09-05,2025-09-05,1,3834.16,118,3,1,1,311,Occasional
3246,2025-07-19,2023-12-14,5,37533.38,166,3,4,4,344,High Value
3247,2024-02-10,2024-02-10,1,34882.84,691,1,1,4,114,At Risk
3248,2025-08-13,2024-01-17,3,7161.56,141,3,3,2,332,Loyal
3249,2025-11-30,2024-01-19,21,288194.57,32,5,5,5,555,High Value
3251,2024-10-13,2024-10-13,1,5623.49,445,2,1,2,212,Occasional
3252,2024-03-03,2023-11-19,2,5767.14,669,1,2,2,122,Hibernating
3253,2025-08-25,2023-12-13,13,107840.53,129,3,5,5,355,High Value
3255,2023-12-30,2023-12-30,1,2145.1,733,1,1,1,111,Hibernating
3256,2024-02-20,2024-02-20,1,18167.76,681,1,1,3,113,Hibernating
3257,2024-12-05,2023-11-04,26,137866.81,392,2,5,5,255,At Risk
3258,2025-11-11,2023-11-15,9,127168.95,51,4,5,5,455,High Value
3260,2024-04-09,2023-11-03,2,17133.77,632,1,2,3,123,Hibernating
3261,2025-04-13,2023-11-18,4,85166.52,263,3,3,5,335,Loyal
3262,2024-07-23,2023-12-28,5,29825.13,527,2,4,4,244,At Risk
3263,2025-04-11,2025-01-25,2,5609.89,265,3,2,2,322,Occasional
3265,2024-05-03,2023-12-16,3,24841.63,608,1,3,3,133,At Risk
3266,2025-04-16,2025-04-16,1,8999.07,260,3,1,2,312,Occasional
3267,2025-11-19,2023-12-14,7,62396.97,43,4,4,5,445,High Value
3268,2025-10-27,2025-10-01,2,11373.08,66,4,2,2,422,Occasional
3269,2023-12-23,2023-11-14,7,41154.95,740,1,4,4,144,At Risk
3270,2025-03-24,2025-03-24,1,7250.07,283,2,1,2,212,Occasional
3271,2024-02-12,2024-02-12,1,493.27,689,1,1,1,111,Hibernating
3272,2024-04-15,2024-04-15,1,8791.43,626,1,1,2,112,Hibernating
3273,2025-09-23,2023-11-12,10,29541.23,100,3,5,4,354,High Value
3274,2025-12-23,2024-01-16,2,8310.39,9,5,2,2,522,Occasional
3275,2024-05-27,2023-11-21,3,30622.9,584,1,3,4,134,At Risk
3276,2024-06-17,2023-11-06,6,99289.4,563,1,4,5,145,At Risk
3277,2024-01-15,2024-01-15,1,12515.04,717,1,1,2,112,Hibernating
3278,2024-05-28,2023-11-19,3,8689.03,583,1,3,2,132,At Risk
3280,2024-11-10,2024-01-29,2,67632.66,417,2,2,5,225,At Risk
3282,2025-09-06,2023-12-26,12,109554.42,117,3,5,5,355,High Value
3283,2025-11-24,2024-02-07,8,113996.48,38,4,4,5,445,High Value
3285,2025-05-31,2024-08-23,2,17806.09,215,3,2,3,323,Occasional
3286,2025-12-13,2024-01-02,9,94493.13,19,5,5,5,555,High Value
3287,2025-02-25,2024-05-26,6,61065.05,310,2,4,4,244,At Risk
3288,2024-03-08,2024-03-08,1,383.76,664,1,1,1,111,Hibernating
3289,2024-07-14,2023-11-08,6,13623.36,536,1,4,2,142,At Risk
3290,2024-03-07,2024-01-17,2,4431.54,665,1,2,1,121,Hibernating
3291,2025-04-13,2023-11-02,14,78952.07,263,3,5,5,355,High Value
3292,2024-04-05,2023-12-06,2,5838.69,636,1,2,2,122,Hibernating
3293,2024-01-08,2023-11-12,7,99753.6,724,1,4,5,145,At Risk
3295,2024-12-20,2024-03-14,3,26168.15,377,2,3,3,233,At Risk
3296,2024-08-16,2023-12-03,7,58151.01,503,2,4,4,244,At Risk
3297,2024-02-21,2023-11-06,2,2728.91,680,1,2,1,121,Hibernating
3298,2024-11-15,2023-11-14,14,59130.33,412,2,5,4,254,At Risk
3299,2025-09-23,2024-06-15,9,61069.66,100,3,5,4,354,High Value
3300,2024-01-18,2024-01-18,1,1862.79,714,1,1,1,111,Hibernating
3301,2025-11-07,2024-03-13,20,157526.67,55,4,5,5,455,High Value
3302,2025-10-13,2023-11-16,4,33183.81,80,4,3,4,434,Loyal
3304,2025-12-06,2024-10-03,2,5086.53,26,5,2,2,522,Occasional
3306,2024-03-26,2024-03-26,1,40926.33,646,1,1,4,114,At Risk
3307,2025-08-10,2024-01-24,7,30345.98,144,3,4,4,344,High Value
3308,2024-05-01,2024-03-13,2,49368.95,610,1,2,4,124,At Risk
3311,2025-12-24,2024-04-14,13,130822.28,8,5,5,5,555,High Value
3312,2024-06-01,2024-04-03,3,5700.35,579,1,3,2,132,At Risk
3313,2024-04-04,2023-11-05,4,41894.31,637,1,3,4,134,At Risk
3315,2025-10-13,2023-11-19,11,118385.27,80,4,5,5,455,High Value
3316,2024-06-18,2023-10-31,17,89961.81,562,1,5,5,155,At Risk
3317,2025-12-04,2023-12-11,23,146731.72,28,5,5,5,555,High Value
3319,2025-09-09,2023-12-09,21,108090.16,114,3,5,5,355,High Value
3320,2025-11-11,2023-11-06,20,112244.85,51,4,5,5,455,High Value
3321,2025-08-25,2023-11-02,5,20743.83,129,3,4,3,343,Loyal
3322,2025-11-08,2024-08-08,7,44010.48,54,4,4,4,444,High Value
3323,2025-12-17,2024-01-01,12,48704.23,15,5,5,4,554,High Value
3324,2025-08-21,2024-01-18,6,26520.56,133,3,4,3,343,Loyal
3326,2024-11-28,2024-05-11,2,27082.89,399,2,2,3,223,Occasional
3327,2025-04-21,2023-12-14,10,47147.29,255,3,5,4,354,High Value
3328,2024-08-19,2024-04-12,3,10515.87,500,2,3,2,232,At Risk
3330,2023-11-12,2023-11-12,1,2546.4,781,1,1,1,111,Hibernating
3331,2024-07-23,2024-07-23,1,1400.98,527,2,1,1,211,Occasional
3332,2024-02-13,2023-12-06,2,29403.6,688,1,2,3,123,Hibernating
3333,2025-09-01,2023-11-07,20,137134.66,122,3,5,5,355,High Value
3334,2025-01-13,2024-01-11,4,30049.35,353,2,3,4,234,At Risk
3335,2024-09-25,2024-09-25,1,1352.57,463,2,1,1,211,Occasional
3336,2024-11-07,2023-11-04,5,22609.43,420,2,4,3,243,At Risk
3337,2024-12-03,2023-11-11,7,75636.3,394,2,4,5,245,At Risk
3338,2023-12-24,2023-11-22,2,2608.7,739,1,2,1,121,Hibernating
3339,2025-11-16,2023-11-11,23,230330.68,46,4,5,5,455,High Value
3340,2024-01-02,2023-11-30,2,2614.46,730,1,2,1,121,Hibernating
3341,2025-03-28,2023-11-12,7,53143.93,279,2,4,4,244,At Risk
3342,2023-11-19,2023-11-19,1,2203.45,774,1,1,1,111,Hibernating
3343,2024-06-11,2023-11-08,2,3482.08,569,1,2,1,121,Hibernating
3344,2025-10-19,2023-11-16,20,152294.74,74,4,5,5,455,High Value
3346,2025-01-16,2023-12-17,5,66433.63,350,2,4,5,245,At Risk
3347,2025-03-03,2023-12-15,7,14343.1,304,2,4,3,243,At Risk
3348,2024-09-17,2024-09-17,1,15342.65,471,2,1,3,213,Occasional
3349,2024-08-15,2024-08-15,1,1354.86,504,2,1,1,211,Occasional
3350,2023-12-04,2023-11-24,2,21415.05,759,1,2,3,123,Hibernating
3351,2025-01-14,2025-01-14,1,564.11,352,2,1,1,211,Occasional
3352,2024-07-18,2023-11-30,2,18379.43,532,2,2,3,223,Occasional
3353,2024-03-21,2024-02-04,2,1119.14,651,1,2,1,121,Hibernating
3354,2024-02-29,2023-11-09,4,19390.6,672,1,3,3,133,At Risk
3355,2025-10-22,2024-05-31,2,6421.29,71,4,2,2,422,Occasional
3356,2024-02-16,2023-12-01,2,8035.15,685,1,2,2,122,Hibernating
3357,2024-10-21,2024-01-01,4,6307.23,437,2,3,2,232,At Risk
3358,2025-12-19,2023-11-04,20,99003.86,13,5,5,5,555,High Value
3359,2024-03-14,2023-11-20,2,1692.57,658,1,2,1,121,Hibernating
3360,2025-05-06,2023-11-17,4,9366.8,240,3,3,2,332,Loyal
3361,2024-09-17,2024-01-20,7,22692.98,471,2,4,3,243,At Risk
3362,2024-10-16,2024-10-16,1,512.77,442,2,1,1,211,Occasional
3363,2025-11-28,2023-11-23,6,30780.66,34,5,4,4,544,High Value
3364,2024-03-22,2024-01-06,2,13348.81,650,1,2,2,122,Hibernating
3365,2024-03-04,2024-03-04,1,5115.76,668,1,1,2,112,Hibernating
3366,2024-09-07,2024-09-07,1,2255.03,481,2,1,1,211,Occasional
3367,2023-12-11,2023-12-11,1,1699.8,752,1,1,1,111,Hibernating
3369,2024-03-09,2024-03-09,1,1683.86,663,1,1,1,111,Hibernating
3370,2024-02-28,2024-02-28,1,17329.2,673,1,1,3,113,Hibernating
3371,2024-03-18,2023-12-22,3,8417.07,654,1,3,2,132,At Risk
3372,2024-03-01,2024-02-02,2,19658.19,671,1,2,3,123,Hibernating
3373,2025-12-14,2023-11-22,12,150285.45,18,5,5,5,555,High Value
3374,2024-05-31,2023-11-10,14,110593.61,580,1,5,5,155,At Risk
3375,2023-12-07,2023-12-07,1,2291.75,756,1,1,1,111,Hibernating
3377,2024-10-13,2024-01-23,4,53099.58,445,2,3,4,234,At Risk
3378,2024-08-04,2024-08-04,1,3891.11,515,2,1,1,211,Occasional
3379,2025-10-19,2025-10-19,1,1616.29,74,4,1,1,411,New
3380,2024-06-03,2023-11-18,5,30265.18,577,1,4,4,144,At Risk
3382,2023-11-14,2023-11-14,1,3397.35,779,1,1,1,111,Hibernating
3383,2025-10-11,2023-11-17,9,98932.24,82,4,5,5,455,High Value
3384,2024-07-08,2024-03-09,6,17493.83,542,1,4,3,143,At Risk
3385,2025-04-10,2025-04-10,1,6306.92,266,3,1,2,312,Occasional
3386,2023-12-24,2023-12-24,1,14535.65,739,1,1,3,113,Hibernating
3387,2025-11-10,2024-01-18,15,170846.8,52,4,5,5,455,High Value
3389,2025-07-15,2025-05-27,2,50006.05,170,3,2,4,324,Occasional
3390,2025-05-30,2023-11-12,18,88015.01,216,3,5,5,355,High Value
3391,2024-03-02,2023-11-11,6,38369.43,670,1,4,4,144,At Risk
3392,2024-05-01,2024-05-01,1,3264.97,610,1,1,1,111,Hibernating
3393,2025-08-04,2024-03-13,3,19063.36,150,3,3,3,333,Loyal
3394,2024-08-14,2024-08-14,1,1094.18,505,2,1,1,211,Occasional
3395,2024-08-18,2024-04-23,2,31696.86,501,2,2,4,224,At Risk
3396,2024-10-08,2023-11-08,26,170475.17,450,2,5,5,255,At Risk
3398,2024-12-26,2024-03-06,5,29055.36,371,2,4,3,243,At Risk
3399,2023-11-18,2023-11-18,1,2744.35,775,1,1,1,111,Hibernating
3400,2025-06-22,2024-01-29,3,17824.28,193,3,3,3,333,Loyal
3401,2025-09-02,2023-11-19,10,82182.29,121,3,5,5,355,High Value
3402,2025-03-27,2024-03-26,2,52296.33,280,2,2,4,224,At Risk
3404,2023-11-22,2023-11-22,1,3072.35,771,1,1,1,111,Hibernating
3405,2025-06-10,2024-01-20,2,15812.06,205,3,2,3,323,Occasional
3406,2023-12-18,2023-11-20,3,4986.85,745,1,3,2,132,At Risk
3407,2025-06-04,2023-11-12,10,77188.38,211,3,5,5,355,High Value
3408,2024-12-23,2024-12-23,1,17771.99,374,2,1,3,213,Occasional
3409,2025-05-13,2025-05-13,1,12503.89,233,3,1,2,312,Occasional
3410,2025-12-09,2024-09-22,5,45121.18,23,5,4,4,544,High Value
3411,2025-04-27,2024-03-31,10,87994.89,249,3,5,5,355,High Value
3412,2024-04-11,2023-11-14,9,32559.7,630,1,5,4,154,At Risk
3414,2024-10-26,2024-10-26,1,8488.64,432,2,1,2,212,Occasional
3415,2025-09-21,2024-11-04,2,2192.39,102,3,2,1,321,Occasional
3416,2025-10-05,2023-11-14,10,67281.95,88,4,5,5,455,High Value
3417,2024-05-20,2024-05-20,1,13946.03,591,1,1,3,113,Hibernating
3418,2024-02-04,2023-12-15,3,11258.39,697,1,3,2,132,At Risk
3419,2024-11-03,2024-04-13,2,2417.42,424,2,2,1,221,Occasional
3420,2025-01-11,2024-07-18,3,6575.94,355,2,3,2,232,At Risk
3422,2024-07-19,2024-04-18,3,11086.1,531,2,3,2,232,At Risk
3424,2025-11-22,2023-12-15,11,96720.0,40,4,5,5,455,High Value
3425,2024-05-17,2024-05-17,1,3442.09,594,1,1,1,111,Hibernating
3426,2024-08-21,2024-07-15,3,7369.58,498,2,3,2,232,At Risk
3427,2025-12-04,2023-11-13,12,48448.81,28,5,5,4,554,High Value
3428,2025-06-18,2023-11-26,6,44149.37,197,3,4,4,344,High Value
3429,2025-12-18,2023-11-29,11,57053.92,14,5,5,4,554,High Value
3430,2025-12-23,2024-05-08,11,77022.94,9,5,5,5,555,High Value
3431,2025-12-30,2024-07-13,3,33256.59,2,5,3,4,534,Loyal
3433,2024-12-21,2023-11-22,8,25241.33,376,2,4,3,243,At Risk
3434,2024-03-08,2024-03-08,1,36029.5,664,1,1,4,114,At Risk
3435,2025-08-18,2023-11-13,3,38289.82,136,3,3,4,334,Loyal
3436,2025-09-27,2025-03-21,3,19924.16,96,4,3,3,433,Loyal
3437,2024-08-29,2023-11-16,8,39481.56,490,2,4,4,244,At Risk
3438,2025-05-12,2025-05-12,1,5539.14,234,3,1,2,312,Occasional
3439,2025-10-28,2023-12-26,19,128067.69,65,4,5,5,455,High Value
3440,2025-01-26,2023-12-11,4,42491.7,340,2,3,4,234,At Risk
3441,2025-11-28,2023-11-18,34,296698.5,34,5,5,5,555,High Value
3442,2025-11-12,2023-12-01,9,25557.8,50,4,5,3,453,Loyal
3444,2024-10-03,2023-11-16,15,55833.84,455,2,5,4,254,At Risk
3445,2024-01-26,2024-01-26,1,827.94,706,1,1,1,111,Hibernating
3446,2025-12-20,2023-11-17,18,112695.62,12,5,5,5,555,High Value
3447,2025-09-01,2023-12-08,16,197798.58,122,3,5,5,355,High Value
3448,2025-12-04,2023-11-30,48,346876.43,28,5,5,5,555,High Value
3451,2024-02-04,2024-02-04,1,214.34,697,1,1,1,111,Hibernating
3452,2025-05-14,2024-07-14,6,86834.49,232,3,4,5,345,High Value
3455,2025-09-23,2024-02-15,4,13978.51,100,3,3,3,333,Loyal
3456,2025-12-09,2024-04-11,25,161167.57,23,5,5,5,555,High Value
3458,2024-11-11,2023-11-29,7,95242.72,416,2,4,5,245,At Risk
3459,2025-12-27,2024-03-20,7,41698.83,5,5,4,4,544,High Value
3460,2025-08-12,2023-11-27,11,88700.91,142,3,5,5,355,High Value
3461,2024-01-08,2024-01-08,1,6107.03,724,1,1,2,112,Hibernating
3462,2025-11-18,2023-11-22,43,341117.23,44,4,5,5,455,High Value
3463,2025-03-11,2023-12-04,8,10753.05,296,2,4,2,242,At Risk
3464,2025-09-19,2023-12-02,15,91694.91,104,3,5,5,355,High Value
3465,2024-06-11,2024-06-11,1,345.38,569,1,1,1,111,Hibernating
3466,2025-03-06,2023-12-22,11,81210.46,301,2,5,5,255,At Risk
3467,2024-09-08,2023-11-22,39,299226.57,480,2,5,5,255,At Risk
3468,2024-10-11,2024-10-11,1,1781.78,447,2,1,1,211,Occasional
3469,2025-05-09,2024-02-19,4,34054.91,237,3,3,4,334,Loyal
3470,2025-08-19,2024-05-26,9,52735.41,135,3,5,4,354,High Value
3471,2025-12-18,2023-12-25,34,258059.35,14,5,5,5,555,High Value
3472,2025-12-01,2023-11-18,14,140544.53,31,5,5,5,555,High Value
3473,2025-07-18,2024-05-29,7,22103.38,167,3,4,3,343,Loyal
3474,2024-04-18,2023-12-10,5,64041.1,623,1,4,5,145,At Risk
3475,2025-01-28,2024-01-26,9,41304.93,338,2,5,4,254,At Risk
3476,2024-04-11,2023-12-04,2,12605.35,630,1,2,2,122,Hibernating
3477,2024-10-20,2023-11-18,7,89481.67,438,2,4,5,245,At Risk
3478,2024-11-05,2023-12-22,4,31178.83,422,2,3,4,234,At Risk
3479,2025-03-10,2023-11-20,83,447732.47,297,2,5,5,255,At Risk
3480,2024-10-24,2024-04-12,5,38423.61,434,2,4,4,244,At Risk
3481,2025-11-14,2023-11-23,10,42647.39,48,4,5,4,454,High Value
3482,2025-12-20,2023-12-20,14,58472.79,12,5,5,4,554,High Value
3484,2024-01-10,2023-11-23,3,21764.39,722,1,3,3,133,At Risk
3485,2024-06-14,2023-11-19,3,20067.89,566,1,3,3,133,At Risk
3486,2025-03-13,2023-11-27,4,124248.62,294,2,3,5,235,At Risk
3487,2025-04-14,2024-04-21,10,29983.11,262,3,5,4,354,High Value
3488,2024-07-30,2024-01-06,5,21947.21,520,2,4,3,243,At Risk
3489,2024-08-30,2024-08-30,1,1308.53,489,2,1,1,211,Occasional
3490,2025-11-20,2024-03-11,8,61740.89,42,4,4,5,445,High Value
3491,2023-11-26,2023-11-26,1,558.45,767,1,1,1,111,Hibernating
3492,2025-12-14,2023-11-21,22,216603.88,18,5,5,5,555,High Value
3493,2025-01-11,2025-01-11,1,6554.82,355,2,1,2,212,Occasional
3494,2024-03-02,2023-11-26,3,68084.75,670,1,3,5,135,At Risk
3495,2025-03-24,2024-03-02,3,20588.36,283,2,3,3,233,At Risk
3496,2024-11-17,2024-11-17,1,10392.77,410,2,1,2,212,Occasional
3498,2025-03-15,2024-04-24,4,36459.54,292,2,3,4,234,At Risk
3499,2024-05-17,2023-11-22,4,39528.4,594,1,3,4,134,At Risk
3501,2025-08-25,2024-02-20,6,57765.33,129,3,4,4,344,High Value
3502,2024-01-24,2023-12-05,2,7065.77,708,1,2,2,122,Hibernating
3503,2025-01-02,2024-05-07,4,79179.31,364,2,3,5,235,At Risk
3504,2023-12-06,2023-12-06,1,4823.05,757,1,1,2,112,Hibernating
3505,2024-06-18,2024-05-31,2,2790.47,562,1,2,1,121,Hibernating
3506,2025-12-14,2023-11-22,19,155880.13,18,5,5,5,555,High Value
3507,2024-04-02,2023-12-16,4,14669.8,639,1,3,3,133,At Risk
3508,2024-11-12,2024-04-07,3,5199.94,415,2,3,2,232,At Risk
3509,2025-11-29,2023-12-19,26,264258.96,33,5,5,5,555,High Value
3510,2025-11-10,2024-02-13,7,98854.35,52,4,4,5,445,High Value
3511,2024-11-20,2023-12-07,4,65054.88,407,2,3,5,235,At Risk
3512,2025-12-27,2023-12-05,3,12496.56,5,5,3,2,532,Loyal
3514,2024-11-10,2024-11-10,1,7204.91,417,2,1,2,212,Occasional
3515,2024-06-19,2023-12-10,10,145303.41,561,1,5,5,155,At Risk
3516,2024-07-07,2023-12-18,10,14183.0,543,1,5,3,153,At Risk
3517,2025-10-07,2023-12-26,7,27131.12,86,4,4,3,443,Loyal
3518,2025-11-12,2025-11-12,1,15984.91,50,4,1,3,413,New
3519,2023-12-23,2023-12-10,2,8335.8,740,1,2,2,122,Hibernating
3520,2024-01-23,2024-01-23,1,8139.14,709,1,1,2,112,Hibernating
3521,2025-05-14,2025-05-14,1,11839.9,232,3,1,2,312,Occasional
3522,2025-10-29,2025-10-29,1,26442.09,64,4,1,3,413,New
3523,2025-03-10,2024-03-02,7,79415.9,297,2,4,5,245,At Risk
3524,2024-08-22,2024-03-04,3,27863.63,497,2,3,3,233,At Risk
3525,2024-11-21,2024-01-25,5,26705.58,406,2,4,3,243,At Risk
3526,2024-09-10,2024-09-10,1,3241.68,478,2,1,1,211,Occasional
3528,2025-12-02,2023-11-26,8,47679.43,30,5,4,4,544,High Value
3529,2025-04-16,2024-03-16,9,63399.65,260,3,5,5,355,High Value
3530,2024-05-22,2024-05-22,1,1025.59,589,1,1,1,111,Hibernating
3531,2024-06-08,2024-04-10,2,5516.73,572,1,2,2,122,Hibernating
3532,2023-11-30,2023-11-30,1,1104.15,763,1,1,1,111,Hibernating
3533,2024-05-20,2024-01-01,4,49369.52,591,1,3,4,134,At Risk
3534,2025-10-22,2023-12-22,11,115299.34,71,4,5,5,455,High Value
3535,2025-11-23,2023-11-26,3,9923.25,39,4,3,2,432,Loyal
3536,2025-09-29,2023-11-28,6,41731.04,94,4,4,4,444,High Value
3537,2024-11-12,2023-12-22,5,35977.96,415,2,4,4,244,At Risk
3538,2025-12-17,2023-11-26,33,194234.15,15,5,5,5,555,High Value
3542,2025-11-26,2025-02-23,3,41800.93,36,5,3,4,534,Loyal
3543,2024-06-14,2024-02-10,5,10699.66,566,1,4,2,142,At Risk
3544,2024-01-15,2024-01-15,1,10694.26,717,1,1,2,112,Hibernating
3546,2024-10-18,2024-01-08,8,77678.93,440,2,4,5,245,At Risk
3547,2024-12-21,2023-11-29,11,90531.91,376,2,5,5,255,At Risk
3549,2024-07-13,2024-07-13,1,1281.38,537,1,1,1,111,Hibernating
3550,2024-06-01,2023-12-20,11,60729.32,579,1,5,4,154,At Risk
3551,2025-05-19,2024-02-03,8,64661.43,227,3,4,5,345,High Value
3552,2025-11-02,2023-12-18,8,21792.75,60,4,4,3,443,Loyal
3553,2025-10-04,2024-02-23,4,5549.31,89,4,3,2,432,Loyal
3555,2025-12-04,2025-12-04,1,16437.78,28,5,1,3,513,New
3556,2024-05-31,2024-04-21,2,20714.98,580,1,2,3,123,Hibernating
3557,2025-12-23,2023-12-16,43,330050.9,9,5,5,5,555,High Value
3558,2025-09-09,2023-12-23,20,98029.5,114,3,5,5,355,High Value
3559,2025-11-26,2023-12-11,29,236058.74,36,5,5,5,555,High Value
3560,2024-12-08,2024-01-05,5,12492.85,389,2,4,2,242,At Risk
3561,2025-07-20,2024-10-08,4,22334.19,165,3,3,3,333,Loyal
3562,2024-03-12,2024-03-12,1,2295.9,660,1,1,1,111,Hibernating
3563,2025-01-12,2024-03-10,2,10383.94,354,2,2,2,222,Occasional
3564,2023-12-11,2023-12-11,1,7957.9,752,1,1,2,112,Hibernating
3567,2024-03-06,2024-03-06,1,4355.83,666,1,1,1,111,Hibernating
3568,2024-03-30,2024-01-23,3,5242.84,642,1,3,2,132,At Risk
3569,2025-03-21,2024-03-30,4,66361.5,286,2,3,5,235,At Risk
3571,2024-01-21,2024-01-21,1,1215.76,711,1,1,1,111,Hibernating
3572,2024-06-05,2023-12-01,3,33184.08,575,1,3,4,134,At Risk
3573,2024-11-23,2024-03-01,2,12621.38,404,2,2,2,222,Occasional
3574,2024-03-28,2024-03-28,1,24097.47,644,1,1,3,113,Hibernating
3576,2025-11-05,2023-12-23,23,164151.54,57,4,5,5,455,High Value
3577,2024-11-19,2023-12-19,4,10897.83,408,2,3,2,232,At Risk
3578,2024-08-05,2023-12-08,3,69545.95,514,2,3,5,235,At Risk
3579,2024-01-23,2024-01-23,1,1070.89,709,1,1,1,111,Hibernating
3580,2024-05-03,2023-12-09,10,95230.66,608,1,5,5,155,At Risk
3582,2025-10-19,2023-12-17,6,36288.23,74,4,4,4,444,High Value
3583,2023-12-30,2023-12-02,2,11800.65,733,1,2,2,122,Hibernating
3584,2024-05-13,2024-05-13,1,15742.58,598,1,1,3,113,Hibernating
3585,2025-06-21,2024-01-24,10,27207.46,194,3,5,3,353,Loyal
3586,2025-03-12,2024-11-03,3,23094.49,295,2,3,3,233,At Risk
3587,2024-10-18,2023-12-15,12,146541.31,440,2,5,5,255,At Risk
3588,2025-12-26,2023-12-05,55,338557.24,6,5,5,5,555,High Value
3589,2025-03-13,2024-01-15,5,20415.09,294,2,4,3,243,At Risk
3591,2024-10-11,2024-02-09,4,35797.98,447,2,3,4,234,At Risk
3592,2024-03-10,2024-03-10,1,9244.77,662,1,1,2,112,Hibernating
3596,2024-06-25,2024-03-08,4,31926.32,555,1,3,4,134,At Risk
3597,2025-11-15,2023-12-16,8,41282.09,47,4,4,4,444,High Value
3598,2025-11-15,2023-12-31,10,32653.67,47,4,5,4,454,High Value
3599,2025-11-20,2023-12-04,9,22526.81,42,4,5,3,453,Loyal
3600,2024-05-02,2023-12-27,3,3263.39,609,1,3,1,131,At Risk
3601,2025-11-22,2024-04-13,8,73636.53,40,4,4,5,445,High Value
3603,2024-04-17,2024-01-19,5,50065.13,624,1,4,4,144,At Risk
3604,2025-04-27,2024-01-05,3,23946.57,249,3,3,3,333,Loyal
3605,2025-08-31,2024-11-12,4,12698.36,123,3,3,2,332,Loyal
3606,2025-07-12,2024-01-04,24,131914.05,173,3,5,5,355,High Value
3608,2025-06-03,2024-01-25,9,27365.08,212,3,5,3,353,Loyal
3609,2025-10-26,2024-03-19,6,71692.45,67,4,4,5,445,High Value
3611,2024-09-21,2023-12-01,35,318540.55,467,2,5,5,255,At Risk
3612,2024-02-07,2024-02-07,1,2461.89,694,1,1,1,111,Hibernating
3613,2024-01-17,2024-01-17,1,27449.13,715,1,1,3,113,Hibernating
3614,2024-07-16,2023-12-15,5,51022.28,534,1,4,4,144,At Risk
3616,2025-12-19,2024-07-10,5,77824.7,13,5,4,5,545,High Value
3617,2025-11-15,2025-04-14,2,2043.36,47,4,2,1,421,Occasional
3618,2025-12-16,2024-03-17,12,115435.57,16,5,5,5,555,High Value
3619,2024-03-24,2023-12-27,2,15167.97,648,1,2,3,123,Hibernating
3620,2025-10-03,2024-10-27,3,63001.36,90,4,3,5,435,Loyal
3621,2024-10-06,2024-01-29,3,44765.34,452,2,3,4,234,At Risk
3622,2024-09-14,2023-12-03,23,236707.54,474,2,5,5,255,At Risk
3623,2024-12-23,2024-06-13,3,10109.22,374,2,3,2,232,At Risk
3624,2025-12-07,2023-12-11,34,270588.32,25,5,5,5,555,High Value
3626,2024-03-13,2024-01-21,4,42612.07,659,1,3,4,134,At Risk
3627,2025-11-11,2024-02-17,8,43927.14,51,4,4,4,444,High Value
3628,2024-04-10,2023-12-22,2,9595.04,631,1,2,2,122,Hibernating
3630,2025-04-05,2023-12-06,8,52745.9,271,2,4,4,244,At Risk
3631,2024-08-17,2024-03-09,4,20672.34,502,2,3,3,233,At Risk
3632,2023-12-14,2023-12-14,1,590.4,749,1,1,1,111,Hibernating
3633,2025-12-15,2023-12-19,11,66506.14,17,5,5,5,555,High Value
3634,2024-10-14,2024-10-14,1,457.91,444,2,1,1,211,Occasional
3635,2025-10-21,2024-01-01,17,217723.49,72,4,5,5,455,High Value
3636,2024-06-07,2023-12-16,3,8001.95,573,1,3,2,132,At Risk
3637,2025-11-26,2024-01-21,6,34017.44,36,5,4,4,544,High Value
3638,2025-07-11,2023-12-23,13,55048.09,174,3,5,4,354,High Value
3639,2025-06-06,2023-12-21,8,68446.17,209,3,4,5,345,High Value
3640,2024-07-17,2024-07-17,1,554.27,533,1,1,1,111,Hibernating
3641,2024-02-06,2024-02-06,1,21462.22,695,1,1,3,113,Hibernating
3642,2023-12-24,2023-12-17,2,6089.45,739,1,2,2,122,Hibernating
3643,2025-08-31,2024-03-10,11,90655.23,123,3,5,5,355,High Value
3644,2025-07-19,2023-12-19,9,52412.93,166,3,5,4,354,High Value
3645,2025-05-02,2024-02-11,5,20933.82,244,3,4,3,343,Loyal
3646,2024-07-13,2024-07-13,1,223.7,537,1,1,1,111,Hibernating
3647,2025-01-12,2024-02-17,2,8039.59,354,2,2,2,222,Occasional
3648,2025-04-19,2024-02-16,17,96715.44,257,3,5,5,355,High Value
3649,2023-12-31,2023-12-31,1,21580.2,732,1,1,3,113,Hibernating
3650,2025-05-24,2024-07-27,3,8183.54,222,3,3,2,332,Loyal
3651,2025-10-02,2023-12-25,9,57612.96,91,4,5,4,454,High Value
3652,2025-10-25,2023-12-09,3,24874.17,68,4,3,3,433,Loyal
3653,2024-07-08,2023-12-21,6,17824.46,542,1,4,3,143,At Risk
3654,2024-08-01,2024-06-07,2,3881.58,518,2,2,1,221,Occasional
3656,2025-12-13,2023-12-10,5,13059.04,19,5,4,2,542,Loyal
3657,2024-05-22,2024-05-18,2,7016.73,589,1,2,2,122,Hibernating
3658,2025-02-04,2024-01-07,4,26054.93,331,2,3,3,233,At Risk
3659,2025-11-16,2025-08-02,3,6313.89,46,4,3,2,432,Loyal
3660,2025-12-31,2023-12-16,27,160763.19,1,5,5,5,555,High Value
3661,2025-09-19,2023-12-12,11,85481.81,104,3,5,5,355,High Value
3662,2024-07-23,2024-03-27,5,24315.4,527,2,4,3,243,At Risk
3663,2024-11-04,2024-05-03,2,3955.64,423,2,2,1,221,Occasional
3664,2024-05-29,2023-12-29,4,14131.62,582,1,3,3,133,At Risk
3665,2025-05-20,2025-05-20,1,1672.8,226,3,1,1,311,Occasional
3666,2025-09-27,2024-05-15,8,67787.0,96,4,4,5,445,High Value
3668,2025-12-19,2024-03-23,17,108447.77,13,5,5,5,555,High Value
3669,2025-09-24,2025-08-26,2,44899.11,99,3,2,4,324,Occasional
3670,2025-11-03,2024-06-27,4,17732.75,59,4,3,3,433,Loyal
3671,2025-06-24,2023-12-21,32,157097.98,191,3,5,5,355,High Value
3672,2024-01-12,2023-12-11,3,19884.4,720,1,3,3,133,At Risk
3674,2025-10-13,2024-03-26,8,48774.19,80,4,4,4,444,High Value
3675,2025-01-18,2024-03-23,2,25460.52,348,2,2,3,223,Occasional
3676,2024-03-17,2024-03-17,1,2015.99,655,1,1,1,111,Hibernating
3677,2025-11-16,2024-01-06,22,176811.02,46,4,5,5,455,High Value
3678,2024-04-07,2024-01-19,2,12767.66,634,1,2,2,122,Hibernating
3679,2025-11-20,2023-12-16,41,371155.29,42,4,5,5,455,High Value
3681,2025-12-28,2024-04-29,6,34304.69,4,5,4,4,544,High Value
3682,2025-02-23,2024-10-15,4,11577.13,312,2,3,2,232,At Risk
3683,2024-01-18,2023-12-15,2,16646.36,714,1,2,3,123,Hibernating
3684,2024-03-13,2024-02-07,3,5406.13,659,1,3,2,132,At Risk
3685,2025-02-23,2023-12-11,17,102730.59,312,2,5,5,255,At Risk
3686,2023-12-24,2023-12-24,1,1969.0,739,1,1,1,111,Hibernating
3687,2025-04-07,2024-01-05,4,16282.45,269,3,3,3,333,Loyal
3688,2024-04-12,2024-04-12,1,18167.76,629,1,1,3,113,Hibernating
3689,2025-11-03,2023-12-22,17,119191.85,59,4,5,5,455,High Value
3690,2024-07-13,2024-02-26,2,3536.2,537,1,2,1,121,Hibernating
3691,2025-01-18,2024-03-11,2,58725.28,348,2,2,4,224,At Risk
3692,2025-12-29,2023-12-27,28,84126.01,3,5,5,5,555,High Value
3693,2024-05-05,2024-03-27,2,9865.86,606,1,2,2,122,Hibernating
3694,2025-05-19,2024-01-15,9,60140.0,227,3,5,4,354,High Value
3695,2024-10-30,2024-04-08,7,17228.59,428,2,4,3,243,At Risk
3696,2025-10-15,2024-05-04,6,44559.51,78,4,4,4,444,High Value
3697,2024-05-12,2024-01-03,3,30355.45,599,1,3,4,134,At Risk
3698,2024-01-24,2024-01-24,1,1063.03,708,1,1,1,111,Hibernating
3699,2025-10-01,2023-12-18,7,23305.48,92,4,4,3,443,Loyal
3700,2024-07-25,2024-07-03,2,5224.23,525,2,2,2,222,Occasional
3702,2025-01-25,2024-02-05,6,52015.65,341,2,4,4,244,At Risk
3703,2024-03-30,2023-12-11,2,2720.34,642,1,2,1,121,Hibernating
3704,2025-12-01,2023-12-18,62,359205.43,31,5,5,5,555,High Value
3705,2024-02-13,2024-02-13,1,1499.99,688,1,1,1,111,Hibernating
3706,2024-12-13,2024-01-27,4,26227.92,384,2,3,3,233,At Risk
3707,2025-12-09,2024-03-10,9,75925.25,23,5,5,5,555,High Value
3708,2024-11-26,2024-04-17,3,38402.42,401,2,3,4,234,At Risk
3709,2024-04-06,2023-12-15,2,21743.44,635,1,2,3,123,Hibernating
3710,2025-01-11,2024-09-10,2,4720.27,355,2,2,2,222,Occasional
3711,2024-11-01,2024-11-01,1,18059.65,426,2,1,3,213,Occasional
3713,2025-11-26,2023-12-15,5,35880.0,36,5,4,4,544,High Value
3714,2024-12-07,2024-04-19,3,110038.34,390,2,3,5,235,At Risk
3715,2024-11-08,2023-12-17,8,71496.2,419,2,4,5,245,At Risk
3717,2024-05-08,2024-01-19,2,71859.63,603,1,2,5,125,At Risk
3718,2024-02-04,2024-02-04,1,202.44,697,1,1,1,111,Hibernating
3719,2024-10-24,2024-01-27,4,11794.38,434,2,3,2,232,At Risk
3720,2025-08-02,2024-02-17,7,18030.58,152,3,4,3,343,Loyal
3721,2025-10-06,2024-04-27,5,6806.8,87,4,4,2,442,Loyal
3722,2024-11-18,2024-01-28,16,91246.26,409,2,5,5,255,At Risk
3724,2025-09-22,2024-01-10,2,5315.13,101,3,2,2,322,Occasional
3725,2025-04-01,2024-01-22,7,102844.45,275,2,4,5,245,At Risk
3726,2024-12-27,2024-12-01,2,14975.69,370,2,2,3,223,Occasional
3727,2025-09-21,2024-01-04,6,31030.28,102,3,4,4,344,High Value
3728,2024-09-07,2024-07-25,2,3038.25,481,2,2,1,221,Occasional
3729,2025-02-28,2024-11-20,2,18329.99,307,2,2,3,223,Occasional
3731,2025-12-24,2024-03-09,5,18107.12,8,5,4,3,543,Loyal
3733,2024-08-03,2024-03-19,3,13865.43,516,2,3,2,232,At Risk
3734,2025-09-19,2024-05-18,4,80262.72,104,3,3,5,335,Loyal
3735,2025-12-27,2023-12-17,5,120472.37,5,5,4,5,545,High Value
3736,2024-10-14,2024-01-15,6,14378.01,444,2,4,3,243,At Risk
3737,2025-11-09,2024-02-07,6,19127.04,53,4,4,3,443,Loyal
3738,2024-11-28,2024-11-28,1,2163.15,399,2,1,1,211,Occasional
3739,2025-11-07,2023-12-29,5,69896.36,55,4,4,5,445,High Value
3741,2024-12-17,2024-09-23,3,31339.81,380,2,3,4,234,At Risk
3742,2024-03-15,2024-02-23,3,30435.08,657,1,3,4,134,At Risk
3743,2025-04-08,2024-02-25,6,11176.05,268,3,4,2,342,Loyal
3744,2025-12-19,2024-03-07,17,146063.58,13,5,5,5,555,High Value
3746,2024-10-26,2024-10-26,1,2251.08,432,2,1,1,211,Occasional
3747,2025-12-25,2023-12-18,90,722850.99,7,5,5,5,555,High Value
3748,2024-11-08,2024-01-16,7,77949.75,419,2,4,5,245,At Risk
3749,2025-07-14,2024-01-02,6,24021.04,171,3,4,3,343,Loyal
3750,2025-10-16,2024-03-01,6,22498.54,77,4,4,3,443,Loyal
3751,2024-09-24,2024-03-26,5,42263.91,464,2,4,4,244,At Risk
3752,2025-12-22,2024-01-01,3,16208.72,10,5,3,3,533,Loyal
3754,2025-11-02,2024-01-03,6,37635.8,60,4,4,4,444,High Value
3755,2024-07-26,2024-07-26,1,2337.56,524,2,1,1,211,Occasional
3756,2025-09-29,2023-12-24,2,14175.05,94,4,2,3,423,Occasional
3757,2025-08-04,2024-03-16,5,31162.98,150,3,4,4,344,High Value
3758,2024-12-06,2024-02-02,5,17729.56,391,2,4,3,243,At Risk
3759,2024-05-07,2024-01-01,5,12723.35,604,1,4,2,142,At Risk
3760,2025-04-22,2024-07-06,6,38396.69,254,3,4,4,344,High Value
3761,2024-05-09,2024-01-17,2,13642.25,602,1,2,2,122,Hibernating
3762,2024-09-17,2024-09-17,1,3628.56,471,2,1,1,211,Occasional
3763,2024-11-06,2024-11-06,1,5917.7,421,2,1,2,212,Occasional
3765,2025-05-03,2024-02-11,6,45275.45,243,3,4,4,344,High Value
3766,2024-12-13,2023-12-26,6,36955.69,384,2,4,4,244,At Risk
3767,2024-04-09,2024-01-20,4,19584.6,632,1,3,3,133,At Risk
3768,2025-03-10,2023-12-23,8,57288.08,297,2,4,4,244,At Risk
3770,2025-11-26,2024-01-24,27,261219.6,36,5,5,5,555,High Value
3771,2024-03-09,2024-03-09,1,12315.89,663,1,1,2,112,Hibernating
3774,2024-12-09,2024-12-09,1,2125.5,388,2,1,1,211,Occasional
3776,2024-07-06,2024-03-23,2,3435.27,544,1,2,1,121,Hibernating
3777,2024-05-12,2024-05-12,1,2953.13,599,1,1,1,111,Hibernating
3778,2024-11-06,2024-06-13,3,7891.41,421,2,3,2,232,At Risk
3779,2025-11-07,2024-05-07,15,58833.99,55,4,5,4,454,High Value
3781,2025-07-26,2024-01-28,4,63943.91,159,3,3,5,335,Loyal
3782,2025-08-01,2024-06-18,4,15324.39,153,3,3,3,333,Loyal
3783,2025-12-11,2024-03-02,15,139604.57,21,5,5,5,555,High Value
3784,2025-12-08,2024-02-06,13,146191.41,24,5,5,5,555,High Value
3785,2025-12-13,2024-04-10,24,257314.43,19,5,5,5,555,High Value
3787,2025-04-12,2024-07-06,4,19588.92,264,3,3,3,333,Loyal
3788,2024-10-13,2024-01-12,5,58038.56,445,2,4,4,244,At Risk
3789,2025-01-18,2024-01-06,5,47126.8,348,2,4,4,244,At Risk
3792,2024-07-29,2024-01-11,5,23525.17,521,2,4,3,243,At Risk
3794,2025-02-22,2024-07-31,3,5288.75,313,2,3,2,232,At Risk
3795,2025-06-13,2024-01-15,6,51115.49,202,3,4,4,344,High Value
3796,2025-12-11,2024-01-09,63,542122.65,21,5,5,5,555,High Value
3797,2024-12-10,2024-01-08,11,87746.07,387,2,5,5,255,At Risk
3798,2024-01-17,2024-01-17,1,3366.68,715,1,1,1,111,Hibernating
3800,2025-10-26,2023-12-26,8,29428.85,67,4,4,3,443,Loyal
3801,2024-01-09,2024-01-09,1,7705.41,723,1,1,2,112,Hibernating
3802,2025-10-29,2024-05-19,8,26430.19,64,4,4,3,443,Loyal
3803,2024-06-14,2024-02-09,3,15478.54,566,1,3,3,133,At Risk
3804,2024-09-15,2024-05-19,2,2815.33,473,2,2,1,221,Occasional
3805,2025-07-06,2024-09-09,7,47619.04,179,3,4,4,344,High Value
3807,2025-07-24,2025-07-24,1,17527.44,161,3,1,3,313,Occasional
3808,2025-11-19,2023-12-30,11,60654.02,43,4,5,4,454,High Value
3809,2025-08-19,2024-01-07,11,63166.78,135,3,5,5,355,High Value
3810,2025-03-04,2025-03-04,1,3184.28,303,2,1,1,211,Occasional
3811,2025-12-23,2024-01-30,37,132530.8,9,5,5,5,555,High Value
3812,2024-10-15,2024-10-15,1,1646.42,443,2,1,1,211,Occasional
3813,2025-12-06,2024-02-14,6,49084.97,26,5,4,4,544,High Value
3814,2025-12-15,2023-12-29,38,343526.12,17,5,5,5,555,High Value
3815,2024-09-16,2024-09-16,1,679.8,472,2,1,1,211,Occasional
3816,2024-12-18,2024-12-18,1,2533.49,379,2,1,1,211,Occasional
3817,2024-06-09,2024-01-23,6,19633.28,571,1,4,3,143,At Risk
3818,2024-04-02,2024-02-04,2,8922.73,639,1,2,2,122,Hibernating
3820,2025-07-01,2024-08-09,3,31929.24,184,3,3,4,334,Loyal
3821,2024-04-13,2024-04-13,1,10556.42,628,1,1,2,112,Hibernating
3822,2025-05-18,2024-08-17,2,1098.21,228,3,2,1,321,Occasional
3823,2025-11-10,2024-05-16,9,42515.0,52,4,5,4,454,High Value
3824,2025-12-13,2024-01-27,9,48266.57,19,5,5,4,554,High Value
3826,2025-12-20,2024-01-06,23,157376.08,12,5,5,5,555,High Value
3827,2024-07-30,2024-07-30,1,7979.87,520,2,1,2,212,Occasional
3828,2024-05-18,2024-01-25,3,8821.9,593,1,3,2,132,At Risk
3830,2025-11-20,2025-11-20,1,2539.71,42,4,1,1,411,New
3831,2025-04-28,2025-04-28,1,19336.84,248,3,1,3,313,Occasional
3832,2025-12-04,2024-01-05,35,170672.94,28,5,5,5,555,High Value
3834,2025-11-25,2024-07-26,8,37864.32,37,4,4,4,444,High Value
3835,2024-11-18,2024-02-01,6,49130.2,409,2,4,4,244,At Risk
3836,2025-11-30,2024-10-17,7,21599.54,32,5,4,3,543,Loyal
3837,2024-05-25,2024-01-24,2,1474.35,586,1,2,1,121,Hibernating
3838,2025-03-23,2024-01-02,5,113154.59,284,2,4,5,245,At Risk
3839,2025-12-07,2024-01-09,13,70361.02,25,5,5,5,555,High Value
3840,2024-04-08,2024-01-29,4,31538.35,633,1,3,4,134,At Risk
3841,2025-11-30,2023-12-29,35,270739.62,32,5,5,5,555,High Value
3843,2024-02-24,2024-01-19,3,23964.76,677,1,3,3,133,At Risk
3844,2024-04-25,2024-04-04,2,4127.66,616,1,2,1,121,Hibernating
3845,2025-10-30,2024-01-17,27,256264.94,63,4,5,5,455,High Value
3846,2025-12-23,2024-01-31,40,309983.35,9,5,5,5,555,High Value
3847,2025-05-21,2024-08-23,6,18207.04,225,3,4,3,343,Loyal
3848,2024-07-21,2024-01-15,4,31683.91,529,2,3,4,234,At Risk
3849,2024-05-22,2024-05-22,1,383.76,589,1,1,1,111,Hibernating
3850,2025-12-31,2024-01-04,23,157495.16,1,5,5,5,555,High Value
3852,2025-10-01,2024-03-01,7,90269.32,92,4,4,5,445,High Value
3853,2024-08-08,2024-01-10,5,36943.29,511,2,4,4,244,At Risk
3854,2024-02-12,2024-02-12,1,4800.69,689,1,1,2,112,Hibernating
3855,2024-12-03,2024-12-03,1,6649.96,394,2,1,2,212,Occasional
3856,2024-08-15,2024-03-05,3,4661.13,504,2,3,2,232,At Risk
3857,2024-02-03,2024-02-03,1,17771.15,698,1,1,3,113,Hibernating
3860,2025-11-26,2025-02-03,4,51614.45,36,4,3,4,434,Loyal
3861,2025-11-19,2025-11-19,1,917.52,43,4,1,1,411,New
3863,2025-03-27,2024-03-18,9,66097.67,280,2,5,5,255,At Risk
3865,2024-10-03,2024-10-03,1,17390.42,455,2,1,3,213,Occasional
3866,2024-05-10,2024-02-08,3,34767.6,601,1,3,4,134,At Risk
3869,2025-09-29,2024-01-20,4,6784.61,94,4,3,2,432,Loyal
3871,2025-07-08,2024-01-06,12,74277.0,177,3,5,5,355,High Value
3872,2025-05-12,2024-01-18,15,62254.49,234,3,5,5,355,High Value
3873,2024-07-17,2024-07-17,1,11640.09,533,1,1,2,112,Hibernating
3874,2025-06-14,2024-09-09,2,10254.55,201,3,2,2,322,Occasional
3875,2025-11-25,2024-01-06,8,54137.81,37,4,4,4,444,High Value
3876,2024-06-28,2024-05-17,2,29089.1,552,1,2,3,123,Hibernating
3877,2025-08-12,2024-09-26,2,3153.36,142,3,2,1,321,Occasional
3879,2025-12-03,2024-01-17,14,131794.54,29,5,5,5,555,High Value
3881,2024-08-17,2024-06-30,2,5035.99,502,2,2,2,222,Occasional
3883,2024-09-23,2024-01-04,20,121178.15,465,2,5,5,255,At Risk
3884,2025-05-07,2024-03-02,3,12245.84,239,3,3,2,332,Loyal
3885,2025-05-04,2025-05-04,1,1866.94,242,3,1,1,311,Occasional
3887,2025-03-12,2024-02-02,9,95519.78,295,2,5,5,255,At Risk
3888,2025-09-14,2024-01-29,18,371961.07,109,3,5,5,355,High Value
3889,2025-08-14,2024-01-06,4,44199.64,140,3,3,4,334,Loyal
3890,2025-12-10,2024-01-14,12,105564.06,22,5,5,5,555,High Value
3891,2024-11-14,2024-03-14,4,45144.68,413,2,3,4,234,At Risk
3892,2025-12-24,2024-04-05,6,69377.53,8,5,4,5,545,High Value
3893,2025-12-19,2024-01-25,20,155633.4,13,5,5,5,555,High Value
3894,2025-08-09,2024-05-19,6,14371.19,145,3,4,3,343,Loyal
3895,2025-11-23,2024-01-05,4,30868.16,39,4,3,4,434,Loyal
3896,2025-11-26,2024-04-03,19,120400.08,36,4,5,5,455,High Value
3897,2025-11-02,2024-06-04,5,7308.21,60,4,4,2,442,Loyal
3898,2024-01-19,2024-01-05,3,16945.34,713,1,3,3,133,At Risk
3899,2025-11-10,2024-01-07,42,201769.83,52,4,5,5,455,High Value
3900,2024-12-23,2024-02-16,3,12767.35,374,2,3,2,232,At Risk
3901,2024-04-15,2024-02-20,2,20007.58,626,1,2,3,123,Hibernating
3903,2025-12-05,2024-03-04,6,20206.28,27,5,4,3,543,Loyal
3904,2024-11-02,2024-01-14,7,54751.96,425,2,4,4,244,At Risk
3905,2024-12-08,2024-06-14,5,14143.79,389,2,4,3,243,At Risk
3906,2024-10-07,2024-01-28,2,5493.5,451,2,2,2,222,Occasional
3907,2025-12-07,2024-10-27,3,19836.08,25,5,3,3,533,Loyal
3910,2024-04-19,2024-03-05,2,11248.32,622,1,2,2,122,Hibernating
3911,2025-10-04,2024-01-24,7,24401.74,89,4,4,3,443,Loyal
3912,2024-04-22,2024-03-17,4,56251.31,619,1,3,4,134,At Risk
3913,2025-09-15,2024-07-11,4,13345.38,108,3,3,2,332,Loyal
3914,2024-07-22,2024-06-08,2,14044.78,528,2,2,3,223,Occasional
3917,2024-03-19,2024-01-21,2,8055.68,653,1,2,2,122,Hibernating
3918,2024-10-25,2024-02-18,3,4398.42,433,2,3,1,231,At Risk
3919,2025-08-13,2024-01-11,18,88514.31,141,3,5,5,355,High Value
3920,2025-11-19,2024-01-12,16,94872.34,43,4,5,5,455,High Value
3921,2025-10-27,2024-08-13,4,19581.54,66,4,3,3,433,Loyal
3922,2025-11-06,2024-02-18,15,102147.4,56,4,5,5,455,High Value
3923,2024-09-13,2024-04-24,2,26072.33,475,2,2,3,223,Occasional
3925,2025-10-17,2024-03-01,11,117566.24,76,4,5,5,455,High Value
3926,2025-07-07,2024-08-23,3,19323.86,178,3,3,3,333,Loyal
3927,2025-03-07,2024-11-29,2,8911.63,300,2,2,2,222,Occasional
3928,2025-11-29,2024-02-28,20,112478.73,33,5,5,5,555,High Value
3929,2024-07-18,2024-07-18,1,11368.45,532,2,1,2,212,Occasional
3931,2025-07-04,2024-06-15,3,6771.31,181,3,3,2,332,Loyal
3932,2025-11-05,2024-01-20,18,87762.74,57,4,5,5,455,High Value
3933,2024-06-27,2024-03-02,3,10259.75,553,1,3,2,132,At Risk
3934,2024-07-01,2024-01-23,8,85046.19,549,1,4,5,145,At Risk
3936,2024-07-19,2024-07-19,1,5487.88,531,2,1,2,212,Occasional
3937,2025-06-02,2024-05-15,3,12283.26,213,3,3,2,332,Loyal
3938,2024-08-01,2024-01-19,8,21951.63,518,2,4,3,243,At Risk
3939,2024-03-10,2024-03-10,1,14946.98,662,1,1,3,113,Hibernating
3941,2025-09-08,2024-02-03,7,33978.57,115,3,4,4,344,High Value
3943,2025-11-05,2025-06-22,2,11079.91,57,4,2,2,422,Occasional
3944,2025-12-31,2024-03-26,6,82966.72,1,5,4,5,545,High Value
3945,2024-02-21,2024-02-21,1,3432.3,680,1,1,1,111,Hibernating
3947,2024-11-09,2024-01-28,8,50660.89,418,2,4,4,244,At Risk
3948,2024-03-28,2024-03-28,1,5409.14,644,1,1,2,112,Hibernating
3949,2025-11-05,2024-01-20,14,90239.66,57,4,5,5,455,High Value
3951,2024-04-12,2024-04-12,1,4991.27,629,1,1,2,112,Hibernating
3953,2024-09-11,2024-09-11,1,3125.3,477,2,1,1,211,Occasional
3954,2024-06-16,2024-06-16,1,7733.08,564,1,1,2,112,Hibernating
3955,2025-09-20,2024-01-19,20,95494.23,103,3,5,5,355,High Value
3956,2025-03-21,2024-02-13,4,24769.73,286,2,3,3,233,At Risk
3958,2024-05-29,2024-05-29,1,342.16,582,1,1,1,111,Hibernating
3959,2025-12-31,2024-04-06,9,29814.55,1,5,5,4,554,High Value
3960,2024-04-04,2024-01-18,10,26044.96,637,1,5,3,153,At Risk
3961,2024-07-08,2024-07-08,1,28599.63,542,1,1,3,113,Hibernating
3962,2024-05-30,2024-05-30,1,331.76,581,1,1,1,111,Hibernating
3963,2025-11-15,2025-11-15,1,2508.77,47,4,1,1,411,New
3965,2025-02-27,2024-04-14,3,29996.77,308,2,3,4,234,At Risk
3966,2024-05-18,2024-04-06,2,5086.48,593,1,2,2,122,Hibernating
3968,2024-09-18,2024-09-18,1,5903.19,470,2,1,2,212,Occasional
3969,2025-08-03,2024-02-05,14,78531.61,151,3,5,5,355,High Value
3970,2025-07-30,2024-01-20,9,171490.0,155,3,5,5,355,High Value
3971,2025-02-08,2024-01-22,15,197564.06,327,2,5,5,255,At Risk
3972,2024-04-13,2024-02-03,3,12662.99,628,1,3,2,132,At Risk
3974,2025-08-14,2024-06-30,4,66245.13,140,3,3,5,335,Loyal
3975,2025-10-04,2024-05-31,7,20858.26,89,4,4,3,443,Loyal
3976,2024-10-29,2024-03-11,2,2690.53,429,2,2,1,221,Occasional
3977,2024-03-17,2024-03-12,2,19294.95,655,1,2,3,123,Hibernating
3978,2024-08-19,2024-01-25,4,32725.77,500,2,3,4,234,At Risk
3979,2024-10-25,2024-01-24,5,16138.82,433,2,4,3,243,At Risk
3980,2025-12-12,2025-12-12,1,2180.66,20,5,1,1,511,New
3981,2025-02-02,2024-04-20,3,20177.24,333,2,3,3,233,At Risk
3983,2025-10-29,2024-02-21,11,43270.87,64,4,5,4,454,High Value
3984,2024-07-15,2024-02-01,6,42646.91,535,1,4,4,144,At Risk
3985,2025-12-19,2024-05-01,4,35008.38,13,5,3,4,534,Loyal
3986,2025-12-26,2024-01-18,9,26403.99,6,5,5,3,553,Loyal
3987,2025-12-05,2024-02-24,10,91263.27,27,5,5,5,555,High Value
3988,2025-12-24,2024-02-23,10,76637.66,8,5,5,5,555,High Value
3989,2024-01-30,2024-01-30,1,490.41,702,1,1,1,111,Hibernating
3990,2024-04-24,2024-04-24,1,1154.97,617,1,1,1,111,Hibernating
3991,2024-08-21,2024-04-12,10,54982.6,498,2,5,4,254,At Risk
3992,2024-05-12,2024-01-19,2,7553.2,599,1,2,2,122,Hibernating
3993,2024-12-21,2024-02-02,5,18275.7,376,2,4,3,243,At Risk
3994,2025-07-09,2025-06-15,2,3271.89,176,3,2,1,321,Occasional
3995,2024-07-20,2024-03-15,2,466.76,530,2,2,1,221,Occasional
3998,2025-11-29,2024-02-29,19,167506.11,33,5,5,5,555,High Value
3999,2024-04-18,2024-01-31,3,6735.41,623,1,3,2,132,At Risk
4000,2025-03-16,2024-02-10,8,47208.77,291,2,4,4,244,At Risk
4001,2024-08-11,2024-04-05,3,33703.59,508,2,3,4,234,At Risk
4002,2024-11-30,2024-07-11,6,55122.59,397,2,4,4,244,At Risk
4003,2024-03-13,2024-01-16,3,18342.73,659,1,3,3,133,At Risk
4004,2025-11-27,2025-11-27,1,2350.8,35,5,1,1,511,New
4005,2025-10-24,2024-01-21,8,29317.28,69,4,4,3,443,Loyal
4006,2024-03-04,2024-01-30,2,5615.79,668,1,2,2,122,Hibernating
4007,2025-08-06,2024-10-25,4,30502.23,148,3,3,4,334,Loyal
4010,2024-12-27,2024-12-27,1,13084.34,370,2,1,2,212,Occasional
4011,2024-08-31,2024-01-18,3,9743.24,488,2,3,2,232,At Risk
4012,2024-10-09,2024-07-25,4,35765.94,449,2,3,4,234,At Risk
4013,2024-10-23,2024-10-23,1,5122.78,435,2,1,2,212,Occasional
4014,2024-03-25,2024-03-25,1,580.32,647,1,1,1,111,Hibernating
4016,2025-10-15,2024-02-04,10,83333.76,78,4,5,5,455,High Value
4017,2025-03-28,2025-03-28,1,3161.52,279,2,1,1,211,Occasional
4018,2024-03-02,2024-03-02,1,767.52,670,1,1,1,111,Hibernating
4019,2025-11-09,2024-08-29,10,140959.55,53,4,5,5,455,High Value
4020,2024-04-08,2024-04-08,1,3008.46,633,1,1,1,111,Hibernating
4021,2025-07-29,2024-05-13,7,30574.0,156,3,4,4,344,High Value
4022,2025-04-22,2024-03-28,5,24325.06,254,3,4,3,343,Loyal
4023,2024-06-21,2024-06-21,1,6611.13,559,1,1,2,112,Hibernating
4024,2025-11-07,2024-02-04,15,141170.28,55,4,5,5,455,High Value
4026,2024-07-30,2024-07-30,1,3212.56,520,2,1,1,211,Occasional
4027,2024-03-14,2024-03-14,1,22247.78,658,1,1,3,113,Hibernating
4028,2025-12-21,2024-03-11,12,67791.43,11,5,5,5,555,High Value
4029,2024-12-13,2024-01-18,3,4311.21,384,2,3,1,231,At Risk
4030,2025-07-24,2025-02-17,3,36631.08,161,3,3,4,334,Loyal
4031,2024-05-31,2024-05-31,1,2453.77,580,1,1,1,111,Hibernating
4032,2024-07-26,2024-04-29,3,9120.32,524,2,3,2,232,At Risk
4033,2024-10-01,2024-02-11,7,19950.25,457,2,4,3,243,At Risk
4034,2025-12-19,2024-03-13,5,9022.54,13,5,4,2,542,Loyal
4035,2025-12-25,2024-01-22,53,301003.16,7,5,5,5,555,High Value
4036,2024-12-26,2024-07-04,3,24441.19,371,2,3,3,233,At Risk
4037,2024-11-26,2024-03-04,5,34202.67,401,2,4,4,244,At Risk
4038,2024-06-19,2024-03-08,2,8669.23,561,1,2,2,122,Hibernating
4039,2024-06-17,2024-05-09,2,17405.64,563,1,2,3,123,Hibernating
4041,2024-03-04,2024-03-04,1,21349.53,668,1,1,3,113,Hibernating
4042,2024-11-27,2024-02-13,2,2897.03,400,2,2,1,221,Occasional
4043,2025-09-08,2024-06-21,4,25021.9,115,3,3,3,333,Loyal
4044,2025-08-17,2024-02-02,8,44088.47,137,3,4,4,344,High Value
4045,2024-11-19,2024-03-17,3,6418.04,408,2,3,2,232,At Risk
4046,2025-12-27,2024-02-01,17,162998.13,5,5,5,5,555,High Value
4047,2024-06-01,2024-06-01,1,1158.77,579,1,1,1,111,Hibernating
4048,2024-12-20,2024-12-08,2,4704.02,377,2,2,2,222,Occasional
4049,2024-12-23,2024-03-03,2,10383.04,374,2,2,2,222,Occasional
4050,2024-10-24,2024-05-24,3,16668.08,434,2,3,3,233,At Risk
4051,2025-09-14,2024-01-25,2,12661.49,109,3,2,2,322,Occasional
4052,2025-12-26,2024-05-20,9,38892.44,6,5,5,4,554,High Value
4053,2025-06-05,2024-09-04,2,8526.31,210,3,2,2,322,Occasional
4054,2024-04-29,2024-04-29,1,1695.41,612,1,1,1,111,Hibernating
4055,2024-07-15,2024-03-30,2,39007.48,535,1,2,4,124,At Risk
4056,2024-06-04,2024-03-14,2,3008.97,576,1,2,1,121,Hibernating
4057,2025-07-14,2024-01-23,24,135883.32,171,3,5,5,355,High Value
4058,2025-06-17,2024-03-05,3,7257.59,198,3,3,2,332,Loyal
4059,2025-12-26,2024-07-05,6,18293.88,6,5,4,3,543,Loyal
4060,2025-04-29,2024-08-10,2,18101.88,247,3,2,3,323,Occasional
4061,2024-01-20,2024-01-20,1,2368.6,712,1,1,1,111,Hibernating
4062,2025-04-23,2024-03-04,5,51266.75,253,3,4,4,344,High Value
4063,2025-10-06,2024-05-17,5,36453.36,87,4,4,4,444,High Value
4064,2025-02-12,2024-07-11,4,10301.47,323,2,3,2,232,At Risk
4065,2025-04-06,2025-02-06,2,17620.07,270,3,2,3,323,Occasional
4066,2025-01-11,2024-09-22,4,42558.32,355,2,3,4,234,At Risk
4068,2024-08-22,2024-01-31,2,5246.43,497,2,2,2,222,Occasional
4069,2025-12-13,2024-12-15,3,33785.42,19,5,3,4,534,Loyal
4071,2025-03-16,2024-10-10,3,15793.96,291,2,3,3,233,At Risk
4072,2025-09-21,2024-02-20,3,21543.27,102,3,3,3,333,Loyal
4073,2025-12-30,2024-03-28,5,26135.79,2,5,4,3,543,Loyal
4074,2025-08-11,2024-04-25,5,32281.91,143,3,4,4,344,High Value
4075,2025-02-02,2024-08-05,2,13822.97,333,2,2,2,222,Occasional
4076,2025-11-14,2024-02-01,15,179090.61,48,4,5,5,455,High Value
4077,2025-01-23,2024-03-02,2,6590.27,343,2,2,2,222,Occasional
4079,2025-11-02,2024-02-06,21,171348.19,60,4,5,5,455,High Value
4080,2024-05-26,2024-02-10,2,15624.49,585,1,2,3,123,Hibernating
4081,2024-11-09,2024-05-24,2,2253.94,418,2,2,1,221,Occasional
4083,2024-09-22,2024-09-22,1,11791.52,466,2,1,2,212,Occasional
4084,2024-11-07,2024-01-29,16,51197.26,420,2,5,4,254,At Risk
4085,2025-11-09,2024-10-22,2,10240.06,53,4,2,2,422,Occasional
4086,2024-12-22,2024-07-27,3,24878.46,375,2,3,3,233,At Risk
4087,2024-06-08,2024-02-10,3,51064.5,572,1,3,4,134,At Risk
4088,2024-12-23,2024-12-23,1,2577.54,374,2,1,1,211,Occasional
4089,2025-05-17,2024-05-12,2,27212.25,229,3,2,3,323,Occasional
4090,2024-03-22,2024-03-10,2,3156.71,650,1,2,1,121,Hibernating
4091,2024-12-08,2024-01-24,10,67948.82,389,2,5,5,255,At Risk
4092,2024-10-21,2024-06-24,6,30462.95,437,2,4,4,244,At Risk
4095,2025-10-30,2024-01-25,10,109125.91,63,4,5,5,455,High Value
4096,2024-04-07,2024-04-07,1,2105.06,634,1,1,1,111,Hibernating
4098,2025-07-28,2024-07-01,2,13975.65,157,3,2,3,323,Occasional
4099,2025-01-24,2025-01-24,1,512.73,342,2,1,1,211,Occasional
4101,2024-08-26,2024-08-26,1,344.81,493,2,1,1,211,Occasional
4102,2024-08-26,2024-02-02,15,112083.06,493,2,5,5,255,At Risk
4103,2024-08-15,2024-02-24,5,40392.39,504,2,4,4,244,At Risk
4104,2024-09-12,2024-06-29,2,3734.48,476,2,2,1,221,Occasional
4105,2024-04-12,2024-04-12,1,1908.5,629,1,1,1,111,Hibernating
4106,2025-10-24,2024-01-29,12,78126.97,69,4,5,5,455,High Value
4107,2024-12-11,2024-12-11,1,472.26,386,2,1,1,211,Occasional
4108,2025-04-17,2024-02-09,4,7399.55,259,3,3,2,332,Loyal
4109,2025-12-06,2024-04-07,6,38344.96,26,5,4,4,544,High Value
4110,2025-11-14,2024-03-10,5,13874.21,48,4,4,2,442,Loyal
4111,2025-10-30,2024-10-08,2,6983.83,63,4,2,2,422,Occasional
4112,2024-06-09,2024-06-09,1,2111.3,571,1,1,1,111,Hibernating
4113,2025-08-14,2024-03-22,7,41704.58,140,3,4,4,344,High Value
4116,2025-09-06,2024-05-01,4,17791.51,117,3,3,3,333,Loyal
4117,2025-06-04,2024-06-08,6,59268.9,211,3,4,4,344,High Value
4118,2024-09-22,2024-01-27,3,31827.42,466,2,3,4,234,At Risk
4119,2025-12-12,2024-02-11,26,278619.2,20,5,5,5,555,High Value
4121,2024-05-03,2024-04-24,2,5150.43,608,1,2,2,122,Hibernating
4122,2025-12-30,2024-01-29,15,96358.66,2,5,5,5,555,High Value
4123,2025-03-11,2024-01-30,25,201027.0,296,2,5,5,255,At Risk
4124,2025-11-10,2024-05-10,7,43870.88,52,4,4,4,444,High Value
4125,2025-05-09,2024-03-26,3,10058.09,237,3,3,2,332,Loyal
4126,2025-12-14,2024-07-27,7,42232.51,18,5,4,4,544,High Value
4127,2024-10-31,2024-02-24,8,75525.61,427,2,4,5,245,At Risk
4129,2024-06-30,2024-02-21,3,18756.6,550,1,3,3,133,At Risk
4130,2025-12-28,2024-03-01,12,56493.28,4,5,5,4,554,High Value
4131,2024-05-23,2024-05-06,2,21757.11,588,1,2,3,123,Hibernating
4132,2025-08-08,2025-07-31,2,7311.72,146,3,2,2,322,Occasional
4133,2024-06-22,2024-05-07,2,31767.43,558,1,2,4,124,At Risk
4134,2024-10-28,2024-05-16,3,102475.77,430,2,3,5,235,At Risk
4135,2024-07-21,2024-07-21,1,611.57,529,2,1,1,211,Occasional
4136,2024-05-11,2024-03-17,3,36993.41,600,1,3,4,134,At Risk
4137,2025-10-24,2024-02-18,8,52794.73,69,4,4,4,444,High Value
4138,2024-03-02,2024-02-21,2,2067.78,670,1,2,1,121,Hibernating
4139,2025-05-05,2025-05-05,1,758.31,241,3,1,1,311,Occasional
4140,2024-05-08,2024-05-08,1,4163.37,603,1,1,1,111,Hibernating
4141,2025-11-03,2025-04-10,2,3469.88,59,4,2,1,421,Occasional
4142,2024-10-29,2024-02-01,6,85792.53,429,2,4,5,245,At Risk
4143,2024-07-28,2024-07-08,3,20207.4,522,2,3,3,233,At Risk
4144,2025-12-28,2024-02-03,37,348138.68,4,5,5,5,555,High Value
4146,2025-05-23,2024-04-16,2,3206.43,223,3,2,1,321,Occasional
4149,2025-02-24,2024-10-19,2,43950.1,311,2,2,4,224,At Risk
4150,2024-04-26,2024-04-26,1,6571.14,615,1,1,2,112,Hibernating
4151,2025-07-10,2024-05-07,5,27683.81,175,3,4,3,343,Loyal
4152,2025-07-30,2025-07-30,1,1982.8,155,3,1,1,311,Occasional
4155,2024-07-12,2024-05-19,2,13306.85,538,1,2,2,122,Hibernating
4156,2025-10-20,2024-03-12,9,18860.64,73,4,5,3,453,Loyal
4157,2025-12-06,2024-03-24,5,32523.35,26,5,4,4,544,High Value
4158,2025-09-11,2025-02-21,2,1677.72,112,3,2,1,321,Occasional
4159,2025-10-17,2025-01-04,2,2534.89,76,4,2,1,421,Occasional
4160,2024-05-09,2024-02-23,2,10090.09,602,1,2,2,122,Hibernating
4161,2025-12-30,2024-02-05,52,363925.58,2,5,5,5,555,High Value
4162,2024-03-01,2024-03-01,1,41982.57,671,1,1,4,114,At Risk
4163,2025-10-03,2025-01-02,3,70637.56,90,4,3,5,435,Loyal
4164,2025-06-25,2024-02-17,5,41448.36,190,3,4,4,344,High Value
4165,2025-12-28,2024-02-02,49,343589.54,4,5,5,5,555,High Value
4166,2025-10-27,2024-03-16,13,97520.33,66,4,5,5,455,High Value
4168,2024-10-28,2024-10-28,1,1903.15,430,2,1,1,211,Occasional
4170,2025-07-09,2024-03-24,8,106921.38,176,3,4,5,345,High Value
4171,2024-08-03,2024-08-03,1,3281.3,516,2,1,1,211,Occasional
4172,2024-07-12,2024-05-18,2,19994.42,538,1,2,3,123,Hibernating
4174,2025-02-27,2024-03-11,7,43721.93,308,2,4,4,244,At Risk
4175,2024-03-16,2024-03-16,1,619.48,656,1,1,1,111,Hibernating
4176,2024-07-08,2024-02-08,2,6527.87,542,1,2,2,122,Hibernating
4177,2024-12-19,2024-02-08,3,6895.56,378,2,3,2,232,At Risk
4178,2024-12-21,2024-04-13,5,23954.04,376,2,4,3,243,At Risk
4179,2025-08-22,2024-04-03,3,17704.83,132,3,3,3,333,Loyal
4180,2025-08-17,2024-03-04,9,56633.48,137,3,5,4,354,High Value
4182,2025-12-13,2024-02-17,13,51470.75,19,5,5,4,554,High Value
4183,2024-05-22,2024-02-04,4,51098.32,589,1,3,4,134,At Risk
4184,2025-04-04,2024-03-18,17,62094.87,272,2,5,5,255,At Risk
4185,2024-05-27,2024-04-11,2,21765.02,584,1,2,3,123,Hibernating
4186,2025-10-17,2024-02-05,4,52305.97,76,4,3,4,434,Loyal
4187,2024-07-10,2024-04-06,2,12639.94,540,1,2,2,122,Hibernating
4188,2024-09-06,2024-04-04,2,4462.12,482,2,2,2,222,Occasional
4189,2025-01-29,2025-01-29,1,4287.68,337,2,1,1,211,Occasional
4192,2024-05-08,2024-02-17,3,8024.73,603,1,3,2,132,At Risk
4193,2025-04-01,2024-03-05,7,45562.49,275,2,4,4,244,At Risk
4194,2024-06-05,2024-06-05,1,223.7,575,1,1,1,111,Hibernating
4196,2024-08-11,2024-05-28,2,20421.28,508,2,2,3,223,Occasional
4197,2025-11-23,2024-04-19,12,59103.87,39,4,5,4,454,High Value
4198,2024-09-15,2024-09-15,1,2808.47,473,2,1,1,211,Occasional
4200,2025-03-17,2024-10-21,2,3461.79,290,2,2,1,221,Occasional
4201,2024-09-30,2024-02-29,5,18881.55,458,2,4,3,243,At Risk
4202,2025-10-27,2025-10-27,1,3223.33,66,4,1,1,411,New
4203,2025-01-31,2024-08-07,2,17451.26,335,2,2,3,223,Occasional
4205,2025-02-09,2024-03-05,14,127018.98,326,2,5,5,255,At Risk
4206,2025-12-25,2024-02-22,21,117312.67,7,5,5,5,555,High Value
4208,2024-09-04,2024-09-04,1,2288.68,484,2,1,1,211,Occasional
4210,2024-10-09,2024-04-14,2,50943.41,449,2,2,4,224,At Risk
4212,2025-10-04,2024-05-15,8,70713.68,89,4,4,5,445,High Value
4213,2025-09-11,2024-03-15,13,111506.11,112,3,5,5,355,High Value
4214,2025-01-24,2025-01-24,1,816.12,342,2,1,1,211,Occasional
4215,2024-10-04,2024-03-20,8,38233.55,454,2,4,4,244,At Risk
4216,2024-11-30,2024-02-10,17,74511.11,397,2,5,5,255,At Risk
4217,2025-10-14,2025-10-14,1,1964.4,79,4,1,1,411,New
4219,2024-03-02,2024-03-02,1,19036.78,670,1,1,3,113,Hibernating
4220,2025-11-14,2024-11-30,6,96039.78,48,4,4,5,445,High Value
4221,2025-10-12,2024-04-10,9,59425.88,81,4,5,4,454,High Value
4222,2024-09-06,2024-03-15,3,39387.54,482,2,3,4,234,At Risk
4223,2025-06-10,2024-12-14,3,25293.65,205,3,3,3,333,Loyal
4224,2025-06-07,2024-02-11,52,384652.45,208,3,5,5,355,High Value
4226,2025-05-27,2024-02-15,8,66093.12,219,3,4,5,345,High Value
4229,2025-10-24,2024-02-16,14,129673.22,69,4,5,5,455,High Value
4230,2024-02-17,2024-02-17,1,2926.04,684,1,1,1,111,Hibernating
4231,2025-12-30,2024-05-11,3,16136.89,2,5,3,3,533,Loyal
4232,2024-04-19,2024-04-19,1,1196.32,622,1,1,1,111,Hibernating
4233,2025-11-30,2024-02-11,7,35461.46,32,5,4,4,544,High Value
4236,2025-12-23,2024-03-25,22,166278.38,9,5,5,5,555,High Value
4237,2024-09-22,2024-03-07,3,2329.7,466,2,3,1,231,At Risk
4238,2025-10-25,2024-02-22,15,78245.8,68,4,5,5,455,High Value
4240,2025-01-05,2024-07-26,4,7442.62,361,2,3,2,232,At Risk
4241,2025-06-05,2024-02-26,14,65866.67,210,3,5,5,355,High Value
4242,2025-01-01,2024-06-20,2,20579.29,365,2,2,3,223,Occasional
4243,2025-05-16,2024-08-19,4,20598.14,230,3,3,3,333,Loyal
4244,2025-09-12,2024-02-10,4,21782.25,111,3,3,3,333,Loyal
4245,2025-03-05,2024-03-06,7,38575.71,302,2,4,4,244,At Risk
4246,2025-01-23,2024-02-13,8,27019.94,343,2,4,3,243,At Risk
4247,2025-12-31,2024-08-29,3,48596.7,1,5,3,4,534,Loyal
4248,2024-04-14,2024-04-14,1,1634.15,627,1,1,1,111,Hibernating
4250,2025-08-29,2024-10-04,2,7170.16,125,3,2,2,322,Occasional
4251,2025-12-20,2024-02-22,11,77737.94,12,5,5,5,555,High Value
4252,2024-11-29,2024-05-23,4,25990.8,398,2,3,3,233,At Risk
4253,2025-07-30,2024-03-08,12,127778.73,155,3,5,5,355,High Value
4254,2024-07-20,2024-07-20,1,7450.82,530,2,1,2,212,Occasional
4255,2025-04-04,2024-02-26,5,40728.73,272,2,4,4,244,At Risk
4256,2025-12-22,2024-02-18,42,311816.15,10,5,5,5,555,High Value
4257,2025-12-14,2024-02-12,14,55867.51,18,5,5,4,554,High Value
4258,2025-08-13,2024-03-19,22,64124.27,141,3,5,5,355,High Value
4259,2025-05-02,2024-11-04,2,2940.79,244,3,2,1,321,Occasional
4260,2024-11-08,2024-02-22,5,40408.25,419,2,4,4,244,At Risk
4261,2024-02-26,2024-02-26,1,1485.43,675,1,1,1,111,Hibernating
4262,2025-10-18,2024-06-10,12,39587.62,75,4,5,4,454,High Value
4265,2025-11-30,2025-11-30,1,41796.21,32,5,1,4,514,New
4266,2025-10-26,2024-09-02,4,11498.67,67,4,3,2,432,Loyal
4267,2024-08-29,2024-08-29,1,31315.44,490,2,1,4,214,At Risk
4270,2024-07-24,2024-04-15,2,9082.05,526,2,2,2,222,Occasional
4271,2024-11-10,2024-02-19,8,34383.23,417,2,4,4,244,At Risk
4272,2025-10-09,2024-04-26,8,37587.59,84,4,4,4,444,High Value
4273,2025-12-24,2024-02-14,46,395465.62,8,5,5,5,555,High Value
4274,2024-11-22,2024-10-11,2,2489.45,405,2,2,1,221,Occasional
4275,2025-08-12,2024-07-05,11,116015.05,142,3,5,5,355,High Value
4277,2024-07-14,2024-02-24,2,882.65,536,1,2,1,121,Hibernating
4279,2025-12-31,2024-04-11,9,61755.41,1,5,5,5,555,High Value
4280,2025-02-24,2024-05-29,3,29502.36,311,2,3,4,234,At Risk
4282,2025-01-24,2024-03-31,5,51595.34,342,2,4,4,244,At Risk
4283,2025-01-06,2025-01-06,1,1365.57,360,2,1,1,211,Occasional
4284,2025-12-23,2024-03-06,10,86460.81,9,5,5,5,555,High Value
4285,2024-09-10,2024-03-02,3,24805.5,478,2,3,3,233,At Risk
4286,2024-08-20,2024-05-12,6,65282.5,499,2,4,5,245,At Risk
4287,2024-04-12,2024-04-12,1,4696.85,629,1,1,2,112,Hibernating
4288,2024-02-22,2024-02-22,1,432.28,679,1,1,1,111,Hibernating
4289,2025-03-21,2024-02-24,3,9672.3,286,2,3,2,232,At Risk
4292,2025-10-11,2024-02-18,8,29354.01,82,4,4,3,443,Loyal
4294,2024-11-15,2024-11-15,1,223.81,412,2,1,1,211,Occasional
4297,2024-06-27,2024-06-27,1,1058.72,553,1,1,1,111,Hibernating
4298,2024-11-25,2024-03-31,5,8614.36,402,2,4,2,242,At Risk
4299,2024-09-30,2024-07-15,2,12514.0,458,2,2,2,222,Occasional
4300,2024-06-29,2024-03-02,3,25828.02,551,1,3,3,133,At Risk
4302,2024-06-04,2024-03-17,2,1945.0,576,1,2,1,121,Hibernating
4303,2025-03-10,2024-03-11,7,50820.11,297,2,4,4,244,At Risk
4304,2025-12-21,2025-12-21,1,36369.66,11,5,1,4,514,New
4305,2024-04-19,2024-03-05,3,9452.29,622,1,3,2,132,At Risk
4306,2025-05-03,2024-04-05,3,16962.47,243,3,3,3,333,Loyal
4307,2024-07-20,2024-06-22,4,4002.9,530,2,3,1,231,At Risk
4309,2025-11-12,2024-02-29,30,198252.37,50,4,5,5,455,High Value
4310,2024-06-01,2024-03-06,3,26451.19,579,1,3,3,133,At Risk
4311,2025-12-29,2024-03-08,30,179153.35,3,5,5,5,555,High Value
4312,2025-02-21,2024-03-27,9,25434.14,314,2,5,3,253,At Risk
4314,2025-04-27,2024-04-06,9,73698.18,249,3,5,5,355,High Value
4315,2024-03-21,2024-03-03,2,56305.23,651,1,2,4,124,At Risk
4316,2025-07-15,2025-03-23,3,13720.41,170,3,3,2,332,Loyal
4317,2025-12-05,2024-06-29,5,24788.52,27,5,4,3,543,Loyal
4318,2025-12-11,2024-05-19,5,29987.76,21,5,4,4,544,High Value
4319,2024-09-28,2024-04-29,4,64103.93,460,2,3,5,235,At Risk
4320,2024-12-13,2024-12-13,1,38928.55,384,2,1,4,214,At Risk
4321,2025-08-30,2024-05-13,3,7022.28,124,3,3,2,332,Loyal
4322,2025-03-18,2024-02-22,11,33695.79,289,2,5,4,254,At Risk
4324,2024-10-27,2024-02-21,4,9370.81,431,2,3,2,232,At Risk
4325,2024-05-29,2024-03-04,4,13521.46,582,1,3,2,132,At Risk
4326,2024-11-03,2024-11-03,1,880.26,424,2,1,1,211,Occasional
4327,2025-04-05,2025-01-03,4,61080.97,271,2,3,4,234,At Risk
4328,2025-12-20,2024-02-20,15,96787.41,12,5,5,5,555,High Value
4329,2025-12-06,2024-06-28,6,41286.76,26,5,4,4,544,High Value
4331,2025-12-19,2024-03-17,12,63112.21,13,5,5,5,555,High Value
4332,2024-10-31,2024-10-31,1,24116.77,427,2,1,3,213,Occasional
4333,2025-04-06,2024-07-23,2,6159.41,270,3,2,2,322,Occasional
4335,2024-05-23,2024-03-10,2,3387.64,588,1,2,1,121,Hibernating
4336,2025-01-08,2024-03-31,2,5953.91,358,2,2,2,222,Occasional
4337,2025-12-02,2024-11-30,8,53833.22,30,5,4,4,544,High Value
4338,2025-10-09,2024-04-19,10,97568.01,84,4,5,5,455,High Value
4339,2024-06-08,2024-06-08,1,511.84,572,1,1,1,111,Hibernating
4341,2025-01-16,2025-01-16,1,3006.58,350,2,1,1,211,Occasional
4342,2025-11-23,2024-06-01,12,125278.33,39,4,5,5,455,High Value
4343,2025-03-04,2024-07-27,3,25329.18,303,2,3,3,233,At Risk
4344,2024-11-11,2024-03-29,6,89100.59,416,2,4,5,245,At Risk
4347,2024-08-18,2024-04-08,5,64582.21,501,2,4,5,245,At Risk
4348,2025-12-16,2025-06-19,2,4481.07,16,5,2,2,522,Occasional
4349,2024-10-15,2024-03-23,4,35428.83,443,2,3,4,234,At Risk
4352,2024-07-14,2024-06-02,2,14360.42,536,1,2,3,123,Hibernating
4353,2024-08-31,2024-06-15,2,83450.89,488,2,2,5,225,At Risk
4354,2024-05-23,2024-05-23,1,51364.45,588,1,1,4,114,At Risk
4355,2025-12-30,2024-04-09,9,45226.86,2,5,5,4,554,High Value
4356,2025-11-30,2024-04-28,6,46411.16,32,5,4,4,544,High Value
4357,2025-07-31,2024-04-11,11,57652.52,154,3,5,4,354,High Value
4359,2025-04-21,2024-07-07,8,41142.6,255,3,4,4,344,High Value
4360,2025-10-03,2025-07-02,2,1773.98,90,4,2,1,421,Occasional
4361,2024-12-19,2024-03-11,8,59179.74,378,2,4,4,244,At Risk
4363,2024-03-13,2024-03-13,1,4028.08,659,1,1,1,111,Hibernating
4364,2025-06-05,2024-11-06,5,33330.69,210,3,4,4,344,High Value
4365,2025-12-17,2024-12-07,4,13289.32,15,5,3,2,532,Loyal
4366,2025-12-23,2024-02-28,2,49115.14,9,5,2,4,524,Occasional
4367,2024-11-09,2024-04-25,6,14500.66,418,2,4,3,243,At Risk
4369,2024-06-21,2024-03-10,2,7134.75,559,1,2,2,122,Hibernating
4370,2025-05-18,2024-04-16,2,22217.96,228,3,2,3,323,Occasional
4371,2024-05-27,2024-04-13,2,3049.8,584,1,2,1,121,Hibernating
4372,2025-12-21,2024-12-05,4,23749.41,11,5,3,3,533,Loyal
4373,2025-08-22,2024-03-09,7,70069.45,132,3,4,5,345,High Value
4374,2024-09-02,2024-02-27,39,278151.32,486,2,5,5,255,At Risk
4376,2024-10-06,2024-05-13,3,35839.49,452,2,3,4,234,At Risk
4378,2024-09-03,2024-03-28,6,31945.88,485,2,4,4,244,At Risk
4379,2024-06-10,2024-05-27,2,36053.3,570,1,2,4,124,At Risk
4380,2024-12-20,2024-03-23,8,80564.21,377,2,4,5,245,At Risk
4381,2024-02-25,2024-02-25,1,364.57,676,1,1,1,111,Hibernating
4382,2025-10-26,2024-04-12,8,89154.22,67,4,4,5,445,High Value
4384,2025-03-14,2024-12-04,2,3316.78,293,2,2,1,221,Occasional
4385,2025-11-25,2024-03-07,24,120493.28,37,4,5,5,455,High Value
4386,2025-12-26,2024-03-25,11,94337.4,6,5,5,5,555,High Value
4387,2025-11-20,2024-08-05,12,81179.57,42,4,5,5,455,High Value
4389,2025-11-15,2024-06-30,9,24548.98,47,4,5,3,453,Loyal
4390,2024-06-28,2024-06-28,1,79049.09,552,1,1,5,115,At Risk
4391,2024-04-15,2024-02-29,2,3047.82,626,1,2,1,121,Hibernating
4392,2025-11-23,2024-03-13,6,49943.1,39,4,4,4,444,High Value
4393,2025-08-19,2024-11-30,2,5176.94,135,3,2,2,322,Occasional
4394,2025-12-13,2024-04-03,16,153935.21,19,5,5,5,555,High Value
4395,2024-11-01,2024-11-01,1,1996.07,426,2,1,1,211,Occasional
4396,2024-10-13,2024-10-13,1,9802.37,445,2,1,2,212,Occasional
4399,2025-10-13,2024-06-02,3,35288.77,80,4,3,4,434,Loyal
4400,2025-07-14,2025-05-24,2,2976.35,171,3,2,1,321,Occasional
4401,2025-11-26,2024-03-12,6,120180.55,36,4,4,5,445,High Value
4402,2025-12-17,2024-06-08,11,82912.0,15,5,5,5,555,High Value
4404,2024-09-14,2024-09-14,1,2482.22,474,2,1,1,211,Occasional
4405,2025-12-05,2024-03-20,27,282322.47,27,5,5,5,555,High Value
4406,2025-01-08,2024-04-01,10,65986.01,358,2,5,5,255,At Risk
4407,2025-07-25,2024-03-11,3,51938.33,160,3,3,4,334,Loyal
4408,2025-02-03,2024-05-17,4,21615.04,332,2,3,3,233,At Risk
4409,2025-04-06,2024-03-31,4,10184.15,270,3,3,2,332,Loyal
4411,2025-04-27,2024-11-11,2,5810.88,249,3,2,2,322,Occasional
4414,2024-12-15,2024-07-28,2,8023.72,382,2,2,2,222,Occasional
4415,2025-10-17,2024-11-24,2,6062.29,76,4,2,2,422,Occasional
4417,2024-08-22,2024-08-22,1,3447.13,497,2,1,1,211,Occasional
4418,2024-09-11,2024-08-10,3,71652.46,477,2,3,5,235,At Risk
4420,2024-04-30,2024-04-30,1,1174.16,611,1,1,1,111,Hibernating
4421,2024-08-23,2024-03-19,6,23885.46,496,2,4,3,243,At Risk
4422,2024-11-17,2024-07-06,3,28435.01,410,2,3,3,233,At Risk
4423,2025-02-16,2024-10-02,2,6306.26,319,2,2,2,222,Occasional
4424,2024-11-30,2024-07-08,4,16362.57,397,2,3,3,233,At Risk
4425,2024-12-05,2024-12-05,1,1656.25,392,2,1,1,211,Occasional
4428,2024-12-28,2024-03-03,6,21465.06,369,2,4,3,243,At Risk
4429,2025-12-09,2024-08-21,6,15105.47,23,5,4,3,543,Loyal
4430,2025-12-25,2024-12-13,3,24001.61,7,5,3,3,533,Loyal
4431,2024-07-23,2024-03-04,4,21058.74,527,2,3,3,233,At Risk
4432,2025-10-14,2024-06-29,3,7178.15,79,4,3,2,432,Loyal
4434,2025-04-27,2024-05-26,2,12511.26,249,3,2,2,322,Occasional
4436,2024-05-21,2024-05-21,1,476.32,590,1,1,1,111,Hibernating
4441,2025-11-18,2024-04-12,11,23855.79,44,4,5,3,453,Loyal
4442,2024-05-02,2024-05-02,1,2137.51,609,1,1,1,111,Hibernating
4443,2025-07-06,2025-07-06,1,2999.33,179,3,1,1,311,Occasional
4444,2025-04-10,2024-03-07,5,9073.34,266,3,4,2,342,Loyal
4445,2025-06-13,2024-06-27,2,7562.08,202,3,2,2,322,Occasional
4446,2025-11-14,2024-09-29,5,11813.62,48,4,4,2,442,Loyal
4447,2024-07-21,2024-07-21,1,729.14,529,2,1,1,211,Occasional
4448,2024-10-10,2024-07-12,2,4431.18,448,2,2,1,221,Occasional
4449,2024-07-24,2024-07-02,2,6415.97,526,2,2,2,222,Occasional
4452,2025-08-28,2024-03-04,6,55834.05,126,3,4,4,344,High Value
4453,2024-10-08,2024-10-08,1,15432.93,450,2,1,3,213,Occasional
4454,2025-09-15,2024-05-26,5,96142.87,108,3,4,5,345,High Value
4456,2025-08-15,2024-08-22,2,15067.47,139,3,2,3,323,Occasional
4457,2024-05-21,2024-04-11,2,2492.88,590,1,2,1,121,Hibernating
4458,2024-06-02,2024-06-02,1,550.16,578,1,1,1,111,Hibernating
4459,2024-09-19,2024-09-19,1,3625.07,469,2,1,1,211,Occasional
4460,2024-10-25,2024-10-25,1,3984.55,433,2,1,1,211,Occasional
4461,2025-12-13,2024-03-25,25,160313.68,19,5,5,5,555,High Value
4462,2025-12-27,2024-03-13,26,201371.72,5,5,5,5,555,High Value
4463,2025-09-10,2024-03-16,8,141685.01,113,3,4,5,345,High Value
4467,2024-03-28,2024-03-28,1,7064.45,644,1,1,2,112,Hibernating
4470,2025-12-05,2024-03-11,31,151237.22,27,5,5,5,555,High Value
4471,2024-08-25,2024-08-25,1,53751.93,494,2,1,4,214,At Risk
4472,2025-01-05,2024-03-14,7,70015.54,361,2,4,5,245,At Risk
4473,2025-02-17,2024-05-01,9,23873.9,318,2,5,3,253,At Risk
4474,2024-10-26,2024-03-06,2,6090.6,432,2,2,2,222,Occasional
4475,2025-03-26,2024-10-31,2,9502.64,281,2,2,2,222,Occasional
4476,2025-12-16,2024-03-15,31,133635.96,16,5,5,5,555,High Value
4477,2025-04-10,2024-10-11,4,20941.13,266,3,3,3,333,Loyal
4478,2024-06-08,2024-06-08,1,1440.04,572,1,1,1,111,Hibernating
4479,2025-09-21,2024-05-25,3,20509.4,102,3,3,3,333,Loyal
4480,2025-07-02,2025-07-02,1,854.68,183,3,1,1,311,Occasional
4481,2025-06-23,2025-02-06,5,31920.51,192,3,4,4,344,High Value
4482,2025-08-02,2024-05-24,4,28729.96,152,3,3,3,333,Loyal
4483,2025-11-12,2024-11-07,3,21211.81,50,4,3,3,433,Loyal
4484,2025-02-16,2024-10-17,3,22604.71,319,2,3,3,233,At Risk
4485,2025-10-13,2024-03-23,14,69217.66,80,4,5,5,455,High Value
4486,2024-08-10,2024-08-10,1,18167.76,509,2,1,3,213,Occasional
4487,2025-12-31,2024-10-05,6,62040.96,1,5,4,5,545,High Value
4489,2025-03-29,2025-03-29,1,11218.57,278,2,1,2,212,Occasional
4490,2024-04-16,2024-04-16,1,1275.88,625,1,1,1,111,Hibernating
4491,2025-12-28,2024-03-25,2,7245.87,4,5,2,2,522,Occasional
4492,2025-09-18,2024-03-14,7,33551.8,105,3,4,4,344,High Value
4494,2025-12-21,2024-10-04,14,108415.51,11,5,5,5,555,High Value
4496,2025-04-04,2024-04-09,9,30016.62,272,2,5,4,254,At Risk
4498,2025-05-24,2025-05-24,1,21198.11,222,3,1,3,313,Occasional
4499,2024-11-20,2024-11-20,1,18967.99,407,2,1,3,213,Occasional
4500,2024-06-03,2024-06-03,1,2395.33,577,1,1,1,111,Hibernating
4501,2024-08-22,2024-08-22,1,611.57,497,2,1,1,211,Occasional
4502,2025-06-21,2024-08-26,2,1046.67,194,3,2,1,321,Occasional
4503,2024-10-20,2024-05-15,4,19275.99,438,2,3,3,233,At Risk
4504,2025-07-26,2024-08-24,8,65062.38,159,3,4,5,345,High Value
4505,2024-06-19,2024-03-30,2,4558.31,561,1,2,2,122,Hibernating
4506,2025-12-16,2024-05-12,11,44195.97,16,5,5,4,554,High Value
4507,2025-01-10,2024-05-12,4,19638.99,356,2,3,3,233,At Risk
4508,2024-05-05,2024-05-05,1,885.82,606,1,1,1,111,Hibernating
4509,2025-07-28,2024-04-20,12,59200.05,157,3,5,4,354,High Value
4511,2025-11-14,2024-03-11,7,58104.39,48,4,4,4,444,High Value
4513,2025-09-08,2024-07-23,2,6977.79,115,3,2,2,322,Occasional
4514,2025-06-27,2024-05-22,5,73697.02,188,3,4,5,345,High Value
4518,2024-10-08,2024-10-08,1,10866.13,450,2,1,2,212,Occasional
4519,2024-05-01,2024-03-10,4,29529.79,610,1,3,4,134,At Risk
4520,2024-09-10,2024-03-14,3,31205.5,478,2,3,4,234,At Risk
4521,2025-10-15,2024-04-20,12,74021.18,78,4,5,5,455,High Value
4522,2025-11-22,2024-09-05,10,47889.95,40,4,5,4,454,High Value
4524,2024-12-30,2024-03-14,25,179273.36,367,2,5,5,255,At Risk
4525,2024-03-30,2024-03-30,1,2222.01,642,1,1,1,111,Hibernating
4526,2024-05-12,2024-05-12,1,3666.16,599,1,1,1,111,Hibernating
4527,2024-11-22,2024-03-28,21,171216.59,405,2,5,5,255,At Risk
4528,2025-03-25,2025-03-25,1,1828.72,282,2,1,1,211,Occasional
4529,2024-10-29,2024-10-29,1,6483.36,429,2,1,2,212,Occasional
4530,2025-07-06,2024-07-25,7,19126.24,179,3,4,3,343,Loyal
4531,2024-10-12,2024-10-12,1,8993.25,446,2,1,2,212,Occasional
4532,2025-11-22,2024-05-22,3,22168.91,40,4,3,3,433,Loyal
4533,2025-12-05,2024-03-19,8,26283.24,27,5,4,3,543,Loyal
4534,2024-11-10,2024-11-10,1,812.4,417,2,1,1,211,Occasional
4535,2024-07-12,2024-03-28,3,46906.06,538,1,3,4,134,At Risk
4536,2025-12-24,2024-05-17,6,40796.07,8,5,4,4,544,High Value
4537,2025-04-12,2025-04-12,1,3946.81,264,3,1,1,311,Occasional
4539,2025-12-09,2024-07-17,17,220916.41,23,5,5,5,555,High Value
4541,2025-06-13,2024-12-07,2,3670.73,202,3,2,1,321,Occasional
4543,2024-06-07,2024-04-11,2,16107.62,573,1,2,3,123,Hibernating
4544,2025-11-24,2024-05-28,9,24036.29,38,4,5,3,453,Loyal
4545,2024-07-17,2024-07-17,1,23483.77,533,1,1,3,113,Hibernating
4546,2025-05-01,2025-05-01,1,7695.04,245,3,1,2,312,Occasional
4548,2025-12-31,2024-10-03,7,38967.71,1,5,4,4,544,High Value
4550,2025-03-10,2024-03-29,6,44338.77,297,2,4,4,244,At Risk
4552,2025-04-03,2025-04-03,1,9429.01,273,2,1,2,212,Occasional
4553,2025-11-13,2024-04-11,13,70319.23,49,4,5,5,455,High Value
4554,2025-06-11,2024-03-27,6,15398.51,204,3,4,3,343,Loyal
4557,2024-10-18,2024-10-18,1,2920.48,440,2,1,1,211,Occasional
4558,2025-09-28,2025-01-11,2,11776.09,95,4,2,2,422,Occasional
4559,2025-03-03,2025-01-23,2,22424.39,304,2,2,3,223,Occasional
4560,2025-10-11,2024-10-08,5,66410.81,82,4,4,5,445,High Value
4561,2025-10-26,2025-10-26,1,2993.0,67,4,1,1,411,New
4562,2025-01-18,2025-01-18,1,894.59,348,2,1,1,211,Occasional
4564,2025-03-27,2024-05-11,6,19980.55,280,2,4,3,243,At Risk
4565,2024-04-28,2024-03-24,2,5447.88,613,1,2,2,122,Hibernating
4566,2025-01-28,2024-10-26,3,14081.35,338,2,3,3,233,At Risk
4567,2024-08-15,2024-03-21,6,32124.48,504,2,4,4,244,At Risk
4569,2024-11-17,2024-04-16,10,59870.87,410,2,5,4,254,At Risk
4570,2024-09-09,2024-08-14,3,20219.11,479,2,3,3,233,At Risk
4572,2024-06-27,2024-06-19,2,4018.24,553,1,2,1,121,Hibernating
4574,2025-12-08,2024-08-31,4,44870.91,24,5,3,4,534,Loyal
4576,2024-06-12,2024-06-12,1,18119.81,568,1,1,3,113,Hibernating
4577,2024-06-10,2024-06-10,1,4796.38,570,1,1,2,112,Hibernating
4578,2025-11-29,2024-03-29,9,57602.78,33,5,5,4,554,High Value
4579,2024-07-12,2024-07-12,1,383.76,538,1,1,1,111,Hibernating
4581,2025-12-21,2024-12-18,4,44411.82,11,5,3,4,534,Loyal
4584,2025-11-11,2025-07-16,2,3522.17,51,4,2,1,421,Occasional
4585,2024-07-28,2024-04-27,5,15864.36,522,2,4,3,243,At Risk
4586,2025-08-12,2025-08-12,1,19027.62,142,3,1,3,313,Occasional
4589,2024-11-07,2024-04-24,4,6814.75,420,2,3,2,232,At Risk
4590,2024-10-22,2024-03-30,7,104244.55,436,2,4,5,245,At Risk
4591,2025-06-04,2024-09-09,6,36973.83,211,3,4,4,344,High Value
4592,2024-11-27,2024-04-20,4,79901.59,400,2,3,5,235,At Risk
4593,2024-08-21,2024-06-05,4,7589.03,498,2,3,2,232,At Risk
4594,2025-10-27,2024-12-19,6,30902.87,66,4,4,4,444,High Value
4595,2024-04-12,2024-04-12,1,7312.86,629,1,1,2,112,Hibernating
4596,2025-04-08,2024-04-07,8,28021.08,268,3,4,3,343,Loyal
4597,2024-03-28,2024-03-28,1,4226.3,644,1,1,1,111,Hibernating
4598,2025-02-01,2025-02-01,1,1988.84,334,2,1,1,211,Occasional
4599,2025-12-05,2024-09-17,3,5526.86,27,5,3,2,532,Loyal
4600,2024-12-19,2024-11-16,2,38749.62,378,2,2,4,224,At Risk
4601,2024-07-25,2024-07-25,1,467.06,525,2,1,1,211,Occasional
4602,2024-09-29,2024-03-24,2,18751.09,459,2,2,3,223,Occasional
4603,2025-12-22,2024-03-31,28,214419.36,10,5,5,5,555,High Value
4604,2025-06-22,2025-06-22,1,1331.67,193,3,1,1,311,Occasional
4605,2024-12-26,2024-04-02,2,9735.64,371,2,2,2,222,Occasional
4606,2025-02-01,2024-04-07,5,13206.92,334,2,4,2,242,At Risk
4607,2025-12-27,2024-04-22,49,341309.86,5,5,5,5,555,High Value
4609,2025-04-27,2024-05-24,7,30425.87,249,3,4,4,344,High Value
4610,2025-10-23,2024-03-21,6,34816.89,70,4,4,4,444,High Value
4611,2024-03-20,2024-03-20,1,3085.99,652,1,1,1,111,Hibernating
4612,2025-10-28,2024-04-20,19,245112.04,65,4,5,5,455,High Value
4613,2025-02-06,2024-05-20,4,27851.83,329,2,3,3,233,At Risk
4614,2025-07-22,2024-12-09,2,6229.23,163,3,2,2,322,Occasional
4616,2025-12-26,2024-04-08,39,343762.81,6,5,5,5,555,High Value
4617,2025-01-04,2024-04-10,4,33077.49,362,2,3,4,234,At Risk
4618,2025-11-27,2024-08-24,6,30618.08,35,5,4,4,544,High Value
4619,2025-01-26,2024-08-04,8,108662.3,340,2,4,5,245,At Risk
4620,2024-06-21,2024-06-15,2,11179.63,559,1,2,2,122,Hibernating
4621,2025-12-18,2024-03-30,21,85138.53,14,5,5,5,555,High Value
4622,2024-09-15,2024-04-02,3,69411.41,473,2,3,5,235,At Risk
4623,2025-09-22,2024-03-26,9,45334.05,101,3,5,4,354,High Value
4624,2025-12-20,2024-04-14,18,89278.83,12,5,5,5,555,High Value
4625,2025-11-14,2024-04-26,6,19602.65,48,4,4,3,443,Loyal
4626,2025-08-23,2024-05-02,10,61472.43,131,3,5,4,354,High Value
4627,2025-04-27,2024-04-15,6,26485.87,249,3,4,3,343,Loyal
4628,2024-04-06,2024-04-06,1,5787.7,635,1,1,2,112,Hibernating
4629,2025-11-11,2025-03-16,2,26057.42,51,4,2,3,423,Occasional
4630,2025-03-12,2024-07-26,4,66164.21,295,2,3,5,235,At Risk
4631,2024-08-06,2024-04-02,4,22609.19,513,2,3,3,233,At Risk
4634,2024-08-19,2024-05-13,2,4719.72,500,2,2,2,222,Occasional
4635,2024-08-07,2024-04-20,4,19536.8,512,2,3,3,233,At Risk
4637,2025-11-29,2024-03-24,14,120722.82,33,5,5,5,555,High Value
4638,2025-07-10,2024-07-16,2,3574.03,175,3,2,1,321,Occasional
4639,2025-11-22,2024-06-13,7,48899.73,40,4,4,4,444,High Value
4640,2025-11-25,2024-10-07,2,5221.58,37,4,2,2,422,Occasional
4641,2025-06-09,2024-04-18,17,80902.79,206,3,5,5,355,High Value
4642,2025-12-26,2024-04-03,11,29464.98,6,5,5,3,553,Loyal
4643,2024-08-22,2024-08-22,1,1596.35,497,2,1,1,211,Occasional
4645,2025-04-05,2024-03-25,16,63629.71,271,2,5,5,255,At Risk
4647,2024-11-10,2024-03-23,11,50660.68,417,2,5,4,254,At Risk
4648,2025-06-01,2024-03-29,6,58328.41,214,3,4,4,344,High Value
4649,2024-08-30,2024-05-12,4,31496.7,489,2,3,4,234,At Risk
4650,2024-03-30,2024-03-28,2,17365.59,642,1,2,3,123,Hibernating
4651,2024-05-29,2024-05-29,1,1675.13,582,1,1,1,111,Hibernating
4652,2024-05-10,2024-04-04,2,19765.92,601,1,2,3,123,Hibernating
4653,2024-10-18,2024-03-24,10,91534.27,440,2,5,5,255,At Risk
4655,2025-11-27,2024-04-12,12,55657.92,35,5,5,4,554,High Value
4656,2025-05-07,2024-04-13,19,127168.91,239,3,5,5,355,High Value
4657,2024-07-20,2024-07-07,2,1499.36,530,2,2,1,221,Occasional
4658,2025-12-19,2024-05-06,12,65530.92,13,5,5,5,555,High Value
4659,2025-07-01,2024-03-27,36,134912.51,184,3,5,5,355,High Value
4660,2025-12-27,2024-03-25,30,135400.84,5,5,5,5,555,High Value
4661,2024-04-13,2024-04-13,1,495.14,628,1,1,1,111,Hibernating
4662,2025-02-18,2024-09-20,5,34534.68,317,2,4,4,244,At Risk
4663,2025-05-14,2024-04-27,3,2092.67,232,3,3,1,331,Loyal
4664,2024-11-19,2024-03-31,6,23079.87,408,2,4,3,243,At Risk
4665,2024-10-19,2024-05-01,4,13278.67,439,2,3,2,232,At Risk
4667,2025-12-26,2024-04-03,47,269747.15,6,5,5,5,555,High Value
4668,2025-01-14,2024-04-20,7,14832.96,352,2,4,3,243,At Risk
4669,2025-12-06,2024-03-26,35,297267.92,26,5,5,5,555,High Value
4670,2024-12-14,2024-04-11,6,54721.63,383,2,4,4,244,At Risk
4671,2024-10-18,2024-10-18,1,1679.86,440,2,1,1,211,Occasional
4672,2024-05-23,2024-05-04,2,1706.27,588,1,2,1,121,Hibernating
4673,2025-12-25,2024-04-26,19,121971.53,7,5,5,5,555,High Value
4675,2024-09-22,2024-03-27,6,22808.8,466,2,4,3,243,At Risk
4677,2025-06-17,2024-08-27,6,45569.18,198,3,4,4,344,High Value
4679,2025-08-25,2024-07-13,3,5192.86,129,3,3,2,332,Loyal
4680,2024-10-13,2024-04-26,4,12184.19,445,2,3,2,232,At Risk
4681,2024-08-30,2024-08-30,1,2154.05,489,2,1,1,211,Occasional
4682,2024-12-17,2024-10-03,2,2542.54,380,2,2,1,221,Occasional
4683,2024-04-27,2024-04-27,1,497.12,614,1,1,1,111,Hibernating
4684,2025-12-05,2024-04-27,16,104752.85,27,5,5,5,555,High Value
4685,2025-12-15,2024-04-12,19,130705.45,17,5,5,5,555,High Value
4686,2025-04-02,2024-05-19,6,13879.77,274,2,4,2,242,At Risk
4688,2025-06-22,2024-04-11,9,84670.29,193,3,5,5,355,High Value
4689,2025-04-09,2024-10-01,3,8781.82,267,3,3,2,332,Loyal
4691,2024-10-18,2024-05-13,4,7735.14,440,2,3,2,232,At Risk
4692,2024-09-19,2024-09-19,1,970.53,469,2,1,1,211,Occasional
4693,2025-04-30,2025-04-30,1,1011.51,246,3,1,1,311,Occasional
4694,2025-02-14,2024-07-13,4,36170.14,321,2,3,4,234,At Risk
4695,2024-07-23,2024-06-18,3,37897.59,527,2,3,4,234,At Risk
4696,2025-10-21,2024-04-29,17,126594.21,72,4,5,5,455,High Value
4697,2025-11-30,2024-07-15,2,24970.16,32,5,2,3,523,Occasional
4698,2025-11-19,2024-07-13,7,67874.09,43,4,4,5,445,High Value
4699,2024-08-18,2024-08-18,1,14129.54,501,2,1,3,213,Occasional
4702,2024-05-17,2024-05-12,2,12636.84,594,1,2,2,122,Hibernating
4704,2025-11-30,2025-11-30,1,1635.71,32,5,1,1,511,New
4706,2025-12-21,2025-11-19,2,6097.08,11,5,2,2,522,New
4707,2025-06-24,2025-06-24,1,697.69,191,3,1,1,311,Occasional
4708,2025-06-26,2024-12-13,2,49005.23,189,3,2,4,324,Occasional
4710,2025-10-10,2024-04-22,6,26677.12,83,4,4,3,443,Loyal
4712,2025-12-30,2024-05-17,18,161296.07,2,5,5,5,555,High Value
4714,2024-06-14,2024-06-14,1,3938.48,566,1,1,1,111,Hibernating
4715,2024-06-19,2024-06-19,1,2442.02,561,1,1,1,111,Hibernating
4716,2025-04-16,2024-04-27,3,4171.79,260,3,3,1,331,Loyal
4718,2024-10-02,2024-10-02,1,1544.92,456,2,1,1,211,Occasional
4719,2025-01-30,2024-06-03,3,23056.14,336,2,3,3,233,At Risk
4720,2024-12-16,2024-12-16,1,792.02,381,2,1,1,211,Occasional
4721,2025-03-29,2024-06-01,15,149108.98,278,2,5,5,255,At Risk
4722,2025-12-19,2024-12-08,6,123260.47,13,5,4,5,545,High Value
4723,2025-09-14,2024-09-14,5,12227.43,109,3,4,2,342,Loyal
4725,2025-06-19,2024-05-28,5,44268.15,196,3,4,4,344,High Value
4727,2025-11-15,2025-01-03,3,41195.11,47,4,3,4,434,Loyal
4728,2025-12-31,2024-06-14,8,97942.88,1,5,4,5,545,High Value
4729,2024-05-31,2024-05-31,1,21046.07,580,1,1,3,113,Hibernating
4730,2025-08-14,2024-05-08,7,83677.44,140,3,4,5,345,High Value
4731,2025-01-15,2024-09-13,5,73953.35,351,2,4,5,245,At Risk
4732,2024-11-04,2024-09-07,3,10694.26,423,2,3,2,232,At Risk
4733,2024-04-30,2024-04-30,1,2266.0,611,1,1,1,111,Hibernating
4735,2024-09-06,2024-06-30,3,25165.43,482,2,3,3,233,At Risk
4736,2025-11-18,2024-04-11,7,47870.69,44,4,4,4,444,High Value
4737,2024-07-21,2024-04-01,4,8144.27,529,2,3,2,232,At Risk
4738,2025-12-23,2025-03-16,7,33198.08,9,5,4,4,544,High Value
4740,2025-11-20,2024-05-01,19,179712.55,42,4,5,5,455,High Value
4742,2025-03-21,2025-03-21,1,2691.07,286,2,1,1,211,Occasional
4743,2025-12-26,2024-05-22,16,75408.01,6,5,5,5,555,High Value
4745,2025-12-07,2024-05-07,16,185656.57,25,5,5,5,555,High Value
4746,2025-12-06,2024-10-25,4,21329.53,26,5,3,3,533,Loyal
4747,2024-04-28,2024-04-28,1,5945.78,613,1,1,2,112,Hibernating
4748,2025-10-14,2024-04-07,11,71283.54,79,4,5,5,455,High Value
4749,2024-10-16,2024-10-16,1,970.94,442,2,1,1,211,Occasional
4750,2024-12-03,2024-12-03,1,3685.02,394,2,1,1,211,Occasional
4751,2025-05-03,2024-05-19,6,58635.39,243,3,4,4,344,High Value
4752,2025-12-05,2024-11-11,2,25422.3,27,5,2,3,523,Occasional
4754,2025-06-13,2025-01-24,3,40322.31,202,3,3,4,334,Loyal
4755,2025-05-07,2024-05-17,7,82152.17,239,3,4,5,345,High Value
4757,2025-11-25,2024-08-09,8,53246.8,37,4,4,4,444,High Value
4758,2025-12-22,2024-05-30,18,102354.96,10,5,5,5,555,High Value
4759,2024-11-15,2024-11-15,1,22761.54,412,2,1,3,213,Occasional
4760,2025-10-30,2024-07-14,18,162457.76,63,4,5,5,455,High Value
4761,2024-10-18,2024-05-02,3,23810.23,440,2,3,3,233,At Risk
4763,2025-12-17,2024-05-15,6,17499.87,15,5,4,3,543,Loyal
4764,2024-05-25,2024-04-07,3,36349.92,586,1,3,4,134,At Risk
4765,2025-10-15,2024-06-07,13,95734.34,78,4,5,5,455,High Value
4767,2025-10-03,2024-05-30,11,51049.59,90,4,5,4,454,High Value
4768,2025-09-17,2025-09-17,1,12813.82,106,3,1,2,312,Occasional
4769,2024-09-15,2024-04-23,2,41525.79,473,2,2,4,224,At Risk
4770,2024-06-10,2024-06-04,2,3896.15,570,1,2,1,121,Hibernating
4771,2025-11-13,2024-08-21,4,26890.9,49,4,3,3,433,Loyal
4772,2025-12-26,2024-04-13,84,674057.13,6,5,5,5,555,High Value
4773,2025-12-27,2024-08-09,13,83359.16,5,5,5,5,555,High Value
4774,2024-10-15,2024-07-06,3,14771.95,443,2,3,3,233,At Risk
4775,2025-12-01,2024-04-26,8,37752.07,31,5,4,4,544,High Value
4776,2025-11-26,2024-05-26,18,124982.76,36,4,5,5,455,High Value
4777,2025-07-12,2024-04-11,12,38815.74,173,3,5,4,354,High Value
4778,2025-07-15,2024-07-14,4,12162.42,170,3,3,2,332,Loyal
4780,2025-12-16,2024-04-17,9,22538.64,16,5,5,3,553,Loyal
4781,2024-06-07,2024-06-07,1,2308.95,573,1,1,1,111,Hibernating
4782,2024-10-28,2024-05-13,2,23155.13,430,2,2,3,223,Occasional
4783,2025-12-28,2024-04-09,18,126686.64,4,5,5,5,555,High Value
4784,2025-12-24,2024-08-03,7,46622.86,8,5,4,4,544,High Value
4785,2024-12-14,2024-08-10,4,14847.09,383,2,3,3,233,At Risk
4786,2025-11-12,2025-06-09,2,11061.8,50,4,2,2,422,Occasional
4787,2024-10-27,2024-10-27,1,3646.77,431,2,1,1,211,Occasional
4788,2025-12-17,2024-05-27,10,109187.12,15,5,5,5,555,High Value
4789,2025-11-19,2024-04-28,5,50281.35,43,4,4,4,444,High Value
4790,2025-05-30,2025-05-30,1,1332.64,216,3,1,1,311,Occasional
4792,2025-05-29,2024-04-13,5,42976.13,217,3,4,4,344,High Value
4793,2024-07-27,2024-06-09,3,9812.28,523,2,3,2,232,At Risk
4794,2025-08-08,2024-10-03,2,3515.56,146,3,2,1,321,Occasional
4795,2025-06-02,2024-06-22,4,26846.37,213,3,3,3,333,Loyal
4797,2024-09-07,2024-04-08,5,16711.17,481,2,4,3,243,At Risk
4798,2025-04-16,2024-04-27,14,103100.79,260,3,5,5,355,High Value
4799,2025-02-12,2024-08-31,3,32222.36,323,2,3,4,234,At Risk
4800,2025-10-29,2025-10-29,1,11798.74,64,4,1,2,412,New
4801,2025-07-12,2024-11-07,3,32643.8,173,3,3,4,334,Loyal
4802,2025-12-12,2024-04-21,24,339811.49,20,5,5,5,555,High Value
4803,2025-12-10,2024-05-07,13,203916.84,22,5,5,5,555,High Value
4804,2024-06-30,2024-06-13,2,9304.72,550,1,2,2,122,Hibernating
4805,2025-01-10,2024-05-05,4,13173.64,356,2,3,2,232,At Risk
4807,2025-09-30,2025-09-30,1,13927.38,93,4,1,3,413,Occasional
4808,2024-11-08,2024-11-08,1,689.62,419,2,1,1,211,Occasional
4809,2025-08-11,2024-05-26,5,13713.05,143,3,4,2,342,Loyal
4810,2024-06-07,2024-04-25,2,2434.43,573,1,2,1,121,Hibernating
4811,2025-01-23,2024-04-16,21,74304.38,343,2,5,5,255,At Risk
4812,2024-12-29,2024-12-29,1,6485.91,368,2,1,2,212,Occasional
4813,2024-05-13,2024-05-13,1,538.36,598,1,1,1,111,Hibernating
4814,2024-08-26,2024-08-26,1,1824.26,493,2,1,1,211,Occasional
4815,2025-03-30,2024-04-17,37,253862.22,277,2,5,5,255,At Risk
4816,2025-02-19,2025-02-19,1,3566.2,316,2,1,1,211,Occasional
4817,2025-02-26,2024-09-04,3,16587.69,309,2,3,3,233,At Risk
4818,2025-11-27,2024-06-03,7,60401.63,35,5,4,4,544,High Value
4819,2025-05-10,2024-11-03,2,2562.81,236,3,2,1,321,Occasional
4820,2025-12-05,2024-04-16,29,247078.79,27,5,5,5,555,High Value
4824,2024-08-16,2024-08-16,1,611.57,503,2,1,1,211,Occasional
4825,2024-05-19,2024-05-11,2,6257.41,592,1,2,2,122,Hibernating
4827,2024-10-21,2024-07-03,2,18841.73,437,2,2,3,223,Occasional
4828,2025-11-29,2024-04-24,10,69694.02,33,5,5,5,555,High Value
4829,2024-10-20,2024-09-13,3,19275.3,438,2,3,3,233,At Risk
4830,2025-09-13,2025-09-13,1,1258.6,110,3,1,1,311,Occasional
4831,2024-11-10,2024-07-24,2,3969.62,417,2,2,1,221,Occasional
4832,2025-02-15,2024-10-02,3,14752.88,320,2,3,3,233,At Risk
4833,2025-03-24,2024-06-03,3,79097.34,283,2,3,5,235,At Risk
4834,2024-09-29,2024-07-20,5,29398.4,459,2,4,3,243,At Risk
4835,2025-05-07,2024-04-21,2,22266.67,239,3,2,3,323,Occasional
4836,2024-11-08,2024-06-18,6,14249.71,419,2,4,3,243,At Risk
4838,2025-03-04,2024-05-04,3,19302.84,303,2,3,3,233,At Risk
4839,2025-12-18,2024-04-25,11,75816.81,14,5,5,5,555,High Value
4840,2025-12-05,2024-04-26,10,72983.93,27,5,5,5,555,High Value
4842,2024-07-15,2024-05-01,3,33227.78,535,1,3,4,134,At Risk
4843,2025-05-15,2024-08-06,4,27250.11,231,3,3,3,333,Loyal
4844,2025-12-12,2024-04-23,7,89201.77,20,5,4,5,545,High Value
4845,2024-08-10,2024-08-10,1,2569.42,509,2,1,1,211,Occasional
4846,2025-11-05,2024-07-07,11,114324.71,57,4,5,5,455,High Value
4847,2025-11-18,2024-12-10,6,31516.17,44,4,4,4,444,High Value
4848,2024-06-11,2024-05-12,3,9369.1,569,1,3,2,132,At Risk
4849,2024-07-06,2024-06-10,3,37625.43,544,1,3,4,134,At Risk
4850,2024-08-04,2024-06-11,4,13097.6,515,2,3,2,232,At Risk
4851,2025-01-16,2024-05-03,5,3991.39,350,2,4,1,241,At Risk
4854,2025-11-05,2024-08-18,9,39708.55,57,4,5,4,454,High Value
4855,2024-05-30,2024-05-30,1,1740.6,581,1,1,1,111,Hibernating
4857,2025-08-06,2025-08-06,1,2597.19,148,3,1,1,311,Occasional
4859,2025-05-22,2024-08-24,4,74333.61,224,3,3,5,335,Loyal
4862,2025-10-24,2024-04-28,12,162137.03,69,4,5,5,455,High Value
4863,2024-05-02,2024-05-02,1,7334.49,609,1,1,2,112,Hibernating
4864,2025-11-27,2024-05-13,21,119099.43,35,5,5,5,555,High Value
4866,2025-06-07,2024-12-22,2,13641.37,208,3,2,2,322,Occasional
4867,2025-12-03,2024-04-18,7,15527.82,29,5,4,3,543,Loyal
4869,2025-12-23,2024-04-22,8,48442.69,9,5,4,4,544,High Value
4870,2025-12-22,2024-05-19,21,61823.81,10,5,5,5,555,High Value
4871,2025-08-20,2024-09-23,7,57527.99,134,3,4,4,344,High Value
4873,2025-06-28,2025-06-28,1,2129.67,187,3,1,1,311,Occasional
4874,2025-08-26,2024-07-22,8,27592.4,128,3,4,3,343,Loyal
4875,2024-08-13,2024-05-05,5,29979.6,506,2,4,4,244,At Risk
4876,2025-07-13,2024-04-29,4,57899.15,172,3,3,4,334,Loyal
4877,2024-08-08,2024-04-24,4,17313.23,511,2,3,3,233,At Risk
4878,2025-11-07,2024-04-18,9,47996.98,55,4,5,4,454,High Value
4879,2025-11-15,2024-12-17,3,16320.92,47,4,3,3,433,Loyal
4881,2024-10-19,2024-04-17,5,13075.09,439,2,4,2,242,At Risk
4882,2025-04-11,2024-06-24,3,49592.93,265,3,3,4,334,Loyal
4883,2025-06-24,2025-06-24,1,5629.84,191,3,1,2,312,Occasional
4884,2025-11-17,2024-11-28,5,26010.0,45,4,4,3,443,Loyal
4885,2025-03-11,2024-05-27,2,36929.09,296,2,2,4,224,At Risk
4886,2024-10-08,2024-04-17,3,24902.07,450,2,3,3,233,At Risk
4888,2024-09-08,2024-08-09,2,1727.59,480,2,2,1,221,Occasional
4889,2025-11-02,2025-11-02,1,1329.72,60,4,1,1,411,New
4890,2025-12-23,2024-07-07,6,47372.21,9,5,4,4,544,High Value
4891,2024-07-30,2024-07-30,1,3865.78,520,2,1,1,211,Occasional
4892,2025-10-16,2025-01-10,5,42006.67,77,4,4,4,444,High Value
4893,2025-11-04,2024-08-14,6,26294.41,58,4,4,3,443,Loyal
4895,2025-11-19,2024-07-06,6,50686.12,43,4,4,4,444,High Value
4896,2024-09-13,2024-06-15,2,37539.22,475,2,2,4,224,At Risk
4897,2024-11-30,2024-09-07,2,3400.95,397,2,2,1,221,Occasional
4900,2025-12-18,2024-07-20,3,7205.45,14,5,3,2,532,Loyal
4901,2024-10-27,2024-07-07,4,39003.99,431,2,3,4,234,At Risk
4902,2024-12-19,2024-12-19,1,2242.49,378,2,1,1,211,Occasional
4903,2025-04-19,2024-06-16,22,78737.73,257,3,5,5,355,High Value
4904,2025-09-25,2024-05-08,5,26969.64,98,3,4,3,343,Loyal
4906,2025-11-24,2024-08-07,9,66648.25,38,4,5,5,455,High Value
4908,2024-11-29,2024-11-29,1,2291.32,398,2,1,1,211,Occasional
4909,2025-12-25,2024-06-26,4,10053.92,7,5,3,2,532,Loyal
4910,2025-05-12,2024-04-19,137,1079882.55,234,3,5,5,355,High Value
4912,2025-11-15,2024-10-03,4,48800.41,47,4,3,4,434,Loyal
4913,2025-12-08,2024-04-29,17,221620.84,24,5,5,5,555,High Value
4914,2024-05-05,2024-05-05,1,5608.77,606,1,1,2,112,Hibernating
4916,2025-08-10,2024-10-31,5,37841.85,144,3,4,4,344,High Value
4917,2025-03-21,2024-10-15,4,6088.67,286,2,3,2,232,At Risk
4918,2024-06-17,2024-06-17,1,23715.43,563,1,1,3,113,Hibernating
4919,2025-10-04,2024-08-03,4,27604.65,89,4,3,3,433,Loyal
4920,2024-05-08,2024-05-08,1,26952.17,603,1,1,3,113,Hibernating
4921,2025-07-07,2024-04-27,9,54376.45,178,3,5,4,354,High Value
4922,2025-03-27,2024-05-14,4,19608.99,280,2,3,3,233,At Risk
4924,2025-06-27,2025-06-27,1,20558.08,188,3,1,3,313,Occasional
4925,2025-11-17,2024-10-19,2,15638.16,45,4,2,3,423,Occasional
4926,2025-06-01,2025-06-01,1,3696.15,214,3,1,1,311,Occasional
4927,2025-05-31,2024-08-29,3,42195.57,215,3,3,4,334,Loyal
4928,2025-03-28,2025-03-28,1,6365.54,279,2,1,2,212,Occasional
4930,2025-12-23,2024-08-24,3,89443.06,9,5,3,5,535,Loyal
4931,2024-08-10,2024-08-10,1,502.89,509,2,1,1,211,Occasional
4932,2024-11-05,2024-07-08,4,22312.26,422,2,3,3,233,At Risk
4937,2024-07-06,2024-06-24,2,8529.77,544,1,2,2,122,Hibernating
4938,2025-09-14,2024-05-10,2,37027.72,109,3,2,4,324,Occasional
4939,2024-06-10,2024-06-10,1,17984.82,570,1,1,3,113,Hibernating
4940,2024-11-23,2024-05-29,2,17360.66,404,2,2,3,223,Occasional
4941,2024-08-03,2024-06-16,2,62031.78,516,2,2,5,225,At Risk
4943,2024-08-21,2024-08-21,1,1962.79,498,2,1,1,211,Occasional
4944,2025-05-23,2024-06-19,3,24480.07,223,3,3,3,333,Loyal
4945,2025-11-06,2024-07-22,8,64175.7,56,4,4,5,445,High Value
4946,2025-04-16,2024-07-19,6,34243.92,260,3,4,4,344,High Value
4947,2024-10-27,2024-10-27,1,3907.91,431,2,1,1,211,Occasional
4949,2025-05-15,2024-04-25,7,30474.14,231,3,4,4,344,High Value
4950,2024-06-09,2024-05-31,3,50699.88,571,1,3,4,134,At Risk
4951,2025-01-10,2024-05-06,9,60242.96,356,2,5,4,254,At Risk
4952,2025-09-02,2025-09-02,1,36831.94,121,3,1,4,314,Occasional
4953,2025-12-26,2024-05-03,28,329612.49,6,5,5,5,555,High Value
4954,2024-12-13,2024-07-08,2,6765.34,384,2,2,2,222,Occasional
4955,2024-08-19,2024-08-19,1,4378.61,500,2,1,1,211,Occasional
4956,2025-10-23,2025-10-23,1,5048.05,70,4,1,2,412,New
4957,2024-04-24,2024-04-24,1,17040.55,617,1,1,3,113,Hibernating
4958,2025-12-11,2025-04-21,4,12668.34,21,5,3,2,532,Loyal
4959,2025-10-15,2024-05-03,12,66551.87,78,4,5,5,455,High Value
4960,2024-09-03,2024-09-03,1,643.76,485,2,1,1,211,Occasional
4962,2024-12-01,2024-08-31,2,8858.66,396,2,2,2,222,Occasional
4963,2024-11-30,2024-07-26,2,25620.93,397,2,2,3,223,Occasional
4964,2025-12-27,2024-06-11,6,18753.99,5,5,4,3,543,Loyal
4965,2025-06-26,2024-04-29,3,16074.71,189,3,3,3,333,Loyal
4966,2024-11-10,2024-05-20,2,23202.87,417,2,2,3,223,Occasional
4967,2024-09-21,2024-09-21,1,570.96,467,2,1,1,211,Occasional
4969,2024-08-25,2024-08-25,1,429.62,494,2,1,1,211,Occasional
4970,2024-07-07,2024-07-07,1,678.13,543,1,1,1,111,Hibernating
4971,2025-11-17,2024-10-09,7,75619.3,45,4,4,5,445,High Value
4972,2025-08-21,2025-04-21,2,5247.27,133,3,2,2,322,Occasional
4974,2024-12-06,2024-06-20,2,6723.8,391,2,2,2,222,Occasional
4975,2025-11-02,2024-06-23,15,131284.89,60,4,5,5,455,High Value
4976,2025-02-13,2024-05-07,3,6139.61,322,2,3,2,232,At Risk
4977,2025-08-10,2024-05-18,6,13490.7,144,3,4,2,342,Loyal
4981,2025-12-08,2024-05-12,7,76880.71,24,5,4,5,545,High Value
4982,2024-06-12,2024-06-12,1,11739.78,568,1,1,2,112,Hibernating
4983,2025-11-17,2024-04-26,22,217841.83,45,4,5,5,455,High Value
4986,2024-08-05,2024-06-06,2,8421.03,514,2,2,2,222,Occasional
4987,2024-07-01,2024-07-01,1,9014.92,549,1,1,2,112,Hibernating
4988,2025-10-06,2024-08-20,9,71824.8,87,4,5,5,455,High Value
4989,2024-12-04,2024-12-04,1,48398.68,393,2,1,4,214,At Risk
4990,2024-09-22,2024-09-22,1,26488.33,466,2,1,3,213,Occasional
4991,2025-11-17,2024-09-10,5,71912.24,45,4,4,5,445,High Value
4992,2024-08-27,2024-08-20,2,3172.99,492,2,2,1,221,Occasional
4993,2024-12-16,2024-06-13,3,3156.36,381,2,3,1,231,At Risk
4994,2025-02-16,2024-06-08,10,59397.08,319,2,5,4,254,At Risk
4995,2024-10-04,2024-05-09,5,105479.35,454,2,4,5,245,At Risk
4996,2024-11-30,2024-07-06,4,21512.23,397,2,3,3,233,At Risk
4998,2025-10-26,2024-09-16,3,15844.72,67,4,3,3,433,Loyal
4999,2025-06-22,2025-01-09,3,29411.51,193,3,3,3,333,Loyal
5000,2025-11-08,2024-08-26,17,68898.97,54,4,5,5,455,High Value
5001,2025-10-31,2024-11-27,3,33143.41,62,4,3,4,434,Loyal
5002,2024-09-10,2024-06-01,4,50460.65,478,2,3,4,234,At Risk
5003,2024-05-13,2024-05-13,1,33213.75,598,1,1,4,114,At Risk
5004,2024-07-29,2024-06-22,3,39741.41,521,2,3,4,234,At Risk
5005,2025-01-04,2024-07-06,2,22091.06,362,2,2,3,223,Occasional
5006,2024-10-10,2024-10-10,1,36803.1,448,2,1,4,214,At Risk
5007,2025-06-25,2024-06-23,2,17358.55,190,3,2,3,323,Occasional
5008,2024-12-07,2024-12-07,1,7542.49,390,2,1,2,212,Occasional
5009,2025-12-05,2024-10-13,3,28056.02,27,5,3,3,533,Loyal
5010,2025-12-20,2024-09-12,8,64988.55,12,5,4,5,545,High Value
5012,2024-12-01,2024-07-06,3,4856.28,396,2,3,2,232,At Risk
5013,2024-06-06,2024-06-06,1,351.52,574,1,1,1,111,Hibernating
5014,2024-09-29,2024-09-29,1,16414.63,459,2,1,3,213,Occasional
5015,2025-01-01,2024-09-19,5,27887.22,365,2,4,3,243,At Risk
5016,2025-10-27,2024-06-13,6,42067.12,66,4,4,4,444,High Value
5018,2025-11-21,2024-08-02,8,36929.49,41,4,4,4,444,High Value
5019,2024-05-03,2024-05-02,2,1235.05,608,1,2,1,121,Hibernating
5020,2024-09-07,2024-06-07,4,58115.05,481,2,3,4,234,At Risk
5021,2024-09-08,2024-05-10,3,21796.26,480,2,3,3,233,At Risk
5022,2024-08-11,2024-07-01,2,2189.98,508,2,2,1,221,Occasional
5024,2025-09-29,2025-03-08,7,50527.83,94,4,4,4,444,High Value
5025,2025-12-28,2025-01-04,5,42643.87,4,5,4,4,544,High Value
5026,2025-07-31,2025-02-01,3,40543.62,154,3,3,4,334,Loyal
5027,2025-10-28,2024-08-11,7,55105.02,65,4,4,4,444,High Value
5028,2025-11-14,2024-04-29,11,78973.75,48,4,5,5,455,High Value
5030,2024-08-11,2024-08-11,1,1572.42,508,2,1,1,211,Occasional
5031,2025-12-21,2024-11-12,9,63605.59,11,5,5,5,555,High Value
5032,2025-10-17,2024-05-02,7,82065.82,76,4,4,5,445,High Value
5034,2024-11-07,2024-11-07,1,15119.52,420,2,1,3,213,Occasional
5035,2025-12-30,2024-05-04,16,115516.72,2,5,5,5,555,High Value
5037,2025-08-02,2025-08-02,1,29504.47,152,3,1,4,314,Occasional
5038,2024-11-27,2024-09-11,2,7257.22,400,2,2,2,222,Occasional
5039,2025-07-17,2024-05-17,15,79941.72,168,3,5,5,355,High Value
5040,2025-10-24,2025-10-24,1,13131.38,69,4,1,2,412,New
5041,2024-12-06,2024-07-16,2,16552.79,391,2,2,3,223,Occasional
5042,2025-12-28,2024-05-04,19,101988.9,4,5,5,5,555,High Value
5043,2025-07-18,2024-09-22,3,24407.56,167,3,3,3,333,Loyal
5044,2025-11-22,2024-05-29,6,64286.41,40,4,4,5,445,High Value
5045,2025-12-10,2024-05-25,25,192776.39,22,5,5,5,555,High Value
5046,2025-11-13,2025-11-09,2,3258.27,49,4,2,1,421,New
5048,2025-12-08,2024-05-26,2,9042.3,24,5,2,2,522,Occasional
5049,2025-12-26,2024-10-28,6,50620.85,6,5,4,4,544,High Value
5050,2025-03-17,2024-07-07,8,60442.08,290,2,4,4,244,At Risk
5051,2025-12-08,2024-06-22,6,35676.43,24,5,4,4,544,High Value
5052,2025-10-08,2024-05-30,7,21351.61,85,4,4,3,443,Loyal
5053,2024-11-11,2024-11-11,1,1724.73,416,2,1,1,211,Occasional
5054,2025-02-15,2024-07-04,6,79234.61,320,2,4,5,245,At Risk
5055,2024-05-08,2024-05-08,1,4214.13,603,1,1,1,111,Hibernating
5056,2025-09-15,2024-07-03,7,63768.31,108,3,4,5,345,High Value
5057,2025-09-28,2024-08-15,10,23734.67,95,4,5,3,453,Loyal
5058,2025-05-02,2024-07-18,6,22215.5,244,3,4,3,343,Loyal
5059,2024-11-07,2024-11-07,1,5130.11,420,2,1,2,212,Occasional
5060,2025-01-08,2024-05-04,10,92250.14,358,2,5,5,255,At Risk
5061,2025-10-14,2024-05-09,4,44368.89,79,4,3,4,434,Loyal
5062,2025-11-19,2025-05-02,4,8579.51,43,4,3,2,432,Loyal
5063,2025-12-31,2024-07-21,8,66685.34,1,5,4,5,545,High Value
5065,2024-11-14,2024-05-05,4,6538.85,413,2,3,2,232,At Risk
5066,2025-10-11,2024-06-03,9,45265.54,82,4,5,4,454,High Value
5067,2025-01-03,2024-08-15,4,30303.53,363,2,3,4,234,At Risk
5069,2024-05-06,2024-05-06,1,748.9,605,1,1,1,111,Hibernating
5070,2025-09-27,2024-11-30,2,3764.51,96,4,2,1,421,Occasional
5071,2025-05-25,2024-06-19,3,4247.95,221,3,3,1,331,Loyal
5072,2025-01-06,2024-05-04,2,747.08,360,2,2,1,221,Occasional
5073,2025-11-25,2024-07-17,9,25398.23,37,4,5,3,453,Loyal
5074,2025-05-18,2024-07-02,2,2817.09,228,3,2,1,321,Occasional
5075,2024-07-10,2024-07-10,1,18360.26,540,1,1,3,113,Hibernating
5076,2024-12-31,2024-09-14,3,7556.86,366,2,3,2,232,At Risk
5077,2025-12-11,2024-11-18,5,40777.69,21,5,4,4,544,High Value
5078,2025-12-08,2024-05-10,65,603236.37,24,5,5,5,555,High Value
5079,2024-06-28,2024-06-28,1,5936.89,552,1,1,2,112,Hibernating
5080,2025-04-29,2024-09-28,3,12019.46,247,3,3,2,332,Loyal
5081,2024-11-16,2024-11-16,1,821.24,411,2,1,1,211,Occasional
5084,2024-12-05,2024-12-05,1,3306.0,392,2,1,1,211,Occasional
5087,2025-07-07,2024-05-09,5,32491.11,178,3,4,4,344,High Value
5088,2024-08-16,2024-08-12,2,5659.68,503,2,2,2,222,Occasional
5089,2025-11-11,2024-05-06,5,7576.94,51,4,4,2,442,Loyal
5090,2024-11-20,2024-06-29,7,31265.2,407,2,4,4,244,At Risk
5091,2025-03-28,2024-11-26,3,15426.63,279,2,3,3,233,At Risk
5093,2025-11-24,2024-05-30,17,103782.77,38,4,5,5,455,High Value
5094,2024-09-18,2024-05-08,3,12502.51,470,2,3,2,232,At Risk
5097,2025-03-28,2024-05-18,3,10400.01,279,2,3,2,232,At Risk
5098,2024-05-14,2024-05-14,1,3410.9,597,1,1,1,111,Hibernating
5099,2025-08-31,2024-09-19,2,33058.51,123,3,2,4,324,Occasional
5100,2025-11-09,2024-06-16,6,17106.61,53,4,4,3,443,Loyal
5101,2024-08-14,2024-07-15,3,12759.14,505,2,3,2,232,At Risk
5102,2024-11-13,2024-06-19,5,12895.47,414,2,4,2,242,At Risk
5103,2025-10-10,2024-05-05,9,32048.93,83,4,5,4,454,High Value
5104,2024-11-14,2024-10-05,2,32512.95,413,2,2,4,224,At Risk
5106,2025-02-02,2024-06-18,2,6075.18,333,2,2,2,222,Occasional
5107,2025-12-26,2025-03-09,6,113055.06,6,5,4,5,545,High Value
5108,2025-03-13,2024-08-22,4,10994.66,294,2,3,2,232,At Risk
5109,2025-12-25,2024-10-01,2,2227.49,7,5,2,1,521,Occasional
5111,2025-09-03,2024-08-26,5,53532.85,120,3,4,4,344,High Value
5112,2025-12-24,2024-05-12,18,181165.4,8,5,5,5,555,High Value
5114,2024-11-15,2024-11-15,1,1929.51,412,2,1,1,211,Occasional
5116,2025-11-05,2024-06-17,5,74364.17,57,4,4,5,445,High Value
5117,2024-10-08,2024-10-08,1,3134.92,450,2,1,1,211,Occasional
5118,2025-06-06,2024-09-02,2,6555.3,209,3,2,2,322,Occasional
5119,2024-05-22,2024-05-22,1,2290.39,589,1,1,1,111,Hibernating
5120,2025-09-16,2024-06-16,14,160791.05,107,3,5,5,355,High Value
5121,2024-08-13,2024-06-23,2,8570.9,506,2,2,2,222,Occasional
5122,2025-04-23,2024-07-21,7,36940.3,253,3,4,4,344,High Value
5123,2024-11-11,2024-09-29,2,5453.66,416,2,2,2,222,Occasional
5125,2025-10-22,2024-10-20,2,13692.35,71,4,2,2,422,Occasional
5126,2024-09-13,2024-05-12,4,50580.8,475,2,3,4,234,At Risk
5127,2024-08-15,2024-05-14,4,18907.41,504,2,3,3,233,At Risk
5128,2024-11-13,2024-11-13,1,968.71,414,2,1,1,211,Occasional
5130,2025-06-03,2025-06-03,1,6896.77,212,3,1,2,312,Occasional
5131,2025-12-10,2024-05-20,8,29079.69,22,5,4,3,543,Loyal
5132,2025-01-29,2025-01-29,1,39058.58,337,2,1,4,214,At Risk
5134,2025-11-29,2024-06-23,9,42800.72,33,5,5,4,554,High Value
5135,2025-10-26,2024-10-08,3,28968.07,67,4,3,3,433,Loyal
5136,2025-12-07,2025-05-12,2,5124.66,25,5,2,2,522,Occasional
5137,2025-06-12,2024-07-28,5,46936.68,203,3,4,4,344,High Value
5138,2025-10-24,2024-10-05,4,38488.23,69,4,3,4,434,Loyal
5139,2025-10-07,2024-05-16,8,52926.59,86,4,4,4,444,High Value
5140,2025-03-18,2024-05-21,3,42520.37,289,2,3,4,234,At Risk
5141,2024-07-13,2024-07-13,1,2338.96,537,1,1,1,111,Hibernating
5142,2024-08-20,2024-06-17,2,7686.79,499,2,2,2,222,Occasional
5143,2025-02-03,2024-07-03,10,63161.89,332,2,5,5,255,At Risk
5144,2024-10-30,2024-10-30,1,1182.8,428,2,1,1,211,Occasional
5145,2024-11-01,2024-05-09,2,26218.86,426,2,2,3,223,Occasional
5146,2024-11-20,2024-06-08,5,27301.14,407,2,4,3,243,At Risk
5148,2024-06-28,2024-06-28,1,15784.76,552,1,1,3,113,Hibernating
5149,2025-12-16,2024-05-28,37,166910.03,16,5,5,5,555,High Value
5151,2025-07-02,2024-06-02,4,20712.63,183,3,3,3,333,Loyal
5152,2025-12-11,2024-08-06,2,8622.4,21,5,2,2,522,Occasional
5153,2025-11-12,2024-06-29,7,65001.74,50,4,4,5,445,High Value
5154,2024-07-09,2024-07-09,1,11513.06,541,1,1,2,112,Hibernating
5155,2024-08-01,2024-08-01,1,937.61,518,2,1,1,211,Occasional
5156,2025-09-21,2024-05-22,8,75984.78,102,3,4,5,345,High Value
5157,2025-11-01,2024-05-14,11,46082.5,61,4,5,4,454,High Value
5159,2025-11-02,2024-05-12,7,25279.91,60,4,4,3,443,Loyal
5161,2025-12-07,2024-05-10,11,78662.71,25,5,5,5,555,High Value
5162,2024-09-24,2024-09-24,1,17434.87,464,2,1,3,213,Occasional
5163,2024-11-02,2024-10-06,2,1360.94,425,2,2,1,221,Occasional
5164,2025-09-11,2024-11-23,2,1048.69,112,3,2,1,321,Occasional
5166,2024-09-23,2024-05-22,10,64272.03,465,2,5,5,255,At Risk
5167,2025-11-27,2024-05-18,21,166432.58,35,5,5,5,555,High Value
5168,2024-09-24,2024-09-24,1,1533.16,464,2,1,1,211,Occasional
5170,2024-07-10,2024-07-10,1,1857.18,540,1,1,1,111,Hibernating
5171,2025-11-05,2024-05-13,31,240414.69,57,4,5,5,455,High Value
5172,2024-05-30,2024-05-30,1,936.78,581,1,1,1,111,Hibernating
5174,2024-11-07,2024-06-30,3,7455.34,420,2,3,2,232,At Risk
5175,2025-06-21,2024-08-17,4,50070.61,194,3,3,4,334,Loyal
5176,2025-11-02,2024-06-22,2,26485.03,60,4,2,3,423,Occasional
5177,2025-08-23,2024-07-25,3,39771.87,131,3,3,4,334,Loyal
5179,2024-09-09,2024-05-18,9,42329.96,479,2,5,4,254,At Risk
5181,2025-01-28,2024-11-12,2,17977.59,338,2,2,3,223,Occasional
5182,2025-07-30,2025-07-30,1,2065.59,155,3,1,1,311,Occasional
5183,2025-05-24,2024-05-14,3,14075.17,222,3,3,3,333,Loyal
5184,2024-07-04,2024-07-04,1,5571.33,546,1,1,2,112,Hibernating
5185,2024-09-30,2024-09-30,1,4343.25,458,2,1,1,211,Occasional
5186,2025-11-25,2024-08-26,9,43148.3,37,4,5,4,454,High Value
5187,2025-05-30,2024-07-21,3,21083.39,216,3,3,3,333,Loyal
5188,2024-11-16,2024-10-15,2,14859.93,411,2,2,3,223,Occasional
5189,2025-10-24,2025-01-15,2,27391.3,69,4,2,3,423,Occasional
5190,2025-11-13,2024-08-14,8,41535.19,49,4,4,4,444,High Value
5191,2025-04-04,2024-06-12,9,53112.18,272,2,5,4,254,At Risk
5193,2025-05-16,2024-06-01,5,11141.21,230,3,4,2,342,Loyal
5194,2025-12-26,2024-06-28,12,53266.12,6,5,5,4,554,High Value
5195,2025-11-06,2024-05-15,5,57505.74,56,4,4,4,444,High Value
5197,2025-05-12,2024-08-11,4,21878.66,234,3,3,3,333,Loyal
5198,2024-09-12,2024-09-04,2,34001.91,476,2,2,4,224,At Risk
5200,2025-02-20,2024-08-01,3,6130.6,315,2,3,2,232,At Risk
5201,2024-10-02,2024-10-02,1,2070.91,456,2,1,1,211,Occasional
5203,2024-09-23,2024-05-21,4,5471.79,465,2,3,2,232,At Risk
5204,2025-07-30,2024-07-14,11,36012.35,155,3,5,4,354,High Value
5206,2025-01-05,2024-05-20,2,9958.83,361,2,2,2,222,Occasional
5207,2025-12-20,2024-05-18,31,239494.12,12,5,5,5,555,High Value
5210,2024-05-30,2024-05-30,1,3990.22,581,1,1,1,111,Hibernating
5211,2025-09-06,2025-09-06,1,2821.89,117,3,1,1,311,Occasional
5212,2025-04-25,2024-08-24,2,5667.58,251,3,2,2,322,Occasional
5213,2025-12-20,2024-09-06,5,9144.05,12,5,4,2,542,Loyal
5214,2024-11-02,2024-10-26,2,26965.17,425,2,2,3,223,Occasional
5215,2025-11-15,2024-06-21,9,56480.99,47,4,5,4,454,High Value
5216,2024-07-04,2024-07-04,1,1015.66,546,1,1,1,111,Hibernating
5217,2025-09-22,2025-09-22,1,9330.58,101,3,1,2,312,Occasional
5218,2024-10-24,2024-08-10,2,11171.63,434,2,2,2,222,Occasional
5219,2025-09-24,2024-07-21,5,31302.73,99,3,4,4,344,High Value
5221,2025-12-05,2024-10-03,3,28871.92,27,5,3,3,533,Loyal
5223,2024-08-23,2024-06-03,2,8774.32,496,2,2,2,222,Occasional
5224,2025-09-07,2024-06-03,7,84641.7,116,3,4,5,345,High Value
5225,2024-09-21,2024-07-23,4,28312.64,467,2,3,3,233,At Risk
5226,2025-11-02,2024-09-11,9,31599.15,60,4,5,4,454,High Value
5227,2025-12-07,2024-10-20,7,75248.39,25,5,4,5,545,High Value
5228,2025-12-28,2024-06-17,4,21145.6,4,5,3,3,533,Loyal
5229,2025-02-06,2025-02-06,1,1199.12,329,2,1,1,211,Occasional
5230,2025-08-19,2024-07-02,6,67783.21,135,3,4,5,345,High Value
5231,2025-10-24,2024-07-06,6,24610.65,69,4,4,3,443,Loyal
5232,2025-04-07,2024-06-01,6,12525.2,269,3,4,2,342,Loyal
5233,2025-10-04,2024-05-25,20,97755.24,89,4,5,5,455,High Value
5234,2024-11-30,2024-08-15,5,24310.2,397,2,4,3,243,At Risk
5235,2025-11-12,2024-08-10,3,54212.87,50,4,3,4,434,Loyal
5236,2025-04-04,2024-06-21,13,86791.89,272,2,5,5,255,At Risk
5237,2024-10-25,2024-10-25,1,26132.09,433,2,1,3,213,Occasional
5240,2025-11-24,2024-07-13,3,71636.9,38,4,3,5,435,Loyal
5241,2024-12-30,2024-05-25,9,33940.55,367,2,5,4,254,At Risk
5242,2024-10-21,2024-10-21,1,7495.54,437,2,1,2,212,Occasional
5243,2025-10-26,2025-10-26,1,17046.17,67,4,1,3,413,New
5244,2024-12-14,2024-11-06,2,110431.45,383,2,2,5,225,At Risk
5245,2024-07-23,2024-06-26,2,3795.27,527,2,2,1,221,Occasional
5247,2024-10-04,2024-08-20,2,5349.91,454,2,2,2,222,Occasional
5249,2025-12-15,2024-06-08,7,19201.31,17,5,4,3,543,Loyal
5250,2025-02-15,2024-12-06,3,29681.38,320,2,3,4,234,At Risk
5252,2024-08-23,2024-08-23,1,1256.01,496,2,1,1,211,Occasional
5253,2025-10-18,2024-07-01,11,91939.85,75,4,5,5,455,High Value
5254,2025-11-20,2025-02-07,3,17806.0,42,4,3,3,433,Loyal
5255,2025-01-04,2025-01-04,1,11374.53,362,2,1,2,212,Occasional
5257,2025-02-07,2025-02-07,1,3374.91,328,2,1,1,211,Occasional
5258,2024-10-30,2024-10-30,1,326.66,428,2,1,1,211,Occasional
5259,2025-09-06,2025-05-22,2,8895.03,117,3,2,2,322,Occasional
5260,2025-11-22,2024-07-03,7,49377.07,40,4,4,4,444,High Value
5261,2024-12-07,2024-07-25,2,15665.0,390,2,2,3,223,Occasional
5263,2025-11-07,2024-10-29,4,21498.72,55,4,3,3,433,Loyal
5264,2025-11-04,2024-07-16,8,38026.35,58,4,4,4,444,High Value
5265,2024-07-21,2024-07-09,2,3821.06,529,2,2,1,221,Occasional
5266,2024-06-26,2024-06-26,1,8442.88,554,1,1,2,112,Hibernating
5267,2024-08-10,2024-08-10,1,2890.36,509,2,1,1,211,Occasional
5268,2024-05-22,2024-05-22,1,279.76,589,1,1,1,111,Hibernating
5269,2025-03-22,2024-06-02,10,124927.16,285,2,5,5,255,At Risk
5270,2025-06-03,2024-12-10,2,24495.11,212,3,2,3,323,Occasional
5271,2025-11-01,2024-09-03,6,21047.43,61,4,4,3,443,Loyal
5272,2025-12-02,2024-06-05,2,41631.86,30,5,2,4,524,Occasional
5273,2025-01-04,2024-07-21,3,5882.84,362,2,3,2,232,At Risk
5275,2024-11-28,2024-06-28,8,55493.51,399,2,4,4,244,At Risk
5276,2025-12-31,2025-12-31,1,20687.48,1,5,1,3,513,New
5277,2024-08-23,2024-07-28,2,12896.2,496,2,2,2,222,Occasional
5278,2025-12-23,2024-06-25,5,35894.42,9,5,4,4,544,High Value
5280,2024-07-31,2024-07-31,1,809.12,519,2,1,1,211,Occasional
5283,2025-12-23,2024-11-27,9,40294.88,9,5,5,4,554,High Value
5284,2024-06-07,2024-06-07,1,2162.73,573,1,1,1,111,Hibernating
5285,2024-11-06,2024-11-06,1,5018.47,421,2,1,2,212,Occasional
5287,2025-05-23,2024-12-14,2,24358.78,223,3,2,3,323,Occasional
5291,2024-08-24,2024-08-24,1,2590.07,495,2,1,1,211,Occasional
5292,2025-07-19,2024-11-16,4,41416.52,166,3,3,4,334,Loyal
5293,2025-04-28,2025-04-28,1,1458.21,248,3,1,1,311,Occasional
5294,2025-08-30,2024-10-12,8,44638.26,124,3,4,4,344,High Value
5295,2025-01-23,2025-01-15,2,4709.5,343,2,2,2,222,Occasional
5296,2024-08-19,2024-06-10,2,1303.38,500,2,2,1,221,Occasional
5298,2025-12-15,2024-06-04,16,102541.81,17,5,5,5,555,High Value
5300,2025-05-27,2025-05-27,1,13601.98,219,3,1,2,312,Occasional
5301,2025-03-01,2024-06-17,3,25215.41,306,2,3,3,233,At Risk
5302,2025-08-03,2024-08-29,3,5542.08,151,3,3,2,332,Loyal
5303,2025-08-08,2024-07-29,10,86116.87,146,3,5,5,355,High Value
5304,2025-12-11,2024-06-15,4,11750.68,21,5,3,2,532,Loyal
5305,2024-10-18,2024-08-25,2,19859.88,440,2,2,3,223,Occasional
5306,2024-10-11,2024-08-03,2,11476.97,447,2,2,2,222,Occasional
5307,2025-11-02,2024-06-04,15,70969.36,60,4,5,5,455,High Value
5308,2024-09-21,2024-09-21,1,5083.26,467,2,1,2,212,Occasional
5309,2025-04-16,2024-05-25,3,34580.77,260,3,3,4,334,Loyal
5310,2025-06-04,2024-06-28,11,55098.09,211,3,5,4,354,High Value
5311,2025-11-04,2025-07-12,2,11497.47,58,4,2,2,422,Occasional
5312,2025-12-12,2024-06-20,12,145117.7,20,5,5,5,555,High Value
5313,2024-09-02,2024-06-05,2,5696.13,486,2,2,2,222,Occasional
5314,2024-11-04,2024-08-07,2,26118.93,423,2,2,3,223,Occasional
5315,2025-11-25,2024-07-01,7,24640.82,37,4,4,3,443,Loyal
5316,2025-06-30,2024-06-03,5,35501.52,185,3,4,4,344,High Value
5317,2025-03-08,2024-08-02,3,15410.84,299,2,3,3,233,At Risk
5318,2025-12-19,2025-12-19,1,17627.48,13,5,1,3,513,New
5319,2025-09-03,2025-08-10,2,4675.97,120,3,2,2,322,Occasional
5320,2025-12-03,2024-06-18,2,5792.35,29,5,2,2,522,Occasional
5321,2025-10-05,2024-07-06,4,55668.78,88,4,3,4,434,Loyal
5322,2025-12-18,2024-10-12,6,19131.94,14,5,4,3,543,Loyal
5324,2025-12-27,2024-06-05,20,129509.22,5,5,5,5,555,High Value
5326,2024-10-17,2024-10-17,1,3966.3,441,2,1,1,211,Occasional
5327,2024-08-26,2024-08-26,1,1361.62,493,2,1,1,211,Occasional
5328,2025-12-07,2024-08-15,6,5909.17,25,5,4,2,542,Loyal
5330,2024-12-15,2024-08-11,7,41045.3,382,2,4,4,244,At Risk
5331,2025-11-11,2024-07-27,10,98420.59,51,4,5,5,455,High Value
5332,2024-06-22,2024-06-22,1,35426.03,558,1,1,4,114,At Risk
5333,2025-11-15,2024-07-01,9,95803.31,47,4,5,5,455,High Value
5334,2024-08-05,2024-08-05,1,392.18,514,2,1,1,211,Occasional
5335,2025-11-22,2025-11-22,1,8419.5,40,4,1,2,412,New
5337,2024-10-16,2024-10-16,1,28816.99,442,2,1,3,213,Occasional
5339,2025-12-09,2024-07-27,5,33396.46,23,5,4,4,544,High Value
5340,2025-11-09,2024-12-15,9,140254.54,53,4,5,5,455,High Value
5341,2024-09-09,2024-09-09,1,2471.91,479,2,1,1,211,Occasional
5342,2025-03-21,2024-10-24,2,5354.95,286,2,2,2,222,Occasional
5343,2025-11-08,2024-05-30,10,26839.91,54,4,5,3,453,Loyal
5344,2025-09-05,2025-09-05,1,13927.38,118,3,1,3,313,Occasional
5345,2024-08-16,2024-06-28,4,44804.48,503,2,3,4,234,At Risk
5347,2025-09-26,2024-06-10,23,191485.47,97,3,5,5,355,High Value
5348,2025-12-13,2024-11-12,4,17160.58,19,5,3,3,533,Loyal
5349,2025-11-06,2024-10-05,6,47383.96,56,4,4,4,444,High Value
5350,2025-02-08,2024-07-07,5,53662.33,327,2,4,4,244,At Risk
5352,2025-03-21,2025-03-21,1,310.53,286,2,1,1,211,Occasional
5353,2025-04-04,2024-07-06,2,6333.65,272,2,2,2,222,Occasional
5354,2025-04-15,2025-04-15,1,6406.8,261,3,1,2,312,Occasional
5355,2025-11-11,2025-11-11,1,1497.64,51,4,1,1,411,New
5356,2025-09-20,2024-09-09,11,38948.73,103,3,5,4,354,High Value
5357,2025-05-31,2024-06-15,2,5091.63,215,3,2,2,322,Occasional
5359,2024-06-27,2024-06-27,1,8961.99,553,1,1,2,112,Hibernating
5360,2025-10-04,2024-11-13,4,36004.32,89,4,3,4,434,Loyal
5361,2025-06-02,2024-06-06,7,52447.85,213,3,4,4,344,High Value
5363,2024-11-29,2024-07-02,3,7859.48,398,2,3,2,232,At Risk
5364,2025-03-05,2025-03-01,2,6584.35,302,2,2,2,222,Occasional
5366,2024-11-16,2024-11-16,1,23241.41,411,2,1,3,213,Occasional
5367,2024-12-07,2024-06-30,3,13924.39,390,2,3,3,233,At Risk
5368,2025-07-29,2024-08-14,4,18691.42,156,3,3,3,333,Loyal
5369,2025-11-07,2025-01-08,2,17247.47,55,4,2,3,423,Occasional
5370,2025-11-27,2024-06-07,10,52321.95,35,5,5,4,554,High Value
5371,2024-07-19,2024-07-19,1,9190.74,531,2,1,2,212,Occasional
5373,2025-12-11,2024-07-07,4,15857.69,21,5,3,3,533,Loyal
5374,2025-11-29,2024-08-01,11,74862.35,33,5,5,5,555,High Value
5375,2025-11-18,2025-01-21,3,15853.33,44,4,3,3,433,Loyal
5376,2025-11-25,2024-07-14,7,64003.72,37,4,4,5,445,High Value
5377,2025-09-25,2024-07-05,17,106054.97,98,3,5,5,355,High Value
5379,2025-09-24,2025-03-12,5,99397.26,99,3,4,5,345,High Value
5380,2025-11-22,2024-09-07,5,45752.07,40,4,4,4,444,High Value
5381,2025-12-04,2024-07-05,7,73675.78,28,5,4,5,545,High Value
5382,2024-10-15,2024-07-16,2,6800.09,443,2,2,2,222,Occasional
5383,2025-10-22,2024-07-13,3,5825.21,71,4,3,2,432,Loyal
5384,2025-12-24,2024-06-27,20,155213.36,8,5,5,5,555,High Value
5385,2024-09-09,2024-07-05,2,4555.51,479,2,2,2,222,Occasional
5386,2024-12-10,2024-10-17,4,32864.78,387,2,3,4,234,At Risk
5387,2025-08-29,2024-10-15,2,2212.13,125,3,2,1,321,Occasional
5389,2025-12-13,2024-06-04,19,93824.22,19,5,5,5,555,High Value
5390,2025-03-29,2025-03-29,1,737.87,278,2,1,1,211,Occasional
5391,2025-12-26,2024-09-04,15,121744.12,6,5,5,5,555,High Value
5392,2024-07-20,2024-07-19,2,5343.1,530,2,2,2,222,Occasional
5394,2025-12-07,2024-08-15,16,145633.59,25,5,5,5,555,High Value
5395,2024-08-23,2024-08-23,1,12046.01,496,2,1,2,212,Occasional
5396,2025-01-19,2025-01-19,1,1048.55,347,2,1,1,211,Occasional
5397,2025-07-27,2025-04-23,3,63641.93,158,3,3,5,335,Loyal
5398,2025-09-18,2024-08-29,6,21460.71,105,3,4,3,343,Loyal
5399,2025-10-15,2024-07-17,10,36887.68,78,4,5,4,454,High Value
5400,2025-12-13,2025-05-12,2,10102.51,19,5,2,2,522,Occasional
5401,2025-12-21,2024-06-10,14,74107.26,11,5,5,5,555,High Value
5403,2024-11-26,2024-07-22,5,18388.86,401,2,4,3,243,At Risk
5404,2024-12-15,2024-09-27,2,1719.33,382,2,2,1,221,Occasional
5405,2025-10-19,2024-07-12,15,68774.33,74,4,5,5,455,High Value
5407,2024-08-11,2024-08-11,1,17968.75,508,2,1,3,213,Occasional
5408,2025-10-01,2024-07-30,9,30085.45,92,4,5,4,454,High Value
5409,2025-10-27,2025-01-19,3,12327.31,66,4,3,2,432,Loyal
5410,2024-07-02,2024-07-02,1,3020.47,548,1,1,1,111,Hibernating
5411,2025-04-24,2024-08-22,3,4719.48,252,3,3,2,332,Loyal
5412,2025-02-19,2024-12-18,2,13859.78,316,2,2,2,222,Occasional
5413,2025-03-15,2024-09-29,2,48683.84,292,2,2,4,224,At Risk
5415,2025-12-26,2024-07-19,11,43627.28,6,5,5,4,554,High Value
5416,2025-12-19,2024-10-05,3,36128.97,13,5,3,4,534,Loyal
5418,2025-06-09,2024-12-19,2,3280.44,206,3,2,1,321,Occasional
5419,2025-11-22,2024-07-26,4,61687.63,40,4,3,5,435,Loyal
5420,2024-07-12,2024-07-12,1,4415.62,538,1,1,1,111,Hibernating
5421,2025-07-29,2024-11-11,2,6887.29,156,3,2,2,322,Occasional
5422,2025-02-03,2024-10-29,3,1886.92,332,2,3,1,231,At Risk
5423,2025-04-04,2024-10-04,3,6222.28,272,2,3,2,232,At Risk
5424,2024-10-31,2024-06-07,5,10475.66,427,2,4,2,242,At Risk
5425,2025-05-27,2024-07-26,6,24286.0,219,3,4,3,343,Loyal
5426,2025-02-02,2024-08-24,3,14952.1,333,2,3,3,233,At Risk
5427,2025-11-11,2024-06-20,9,76642.54,51,4,5,5,455,High Value
5428,2025-03-20,2024-06-05,18,146695.94,287,2,5,5,255,At Risk
5429,2024-06-15,2024-06-15,1,15914.39,565,1,1,3,113,Hibernating
5430,2025-06-03,2024-11-24,3,8452.46,212,3,3,2,332,Loyal
5432,2025-01-15,2025-01-15,1,779.89,351,2,1,1,211,Occasional
5433,2025-05-15,2025-01-31,2,31484.95,231,3,2,4,324,Occasional
5434,2025-10-02,2024-07-01,9,163454.6,91,4,5,5,455,High Value
5436,2025-09-13,2024-10-11,7,65212.15,110,3,4,5,345,High Value
5437,2025-03-21,2025-03-21,1,2248.15,286,2,1,1,211,Occasional
5438,2025-10-13,2024-07-07,5,33133.01,80,4,4,4,444,High Value
5439,2024-10-27,2024-07-23,5,26268.68,431,2,4,3,243,At Risk
5440,2025-11-06,2025-03-10,2,11488.65,56,4,2,2,422,Occasional
5441,2025-07-20,2024-11-08,3,8664.96,165,3,3,2,332,Loyal
5442,2025-12-30,2024-12-17,4,58216.22,2,5,3,4,534,Loyal
5443,2024-10-09,2024-10-09,1,1139.01,449,2,1,1,211,Occasional
5444,2025-05-26,2024-06-26,8,85945.15,220,3,4,5,345,High Value
5446,2025-11-19,2024-07-16,7,53849.36,43,4,4,4,444,High Value
5448,2024-10-29,2024-10-29,1,1803.67,429,2,1,1,211,Occasional
5449,2025-02-15,2024-06-09,4,22561.31,320,2,3,3,233,At Risk
5450,2024-08-22,2024-07-22,3,6598.9,497,2,3,2,232,At Risk
5451,2024-06-07,2024-06-07,1,1027.73,573,1,1,1,111,Hibernating
5452,2025-03-19,2024-06-13,10,168322.05,288,2,5,5,255,At Risk
5454,2025-11-12,2024-07-28,13,71890.34,50,4,5,5,455,High Value
5456,2024-08-24,2024-08-24,1,12569.32,495,2,1,2,212,Occasional
5457,2024-10-09,2024-06-17,7,34050.47,449,2,4,4,244,At Risk
5458,2025-12-25,2024-06-16,20,151057.06,7,5,5,5,555,High Value
5459,2025-10-18,2025-10-18,1,1049.37,75,4,1,1,411,New
5460,2024-12-01,2024-08-10,3,9881.55,396,2,3,2,232,At Risk
5461,2024-07-31,2024-07-31,1,2212.91,519,2,1,1,211,Occasional
5462,2025-12-24,2024-07-28,14,105532.1,8,5,5,5,555,High Value
5464,2025-02-01,2025-02-01,1,5640.87,334,2,1,2,212,Occasional
5465,2024-07-13,2024-07-13,1,3066.8,537,1,1,1,111,Hibernating
5466,2025-12-24,2024-06-23,8,48809.63,8,5,4,4,544,High Value
5469,2025-10-07,2025-10-07,1,3250.32,86,4,1,1,411,New
5470,2024-12-06,2024-11-11,2,10556.2,391,2,2,2,222,Occasional
5471,2024-07-24,2024-07-20,2,40059.29,526,2,2,4,224,At Risk
5473,2025-02-28,2024-10-12,2,17625.97,307,2,2,3,223,Occasional
5475,2025-03-23,2024-07-27,6,51754.73,284,2,4,4,244,At Risk
5476,2025-12-09,2024-08-23,22,166841.91,23,5,5,5,555,High Value
5477,2025-11-27,2024-10-28,2,8401.39,35,5,2,2,522,Occasional
5478,2024-10-17,2024-10-17,1,8616.98,441,2,1,2,212,Occasional
5479,2024-12-09,2024-07-04,3,16633.56,388,2,3,3,233,At Risk
5481,2025-03-31,2025-03-31,1,14196.33,276,2,1,3,213,Occasional
5482,2025-08-02,2024-08-28,6,28021.83,152,3,4,3,343,Loyal
5484,2024-06-24,2024-06-24,1,643.03,556,1,1,1,111,Hibernating
5486,2024-09-27,2024-07-29,4,76743.39,461,2,3,5,235,At Risk
5487,2024-12-15,2024-12-11,2,5436.9,382,2,2,2,222,Occasional
5488,2025-09-19,2024-08-10,24,186455.21,104,3,5,5,355,High Value
5489,2025-11-22,2024-07-01,10,25644.95,40,4,5,3,453,Loyal
5491,2024-07-30,2024-07-17,2,9948.01,520,2,2,2,222,Occasional
5493,2024-11-21,2024-11-21,1,4905.01,406,2,1,2,212,Occasional
5494,2025-07-13,2024-12-18,3,29600.25,172,3,3,4,334,Loyal
5495,2025-08-30,2024-07-06,5,58944.97,124,3,4,4,344,High Value
5496,2024-08-02,2024-06-30,4,23456.52,517,2,3,3,233,At Risk
5497,2024-11-03,2024-07-01,8,36641.38,424,2,4,4,244,At Risk
5498,2024-08-16,2024-08-16,1,15558.14,503,2,1,3,213,Occasional
5500,2025-10-05,2024-07-26,4,21375.42,88,4,3,3,433,Loyal
5501,2025-11-21,2024-09-23,5,119524.07,41,4,4,5,445,High Value
5502,2024-08-15,2024-08-15,1,449.96,504,2,1,1,211,Occasional
5503,2025-11-10,2024-07-29,11,70403.38,52,4,5,5,455,High Value
5504,2025-11-14,2025-11-14,1,872.2,48,4,1,1,411,New
5505,2024-10-19,2024-09-29,2,6374.78,439,2,2,2,222,Occasional
5506,2024-11-28,2024-06-15,8,100019.8,399,2,4,5,245,At Risk
5507,2025-04-07,2024-11-04,3,30715.39,269,3,3,4,334,Loyal
5510,2024-11-24,2024-09-01,2,9222.04,403,2,2,2,222,Occasional
5511,2025-12-21,2024-06-30,23,169558.1,11,5,5,5,555,High Value
5512,2025-01-12,2024-07-29,3,21582.2,354,2,3,3,233,At Risk
5513,2025-09-21,2024-12-05,2,17602.15,102,3,2,3,323,Occasional
5514,2025-09-16,2024-09-22,4,6312.46,107,3,3,2,332,Loyal
5515,2025-12-27,2024-06-18,20,116359.76,5,5,5,5,555,High Value
5517,2025-02-19,2024-09-07,2,56776.07,316,2,2,4,224,At Risk
5520,2025-04-22,2025-04-22,1,21243.22,254,3,1,3,313,Occasional
5521,2025-03-22,2024-06-29,5,34932.26,285,2,4,4,244,At Risk
5522,2025-12-18,2025-04-16,2,15456.33,14,5,2,3,523,Occasional
5524,2024-09-17,2024-09-17,1,11089.72,471,2,1,2,212,Occasional
5526,2025-08-30,2024-11-12,7,24852.49,124,3,4,3,343,Loyal
5527,2024-09-17,2024-09-01,2,12634.03,471,2,2,2,222,Occasional
5528,2025-01-17,2025-01-17,1,7553.25,349,2,1,2,212,Occasional
5529,2025-10-25,2024-12-21,6,22570.59,68,4,4,3,443,Loyal
5531,2025-12-30,2024-10-31,5,35176.12,2,5,4,4,544,High Value
5532,2025-07-19,2024-07-09,2,13818.7,166,3,2,2,322,Occasional
5533,2024-07-13,2024-07-13,1,18226.83,537,1,1,3,113,Hibernating
5534,2025-02-22,2024-11-16,2,22640.27,313,2,2,3,223,Occasional
5536,2025-02-04,2025-02-04,1,6254.03,331,2,1,2,212,Occasional
5537,2025-10-04,2024-07-04,24,187013.68,89,4,5,5,455,High Value
5538,2025-06-13,2025-06-13,1,11512.7,202,3,1,2,312,Occasional
5540,2025-01-21,2024-08-10,5,26100.41,345,2,4,3,243,At Risk
5541,2025-11-22,2024-06-27,14,122280.25,40,4,5,5,455,High Value
5542,2025-12-05,2024-12-13,4,36377.89,27,5,3,4,534,Loyal
5543,2025-06-07,2024-08-28,3,5878.45,208,3,3,2,332,Loyal
5544,2024-08-12,2024-08-12,1,1075.93,507,2,1,1,211,Occasional
5545,2025-05-25,2024-11-19,3,12209.0,221,3,3,2,332,Loyal
5547,2025-05-11,2024-11-25,3,32887.93,235,3,3,4,334,Loyal
5548,2025-09-11,2024-10-03,4,29226.98,112,3,3,3,333,Loyal
5550,2025-02-01,2025-02-01,1,2981.05,334,2,1,1,211,Occasional
5551,2024-09-11,2024-08-08,2,22457.6,477,2,2,3,223,Occasional
5552,2025-10-10,2025-01-15,2,9112.63,83,4,2,2,422,Occasional
5553,2025-07-17,2025-07-17,1,2983.75,168,3,1,1,311,Occasional
5554,2025-10-05,2024-08-04,9,88155.83,88,4,5,5,455,High Value
5557,2024-10-23,2024-08-11,2,28212.39,435,2,2,3,223,Occasional
5558,2024-12-20,2024-10-08,3,27051.43,377,2,3,3,233,At Risk
5559,2025-03-11,2024-12-02,2,8040.85,296,2,2,2,222,Occasional
5561,2025-10-21,2024-07-21,10,79527.86,72,4,5,5,455,High Value
5562,2025-04-13,2024-10-02,5,89263.95,263,3,4,5,345,High Value
5563,2024-08-30,2024-08-30,1,3684.56,489,2,1,1,211,Occasional
5564,2024-09-09,2024-09-09,1,14005.63,479,2,1,3,213,Occasional
5565,2025-12-09,2024-07-12,15,55253.28,23,5,5,4,554,High Value
5566,2025-11-30,2024-06-27,36,254948.14,32,5,5,5,555,High Value
5567,2025-12-18,2024-06-29,23,148961.17,14,5,5,5,555,High Value
5568,2025-09-27,2024-08-17,7,19614.86,96,4,4,3,443,Loyal
5569,2025-10-29,2024-08-26,6,47574.4,64,4,4,4,444,High Value
5570,2025-11-17,2025-03-02,2,8051.32,45,4,2,2,422,Occasional
5571,2025-11-02,2024-06-27,16,124056.56,60,4,5,5,455,High Value
5572,2025-01-05,2024-08-15,2,6495.83,361,2,2,2,222,Occasional
5575,2025-07-04,2024-09-10,4,63660.79,181,3,3,5,335,Loyal
5576,2025-05-13,2024-07-30,3,53396.0,233,3,3,4,334,Loyal
5577,2025-02-17,2024-12-01,2,5943.07,318,2,2,2,222,Occasional
5578,2025-07-09,2024-11-26,6,26393.73,176,3,4,3,343,Loyal
5579,2024-11-30,2024-06-24,3,19497.08,397,2,3,3,233,At Risk
5582,2025-05-21,2024-10-12,5,14257.81,225,3,4,3,343,Loyal
5584,2025-07-17,2025-07-17,1,22121.48,168,3,1,3,313,Occasional
5585,2025-01-17,2024-06-21,8,47142.24,349,2,4,4,244,At Risk
5587,2025-01-08,2024-07-06,13,40127.91,358,2,5,4,254,At Risk
5588,2025-01-04,2024-07-06,4,11918.39,362,2,3,2,232,At Risk
5589,2025-07-31,2025-02-02,3,6901.36,154,3,3,2,332,Loyal
5590,2025-02-21,2024-08-23,4,64455.3,314,2,3,5,235,At Risk
5591,2025-10-25,2024-07-17,14,68472.66,68,4,5,5,455,High Value
5592,2025-05-25,2024-07-20,4,28780.77,221,3,3,3,333,Loyal
5593,2025-11-30,2024-08-29,7,55184.31,32,5,4,4,544,High Value
5594,2025-11-02,2024-07-12,3,25686.66,60,4,3,3,433,Loyal
5595,2025-03-21,2024-10-11,3,34386.58,286,2,3,4,234,At Risk
5596,2024-10-07,2024-10-07,1,31837.2,451,2,1,4,214,At Risk
5597,2025-08-26,2024-08-17,4,9041.09,128,3,3,2,332,Loyal
5598,2025-11-19,2025-11-19,1,9576.7,43,4,1,2,412,New
5599,2025-10-03,2024-11-14,3,2938.95,90,4,3,1,431,Loyal
5600,2025-03-02,2024-08-01,8,43659.79,305,2,4,4,244,At Risk
5601,2024-10-31,2024-08-07,3,23431.98,427,2,3,3,233,At Risk
5602,2025-12-19,2024-07-16,17,149698.59,13,5,5,5,555,High Value
5603,2025-09-13,2025-09-13,1,1625.86,110,3,1,1,311,Occasional
5604,2025-10-16,2024-07-01,2,8867.24,77,4,2,2,422,Occasional
5605,2025-12-29,2024-10-22,6,23334.5,3,5,4,3,543,Loyal
5607,2024-10-11,2024-08-11,2,1242.07,447,2,2,1,221,Occasional
5608,2025-09-08,2025-09-08,1,2539.7,115,3,1,1,311,Occasional
5609,2025-12-17,2024-11-27,8,66124.46,15,5,4,5,545,High Value
5610,2025-11-26,2025-11-26,1,737.76,36,4,1,1,411,New
5611,2025-11-13,2024-09-01,8,48514.4,49,4,4,4,444,High Value
5612,2024-08-07,2024-08-07,1,17497.06,512,2,1,3,213,Occasional
5613,2025-07-26,2025-02-12,2,23773.29,159,3,2,3,323,Occasional
5614,2025-10-31,2025-02-28,3,12092.99,62,4,3,2,432,Loyal
5615,2025-02-13,2024-08-07,5,46089.92,322,2,4,4,244,At Risk
5616,2025-02-18,2024-07-13,6,29785.33,317,2,4,4,244,At Risk
5617,2024-09-02,2024-09-02,1,699.19,486,2,1,1,211,Occasional
5619,2025-04-26,2024-12-15,3,3327.75,250,3,3,1,331,Loyal
5620,2025-02-09,2025-02-09,1,5886.39,326,2,1,2,212,Occasional
5621,2024-10-12,2024-06-23,6,26675.73,446,2,4,3,243,At Risk
5623,2025-01-29,2025-01-29,1,882.64,337,2,1,1,211,Occasional
5624,2025-10-10,2024-09-24,4,26616.22,83,4,3,3,433,Loyal
5625,2025-06-28,2024-10-07,4,12609.94,187,3,3,2,332,Loyal
5626,2025-05-05,2024-06-26,2,19110.67,241,3,2,3,323,Occasional
5627,2025-01-02,2024-09-06,8,53082.23,364,2,4,4,244,At Risk
5629,2024-11-20,2024-07-11,4,13962.88,407,2,3,3,233,At Risk
5630,2024-08-31,2024-06-28,12,49018.67,488,2,5,4,254,At Risk
5633,2025-06-18,2025-06-18,1,1637.16,197,3,1,1,311,Occasional
5634,2024-12-16,2024-12-16,1,342.16,381,2,1,1,211,Occasional
5636,2025-11-16,2024-09-16,12,129587.4,46,4,5,5,455,High Value
5637,2025-06-18,2025-06-18,1,2150.38,197,3,1,1,311,Occasional
5638,2025-09-29,2025-09-29,1,2802.53,94,4,1,1,411,Occasional
5640,2024-10-29,2024-07-03,7,20326.42,429,2,4,3,243,At Risk
5641,2024-08-07,2024-07-20,2,40245.13,512,2,2,4,224,At Risk
5643,2025-02-17,2024-08-04,3,11347.55,318,2,3,2,232,At Risk
5644,2025-12-13,2024-07-11,8,128914.81,19,5,4,5,545,High Value
5646,2025-02-26,2025-02-26,1,7503.27,309,2,1,2,212,Occasional
5647,2025-11-25,2024-06-26,10,88812.61,37,4,5,5,455,High Value
5648,2025-08-09,2024-07-15,8,42687.38,145,3,4,4,344,High Value
5649,2025-12-28,2024-07-19,15,137039.36,4,5,5,5,555,High Value
5650,2024-10-24,2024-10-24,1,17364.51,434,2,1,3,213,Occasional
5652,2024-07-09,2024-06-29,2,2105.84,541,1,2,1,121,Hibernating
5653,2024-09-10,2024-09-10,1,10846.26,478,2,1,2,212,Occasional
5654,2025-11-01,2024-08-11,6,36769.19,61,4,4,4,444,High Value
5655,2024-11-06,2024-07-06,6,35799.6,421,2,4,4,244,At Risk
5657,2025-05-09,2025-02-08,2,20095.26,237,3,2,3,323,Occasional
5658,2025-01-11,2024-07-06,6,18659.75,355,2,4,3,243,At Risk
5659,2025-11-25,2024-11-02,8,92840.44,37,4,4,5,445,High Value
5662,2025-09-05,2025-07-13,2,8224.43,118,3,2,2,322,Occasional
5663,2025-11-05,2024-07-09,3,17185.03,57,4,3,3,433,Loyal
5664,2024-10-10,2024-10-10,1,1579.03,448,2,1,1,211,Occasional
5665,2024-12-18,2024-11-01,3,47600.12,379,2,3,4,234,At Risk
5666,2025-12-28,2025-12-28,1,13839.4,4,5,1,2,512,New
5667,2025-09-21,2025-02-05,3,26782.47,102,3,3,3,333,Loyal
5668,2025-08-31,2024-07-27,7,26929.4,123,3,4,3,343,Loyal
5669,2025-08-04,2025-08-04,1,5864.06,150,3,1,2,312,Occasional
5670,2025-06-09,2024-09-14,7,49946.65,206,3,4,4,344,High Value
5671,2024-12-01,2024-09-15,2,3816.07,396,2,2,1,221,Occasional
5672,2025-08-16,2024-10-02,7,34412.84,138,3,4,4,344,High Value
5673,2025-10-19,2024-07-21,19,95322.1,74,4,5,5,455,High Value
5674,2025-10-08,2024-09-29,6,8893.98,85,4,4,2,442,Loyal
5675,2025-03-21,2024-07-03,2,7951.64,286,2,2,2,222,Occasional
5676,2025-12-28,2024-07-19,30,273104.96,4,5,5,5,555,High Value
5677,2025-11-14,2024-07-13,10,52448.84,48,4,5,4,454,High Value
5679,2025-12-24,2024-09-12,4,11569.18,8,5,3,2,532,Loyal
5680,2025-10-18,2024-08-09,11,157697.84,75,4,5,5,455,High Value
5681,2025-08-25,2024-10-19,6,55332.75,129,3,4,4,344,High Value
5683,2025-03-29,2024-08-09,3,52684.75,278,2,3,4,234,At Risk
5684,2025-10-18,2024-08-14,5,24676.29,75,4,4,3,443,Loyal
5686,2025-12-06,2024-08-10,8,70872.38,26,5,4,5,545,High Value
5687,2024-12-14,2024-07-10,8,61468.87,383,2,4,4,244,At Risk
5688,2024-09-08,2024-08-18,2,13374.65,480,2,2,2,222,Occasional
5689,2024-12-11,2024-10-10,2,5088.92,386,2,2,2,222,Occasional
5690,2024-12-09,2024-11-15,3,27295.72,388,2,3,3,233,At Risk
5691,2025-12-23,2024-07-21,17,119305.42,9,5,5,5,555,High Value
5694,2025-01-19,2025-01-19,1,3706.97,347,2,1,1,211,Occasional
5696,2025-10-04,2024-10-29,5,35403.33,89,4,4,4,444,High Value
5697,2025-06-02,2024-10-20,11,74138.94,213,3,5,5,355,High Value
5699,2025-11-08,2024-10-16,4,10094.28,54,4,3,2,432,Loyal
5700,2025-09-27,2024-07-12,13,122599.58,96,4,5,5,455,High Value
5701,2025-10-12,2024-07-02,12,80477.26,81,4,5,5,455,High Value
5703,2025-12-21,2024-07-07,17,117529.19,11,5,5,5,555,High Value
5704,2024-08-25,2024-08-25,1,20327.11,494,2,1,3,213,Occasional
5705,2025-10-05,2025-04-20,5,11726.92,88,4,4,2,442,Loyal
5707,2025-11-14,2025-06-02,2,12169.51,48,4,2,2,422,Occasional
5708,2024-10-07,2024-09-07,2,38418.44,451,2,2,4,224,At Risk
5709,2025-04-08,2025-04-08,1,2656.46,268,3,1,1,311,Occasional
5710,2025-10-17,2024-09-26,3,24287.75,76,4,3,3,433,Loyal
5712,2024-12-30,2024-12-30,1,20272.82,367,2,1,3,213,Occasional
5713,2025-11-20,2024-07-18,5,37939.2,42,4,4,4,444,High Value
5714,2024-07-15,2024-07-15,1,10309.62,535,1,1,2,112,Hibernating
5716,2025-04-18,2024-08-16,4,17225.84,258,3,3,3,333,Loyal
5717,2025-04-05,2025-04-05,1,3016.69,271,2,1,1,211,Occasional
5718,2025-10-18,2024-08-12,7,37193.46,75,4,4,4,444,High Value
5719,2025-04-06,2024-07-22,2,18892.42,270,3,2,3,323,Occasional
5720,2024-10-18,2024-10-18,1,3134.93,440,2,1,1,211,Occasional
5722,2024-10-20,2024-07-13,17,82366.51,438,2,5,5,255,At Risk
5723,2025-11-24,2024-08-21,3,9591.72,38,4,3,2,432,Loyal
5724,2025-05-11,2024-12-19,2,2950.36,235,3,2,1,321,Occasional
5726,2024-10-04,2024-08-17,3,13205.6,454,2,3,2,232,At Risk
5727,2025-07-04,2025-07-04,2,70919.32,181,3,2,5,325,Occasional
5728,2025-12-14,2024-07-24,10,59879.43,18,5,5,4,554,High Value
5730,2025-06-04,2024-07-26,2,7219.01,211,3,2,2,322,Occasional
5731,2024-11-04,2024-10-01,2,36569.94,423,2,2,4,224,At Risk
5732,2025-09-16,2025-03-25,3,16706.77,107,3,3,3,333,Loyal
5733,2025-03-20,2024-08-22,5,46132.74,287,2,4,4,244,At Risk
5735,2024-11-05,2024-09-13,2,12469.44,422,2,2,2,222,Occasional
5737,2025-12-14,2025-12-14,1,4879.86,18,5,1,2,512,New
5738,2025-01-11,2025-01-11,1,29815.16,355,2,1,4,214,At Risk
5742,2025-07-11,2024-08-01,7,41733.77,174,3,4,4,344,High Value
5744,2025-02-12,2025-02-12,1,523.01,323,2,1,1,211,Occasional
5745,2025-10-12,2025-10-12,1,1139.57,81,4,1,1,411,New
5747,2024-08-06,2024-08-06,1,16450.87,513,2,1,3,213,Occasional
5748,2025-06-30,2024-08-20,4,25990.34,185,3,3,3,333,Loyal
5749,2025-12-15,2024-08-30,17,132445.23,17,5,5,5,555,High Value
5750,2025-11-15,2024-08-10,10,103876.32,47,4,5,5,455,High Value
5751,2025-10-25,2024-10-17,3,13275.59,68,4,3,2,432,Loyal
5752,2025-05-02,2024-10-30,4,23947.86,244,3,3,3,333,Loyal
5754,2024-08-21,2024-08-14,2,3675.51,498,2,2,1,221,Occasional
5755,2025-02-08,2024-08-25,7,54246.16,327,2,4,4,244,At Risk
5756,2025-12-15,2025-01-28,7,79519.06,17,5,4,5,545,High Value
5757,2025-10-21,2024-10-11,9,113261.9,72,4,5,5,455,High Value
5758,2024-09-14,2024-09-14,1,5980.77,474,2,1,2,212,Occasional
5759,2024-12-16,2024-07-16,2,27456.11,381,2,2,3,223,Occasional
5760,2024-08-02,2024-08-02,1,759.77,517,2,1,1,211,Occasional
5761,2025-11-15,2024-07-14,3,6064.41,47,4,3,2,432,Loyal
5763,2025-12-02,2024-10-04,11,78902.54,30,5,5,5,555,High Value
5765,2024-12-29,2024-08-29,3,18620.36,368,2,3,3,233,At Risk
5766,2024-12-01,2024-10-25,3,39882.54,396,2,3,4,234,At Risk
5768,2024-12-19,2024-07-20,2,4297.69,378,2,2,1,221,Occasional
5769,2025-11-19,2024-10-11,4,13606.19,43,4,3,2,432,Loyal
5770,2024-08-16,2024-08-16,1,597.17,503,2,1,1,211,Occasional
5771,2025-07-16,2024-08-09,6,27212.9,169,3,4,3,343,Loyal
5772,2024-07-28,2024-07-28,1,26574.23,522,2,1,3,213,Occasional
5774,2025-11-27,2024-08-02,8,46931.06,35,5,4,4,544,High Value
5775,2025-08-14,2025-03-02,2,35127.56,140,3,2,4,324,Occasional
5776,2025-11-22,2024-07-26,33,356946.16,40,4,5,5,455,High Value
5777,2025-08-13,2024-07-28,3,12291.67,141,3,3,2,332,Loyal
5778,2025-08-23,2024-08-21,2,6691.23,131,3,2,2,322,Occasional
5779,2024-11-30,2024-08-17,4,3200.44,397,2,3,1,231,At Risk
5780,2025-10-17,2024-07-28,7,17339.94,76,4,4,3,443,Loyal
5781,2025-12-26,2024-07-27,7,93472.6,6,5,4,5,545,High Value
5782,2024-12-20,2024-12-20,1,1031.84,377,2,1,1,211,Occasional
5785,2025-11-18,2024-09-02,10,54941.28,44,4,5,4,454,High Value
5786,2024-08-09,2024-08-09,1,1775.44,510,2,1,1,211,Occasional
5787,2025-10-16,2025-02-18,3,8459.74,77,4,3,2,432,Loyal
5788,2025-02-11,2024-08-27,2,10379.59,324,2,2,2,222,Occasional
5789,2024-10-20,2024-07-22,5,13794.45,438,2,4,2,242,At Risk
5790,2025-09-05,2025-01-08,7,63975.08,118,3,4,5,345,High Value
5791,2024-12-25,2024-11-28,2,4880.98,372,2,2,2,222,Occasional
5792,2024-08-03,2024-07-10,3,11071.52,516,2,3,2,232,At Risk
5793,2025-08-25,2024-07-21,15,54171.37,129,3,5,4,354,High Value
5795,2024-07-15,2024-07-15,1,3021.25,535,1,1,1,111,Hibernating
5796,2025-02-02,2025-02-02,1,2976.78,333,2,1,1,211,Occasional
5797,2025-10-30,2025-05-24,2,1651.28,63,4,2,1,421,Occasional
5798,2025-07-20,2024-09-06,4,37436.47,165,3,3,4,334,Loyal
5800,2025-12-01,2024-10-30,13,104096.08,31,5,5,5,555,High Value
5801,2025-02-19,2024-09-04,9,117861.23,316,2,5,5,255,At Risk
5802,2025-12-12,2024-09-25,6,44687.37,20,5,4,4,544,High Value
5803,2025-11-25,2024-07-19,14,115069.67,37,4,5,5,455,High Value
5804,2024-08-27,2024-08-27,1,19724.84,492,2,1,3,213,Occasional
5805,2025-10-21,2025-04-08,5,22157.8,72,4,4,3,443,Loyal
5806,2025-07-13,2025-04-10,3,41795.68,172,3,3,4,334,Loyal
5807,2025-11-06,2025-04-29,2,13151.82,56,4,2,2,422,Occasional
5808,2025-11-12,2025-11-12,1,1147.69,50,4,1,1,411,New
5809,2024-09-08,2024-07-15,4,39452.53,480,2,3,4,234,At Risk
5811,2025-09-07,2024-08-10,15,82463.91,116,3,5,5,355,High Value
5813,2024-08-10,2024-08-08,2,6975.38,509,2,2,2,222,Occasional
5814,2025-05-26,2024-08-17,7,17456.7,220,3,4,3,343,Loyal
5817,2025-05-15,2024-08-18,6,20740.27,231,3,4,3,343,Loyal
5818,2024-10-04,2024-10-04,1,3678.49,454,2,1,1,211,Occasional
5819,2025-12-23,2025-05-18,2,4443.7,9,5,2,2,522,Occasional
5820,2025-11-07,2025-01-25,4,20743.9,55,4,3,3,433,Loyal
5822,2025-11-30,2024-10-02,2,16168.24,32,5,2,3,523,Occasional
5823,2025-05-17,2024-08-22,6,77250.39,229,3,4,5,345,High Value
5824,2024-08-18,2024-08-11,2,20963.07,501,2,2,3,223,Occasional
5825,2025-02-08,2024-07-17,8,77475.23,327,2,4,5,245,At Risk
5826,2025-08-30,2025-03-19,3,18578.42,124,3,3,3,333,Loyal
5827,2025-11-15,2025-05-31,4,21627.03,47,4,3,3,433,Loyal
5828,2024-12-22,2024-08-24,3,4154.02,375,2,3,1,231,At Risk
5830,2025-01-16,2025-01-16,1,1836.56,350,2,1,1,211,Occasional
5832,2025-12-28,2024-08-01,4,6129.59,4,5,3,2,532,Loyal
5833,2024-11-23,2024-08-09,3,13531.53,404,2,3,2,232,At Risk
5834,2025-12-19,2024-10-10,5,11424.75,13,5,4,2,542,Loyal
5835,2024-11-28,2024-08-19,5,55412.33,399,2,4,4,244,At Risk
5836,2025-12-24,2024-07-25,32,240879.81,8,5,5,5,555,High Value
5837,2025-12-11,2025-01-09,11,96013.58,21,5,5,5,555,High Value
5838,2024-09-15,2024-09-15,1,862.16,473,2,1,1,211,Occasional
5839,2025-04-18,2024-08-03,4,63565.08,258,3,3,5,335,Loyal
5840,2025-03-08,2024-07-23,4,9020.49,299,2,3,2,232,At Risk
5841,2025-12-27,2024-08-10,8,40908.58,5,5,4,4,544,High Value
5842,2025-09-24,2024-08-01,4,6956.39,99,3,3,2,332,Loyal
5843,2024-10-23,2024-08-25,3,8200.76,435,2,3,2,232,At Risk
5846,2025-10-11,2025-09-15,2,9257.13,82,4,2,2,422,Occasional
5847,2025-12-29,2025-06-30,4,254825.72,3,5,3,5,535,Loyal
5848,2025-08-06,2024-07-26,8,39494.28,148,3,4,4,344,High Value
5850,2024-11-16,2024-08-12,2,19640.55,411,2,2,3,223,Occasional
5851,2025-05-04,2025-05-04,1,931.31,242,3,1,1,311,Occasional
5852,2025-05-19,2024-08-06,2,4220.57,227,3,2,1,321,Occasional
5853,2024-08-24,2024-08-24,1,15368.18,495,2,1,3,213,Occasional
5855,2025-11-24,2024-07-28,10,54442.94,38,4,5,4,454,High Value
5856,2025-07-15,2025-07-04,2,8864.95,170,3,2,2,322,Occasional
5858,2025-11-18,2025-11-18,1,3459.77,44,4,1,1,411,New
5859,2024-10-16,2024-09-12,2,4883.74,442,2,2,2,222,Occasional
5861,2025-11-01,2024-09-22,14,51482.57,61,4,5,4,454,High Value
5862,2024-12-08,2024-12-08,1,10319.97,389,2,1,2,212,Occasional
5863,2025-07-29,2024-08-04,8,22663.43,156,3,4,3,343,Loyal
5864,2025-12-26,2024-08-10,15,37191.17,6,5,5,4,554,High Value
5865,2025-05-05,2025-02-16,2,40866.53,241,3,2,4,324,Occasional
5866,2024-12-22,2024-07-16,5,36123.61,375,2,4,4,244,At Risk
5867,2025-01-18,2025-01-18,1,23700.29,348,2,1,3,213,Occasional
5868,2025-08-08,2024-08-23,7,53603.59,146,3,4,4,344,High Value
5869,2024-09-01,2024-07-17,5,14671.81,487,2,4,3,243,At Risk
5871,2025-10-30,2024-10-05,11,38335.09,63,4,5,4,454,High Value
5872,2024-08-03,2024-08-03,1,21985.81,516,2,1,3,213,Occasional
5873,2025-08-04,2024-08-13,7,36467.48,150,3,4,4,344,High Value
5875,2024-12-20,2024-12-20,1,55496.59,377,2,1,4,214,At Risk
5876,2024-09-27,2024-09-27,1,6728.65,461,2,1,2,212,Occasional
5879,2025-07-14,2025-01-01,3,7041.05,171,3,3,2,332,Loyal
5880,2025-06-24,2025-06-24,1,11195.48,191,3,1,2,312,Occasional
5881,2025-12-09,2025-11-18,2,14745.34,23,5,2,3,523,New
5882,2025-08-27,2024-08-19,10,72308.76,127,3,5,5,355,High Value
5883,2024-08-23,2024-08-08,2,1471.81,496,2,2,1,221,Occasional
5884,2025-12-13,2024-07-24,4,25235.4,19,5,3,3,533,Loyal
5885,2024-10-20,2024-09-01,2,34533.83,438,2,2,4,224,At Risk
5886,2025-12-30,2024-08-18,16,87075.29,2,5,5,5,555,High Value
5887,2025-06-01,2024-09-10,2,428.83,214,3,2,1,321,Occasional
5888,2025-12-05,2024-08-26,4,27891.49,27,5,3,3,533,Loyal
5889,2025-01-31,2024-08-25,4,25019.08,335,2,3,3,233,At Risk
5892,2024-10-10,2024-10-10,1,5273.42,448,2,1,2,212,Occasional
5893,2024-10-22,2024-09-19,2,25962.86,436,2,2,3,223,Occasional
5894,2024-10-15,2024-08-23,2,21541.05,443,2,2,3,223,Occasional
5895,2025-11-16,2024-07-21,8,66602.97,46,4,4,5,445,High Value
5896,2025-07-03,2024-08-24,10,83292.02,182,3,5,5,355,High Value
5897,2025-04-12,2025-01-11,2,16477.97,264,3,2,3,323,Occasional
5899,2024-12-25,2024-12-25,1,832.57,372,2,1,1,211,Occasional
5900,2025-12-18,2024-11-01,15,87406.69,14,5,5,5,555,High Value
5902,2025-10-01,2025-04-05,2,2412.78,92,4,2,1,421,Occasional
5903,2025-04-16,2024-08-03,5,12691.73,260,3,4,2,342,Loyal
5904,2024-10-13,2024-10-13,1,8140.5,445,2,1,2,212,Occasional
5905,2025-02-25,2024-08-09,14,44588.33,310,2,5,4,254,At Risk
5906,2025-08-04,2024-11-15,8,57138.03,150,3,4,4,344,High Value
5907,2024-09-25,2024-09-25,1,9398.74,463,2,1,2,212,Occasional
5909,2025-02-13,2024-09-07,3,22514.35,322,2,3,3,233,At Risk
5910,2025-08-24,2024-09-03,4,79758.57,130,3,3,5,335,Loyal
5911,2025-10-18,2025-06-15,3,35736.82,75,4,3,4,434,Loyal
5912,2025-11-14,2024-08-16,17,82618.77,48,4,5,5,455,High Value
5913,2025-09-30,2025-09-30,1,2854.45,93,4,1,1,411,Occasional
5916,2025-11-25,2025-11-25,1,20479.23,37,4,1,3,413,New
5917,2025-11-23,2024-08-09,4,6686.79,39,4,3,2,432,Loyal
5919,2025-10-09,2025-10-09,1,19080.77,84,4,1,3,413,New
5920,2025-01-30,2024-11-13,3,11752.18,336,2,3,2,232,At Risk
5921,2024-10-05,2024-10-05,1,4641.62,453,2,1,2,212,Occasional
5922,2025-11-28,2024-08-02,14,78997.21,34,5,5,5,555,High Value
5923,2025-01-11,2024-07-24,28,305666.69,355,2,5,5,255,At Risk
5924,2024-09-11,2024-08-07,2,2689.33,477,2,2,1,221,Occasional
5925,2024-10-07,2024-10-07,1,33074.81,451,2,1,4,214,At Risk
5926,2024-12-25,2024-12-25,1,5237.12,372,2,1,2,212,Occasional
5928,2025-10-19,2025-03-21,4,36721.52,74,4,3,4,434,Loyal
5929,2024-08-20,2024-08-20,1,36693.33,499,2,1,4,214,At Risk
5930,2025-03-22,2025-03-22,1,17949.75,285,2,1,3,213,Occasional
5931,2025-11-22,2024-07-24,17,107392.67,40,4,5,5,455,High Value
5932,2025-10-08,2024-08-12,5,18605.92,85,4,4,3,443,Loyal
5933,2025-08-18,2024-07-29,13,61895.23,136,3,5,5,355,High Value
5934,2025-09-22,2024-11-11,2,39106.55,101,3,2,4,324,Occasional
5936,2025-12-01,2024-07-24,11,35557.65,31,5,5,4,554,High Value
5937,2025-03-01,2024-09-03,2,24529.18,306,2,2,3,223,Occasional
5938,2024-10-23,2024-08-15,2,4017.83,435,2,2,1,221,Occasional
5940,2025-04-13,2024-08-03,3,3764.94,263,3,3,1,331,Loyal
5941,2025-03-17,2024-08-02,6,59666.35,290,2,4,4,244,At Risk
5942,2024-08-16,2024-08-16,1,2401.36,503,2,1,1,211,Occasional
5943,2025-12-24,2024-08-07,4,25230.58,8,5,3,3,533,Loyal
5944,2025-11-13,2024-10-10,6,40819.07,49,4,4,4,444,High Value
5945,2025-12-30,2025-10-01,2,45365.82,2,5,2,4,524,Occasional
5946,2024-10-12,2024-10-12,1,2133.46,446,2,1,1,211,Occasional
5947,2025-07-01,2025-05-31,2,8842.84,184,3,2,2,322,Occasional
5948,2025-05-24,2024-08-02,24,177558.06,222,3,5,5,355,High Value
5949,2025-05-05,2024-09-03,5,15796.03,241,3,4,3,343,Loyal
5950,2025-05-30,2024-07-28,6,15183.42,216,3,4,3,343,Loyal
5951,2025-05-02,2025-04-09,2,20305.85,244,3,2,3,323,Occasional
5952,2025-12-23,2025-07-30,4,33846.4,9,5,3,4,534,Loyal
5953,2025-12-20,2024-07-24,10,93817.35,12,5,5,5,555,High Value
5954,2025-07-21,2024-07-30,4,26502.93,164,3,3,3,333,Loyal
5955,2025-05-14,2024-08-02,3,26374.29,232,3,3,3,333,Loyal
5956,2025-05-11,2025-05-11,1,1848.51,235,3,1,1,311,Occasional
5957,2025-12-29,2024-10-19,10,166427.85,3,5,5,5,555,High Value
5959,2024-10-13,2024-10-13,1,12652.85,445,2,1,2,212,Occasional
5960,2024-10-18,2024-10-18,1,5617.15,440,2,1,2,212,Occasional
5961,2025-12-04,2024-11-06,4,9000.58,28,5,3,2,532,Loyal
5962,2025-04-22,2024-10-12,3,21470.92,254,3,3,3,333,Loyal
5966,2024-12-20,2024-08-04,4,19057.67,377,2,3,3,233,At Risk
5967,2025-11-28,2024-10-15,6,14403.12,34,5,4,3,543,Loyal
5968,2025-12-20,2024-08-12,63,471105.68,12,5,5,5,555,High Value
5970,2024-09-17,2024-07-29,2,1398.22,471,2,2,1,221,Occasional
5972,2025-02-20,2024-08-15,2,18588.94,315,2,2,3,223,Occasional
5973,2024-11-26,2024-11-26,1,1056.74,401,2,1,1,211,Occasional
5974,2025-11-16,2025-04-16,2,9692.05,46,4,2,2,422,Occasional
5975,2025-12-04,2024-07-31,7,86254.56,28,5,4,5,545,High Value
5976,2025-11-17,2024-08-10,26,116831.93,45,4,5,5,455,High Value
5977,2024-08-19,2024-08-19,1,1328.18,500,2,1,1,211,Occasional
5978,2024-11-27,2024-11-27,1,1421.21,400,2,1,1,211,Occasional
5979,2024-10-05,2024-10-05,1,1683.86,453,2,1,1,211,Occasional
5980,2024-12-14,2024-07-28,2,7131.9,383,2,2,2,222,Occasional
5981,2025-11-02,2024-12-26,3,18252.06,60,4,3,3,433,Loyal
5982,2025-12-25,2025-12-25,1,2226.15,7,5,1,1,511,New
5984,2025-12-09,2024-08-21,8,21127.86,23,5,4,3,543,Loyal
5986,2025-02-02,2024-09-14,4,5695.82,333,2,3,2,232,At Risk
5989,2025-12-30,2024-08-28,4,19580.03,2,5,3,3,533,Loyal
5991,2025-02-08,2025-02-08,1,1837.2,327,2,1,1,211,Occasional
5992,2025-01-25,2025-01-22,2,33273.75,341,2,2,4,224,At Risk
5993,2025-06-25,2024-09-21,5,46638.51,190,3,4,4,344,High Value
5995,2024-09-26,2024-09-26,1,8365.97,462,2,1,2,212,Occasional
5996,2025-10-03,2024-09-01,5,36778.17,90,4,4,4,444,High Value
5997,2025-01-14,2024-08-17,7,28666.1,352,2,4,3,243,At Risk
5998,2025-10-25,2024-09-21,5,54646.22,68,4,4,4,444,High Value
6000,2025-04-18,2024-08-08,6,30648.15,258,3,4,4,344,High Value
6001,2025-09-28,2025-04-22,2,4011.86,95,4,2,1,421,Occasional
6002,2025-03-02,2025-03-02,1,21008.35,305,2,1,3,213,Occasional
6006,2025-02-01,2025-02-01,1,552.81,334,2,1,1,211,Occasional
6007,2024-09-08,2024-08-05,4,12056.49,480,2,3,2,232,At Risk
6008,2025-11-25,2024-08-09,17,83448.44,37,4,5,5,455,High Value
6009,2024-08-24,2024-08-24,1,5235.41,495,2,1,2,212,Occasional
6010,2024-10-25,2024-10-25,1,1921.09,433,2,1,1,211,Occasional
6011,2025-12-11,2024-12-29,4,9980.78,21,5,3,2,532,Loyal
6012,2025-11-11,2024-11-17,9,106043.9,51,4,5,5,455,High Value
6013,2025-01-26,2024-10-24,2,14675.38,340,2,2,3,223,Occasional
6014,2025-04-10,2025-04-10,1,18894.47,266,3,1,3,313,Occasional
6015,2024-11-30,2024-09-30,3,27853.85,397,2,3,3,233,At Risk
6016,2025-12-26,2024-08-07,27,223141.6,6,5,5,5,555,High Value
6017,2025-11-16,2024-08-01,10,48083.54,46,4,5,4,454,High Value
6019,2024-10-15,2024-09-26,2,11110.0,443,2,2,2,222,Occasional
6020,2025-11-10,2024-08-04,8,43461.43,52,4,4,4,444,High Value
6021,2024-12-26,2024-12-26,1,3401.11,371,2,1,1,211,Occasional
6023,2025-11-24,2024-08-13,9,25805.25,38,4,5,3,453,Loyal
6024,2025-04-26,2024-08-14,5,29121.66,250,3,4,3,343,Loyal
6025,2025-03-08,2024-09-09,2,4737.48,299,2,2,2,222,Occasional
6028,2025-01-09,2025-01-09,1,602.56,357,2,1,1,211,Occasional
6029,2025-09-28,2024-09-01,2,56477.74,95,4,2,4,424,Occasional
6030,2025-06-11,2024-08-02,52,401310.98,204,3,5,5,355,High Value
6031,2025-05-27,2024-10-26,2,4423.89,219,3,2,1,321,Occasional
6032,2024-12-28,2024-08-31,4,21078.46,369,2,3,3,233,At Risk
6033,2024-12-21,2024-12-21,1,6663.07,376,2,1,2,212,Occasional
6034,2025-08-30,2025-03-13,4,11977.96,124,3,3,2,332,Loyal
6035,2025-12-31,2024-11-14,7,118065.06,1,5,4,5,545,High Value
6040,2025-12-11,2024-08-08,17,146690.99,21,5,5,5,555,High Value
6041,2025-08-12,2025-08-12,1,2802.53,142,3,1,1,311,Occasional
6042,2025-12-18,2025-04-25,2,2313.76,14,5,2,1,521,Occasional
6043,2024-09-13,2024-09-13,1,863.62,475,2,1,1,211,Occasional
6044,2025-12-31,2024-08-02,78,495445.96,1,5,5,5,555,High Value
6045,2025-07-22,2024-08-27,4,15523.62,163,3,3,3,333,Loyal
6046,2024-12-14,2024-12-14,1,22009.83,383,2,1,3,213,Occasional
6047,2025-04-07,2025-02-15,2,3948.27,269,3,2,1,321,Occasional
6048,2025-09-10,2024-09-04,5,19302.61,113,3,4,3,343,Loyal
6049,2025-11-29,2024-09-12,11,79925.87,33,5,5,5,555,High Value
6051,2025-01-31,2024-08-05,9,67050.9,335,2,5,5,255,At Risk
6052,2024-08-10,2024-08-10,1,529.36,509,2,1,1,211,Occasional
6053,2025-01-12,2024-09-26,2,14959.22,354,2,2,3,223,Occasional
6054,2025-04-05,2024-08-29,4,16608.53,271,2,3,3,233,At Risk
6055,2025-12-21,2024-08-03,15,117505.46,11,5,5,5,555,High Value
6056,2025-10-29,2024-08-19,7,33365.09,64,4,4,4,444,High Value
6057,2025-11-22,2024-11-05,2,1675.24,40,4,2,1,421,Occasional
6058,2024-12-28,2024-08-13,13,38381.02,369,2,5,4,254,At Risk
6059,2024-11-07,2024-08-05,5,29160.88,420,2,4,3,243,At Risk
6060,2025-04-09,2024-09-26,2,7660.59,267,3,2,2,322,Occasional
6061,2025-11-18,2024-09-06,6,55945.88,44,4,4,4,444,High Value
6062,2024-10-05,2024-08-18,7,44550.8,453,2,4,4,244,At Risk
6064,2025-04-20,2025-04-20,1,43232.69,256,3,1,4,314,Occasional
6065,2025-10-16,2024-10-01,4,46003.75,77,4,3,4,434,Loyal
6066,2024-11-22,2024-09-11,4,45077.87,405,2,3,4,234,At Risk
6068,2025-06-18,2024-09-04,14,129564.79,197,3,5,5,355,High Value
6070,2025-08-10,2024-08-09,12,91161.07,144,3,5,5,355,High Value
6071,2025-06-09,2024-10-14,2,12916.62,206,3,2,2,322,Occasional
6073,2025-06-05,2024-08-24,4,14075.63,210,3,3,3,333,Loyal
6076,2025-10-20,2025-07-21,3,23348.71,73,4,3,3,433,Loyal
6077,2025-11-04,2024-08-18,4,117018.56,58,4,3,5,435,Loyal
6078,2025-08-07,2024-10-05,10,79829.57,147,3,5,5,355,High Value
6079,2025-01-19,2024-11-20,2,13025.18,347,2,2,2,222,Occasional
6081,2024-10-17,2024-08-25,2,2090.08,441,2,2,1,221,Occasional
6082,2025-08-11,2024-11-24,2,4915.54,143,3,2,2,322,Occasional
6083,2025-01-13,2025-01-13,1,4442.23,353,2,1,1,211,Occasional
6084,2025-11-29,2024-11-24,4,18885.06,33,5,3,3,533,Loyal
6086,2025-12-14,2024-08-12,6,42505.11,18,5,4,4,544,High Value
6087,2024-08-11,2024-08-10,2,7396.17,508,2,2,2,222,Occasional
6088,2025-08-09,2024-11-07,2,37040.32,145,3,2,4,324,Occasional
6090,2025-01-27,2024-08-25,7,79628.09,339,2,4,5,245,At Risk
6091,2025-12-19,2024-08-13,38,306608.45,13,5,5,5,555,High Value
6092,2025-07-07,2024-09-12,8,39695.52,178,3,5,4,354,High Value
6094,2024-11-06,2024-08-29,2,21005.25,421,2,2,3,223,Occasional
6095,2025-12-23,2024-10-21,13,93628.16,9,5,5,5,555,High Value
6098,2025-01-26,2025-01-26,1,8440.92,340,2,1,2,212,Occasional
6099,2024-10-07,2024-09-11,2,4323.54,451,2,2,1,221,Occasional
6100,2024-08-12,2024-08-12,1,2038.6,507,2,1,1,211,Occasional
6101,2024-10-23,2024-08-20,5,41158.15,435,2,4,4,244,At Risk
6103,2025-07-24,2024-11-16,2,1923.24,161,3,2,1,321,Occasional
6105,2025-11-13,2025-01-21,2,29924.3,49,4,2,4,424,Occasional
6106,2025-04-20,2024-10-24,3,24318.55,256,3,3,3,333,Loyal
6108,2025-03-30,2024-08-08,5,78902.37,277,2,4,5,245,At Risk
6109,2024-09-04,2024-09-04,1,4400.44,484,2,1,1,211,Occasional
6111,2025-11-13,2025-09-30,2,4891.92,49,4,2,2,422,Occasional
6113,2025-08-23,2024-09-16,7,22212.11,131,3,4,3,343,Loyal
6114,2024-08-27,2024-08-14,2,21036.39,492,2,2,3,223,Occasional
6116,2024-11-01,2024-09-30,2,20077.91,426,2,2,3,223,Occasional
6117,2024-09-14,2024-09-14,1,51372.04,474,2,1,4,214,At Risk
6118,2024-12-26,2024-08-16,10,16765.45,371,2,5,3,253,At Risk
6119,2025-10-11,2024-09-23,6,55414.47,82,4,4,4,444,High Value
6120,2025-10-29,2024-09-06,20,144164.59,64,4,5,5,455,High Value
6121,2025-12-30,2025-12-30,1,247.31,2,5,1,1,511,New
6122,2024-10-11,2024-10-11,1,2347.02,447,2,1,1,211,Occasional
6124,2025-03-19,2025-03-19,1,5289.13,288,2,1,2,212,Occasional
6125,2024-11-02,2024-09-14,2,7178.09,425,2,2,2,222,Occasional
6126,2025-02-15,2024-11-09,2,6341.95,320,2,2,2,222,Occasional
6127,2025-05-07,2025-01-04,2,26235.4,239,3,2,3,323,Occasional
6128,2025-10-11,2025-06-16,4,20393.35,82,4,3,3,433,Loyal
6129,2025-07-24,2025-07-24,1,1276.51,161,3,1,1,311,Occasional
6130,2025-08-29,2024-11-20,6,124173.88,125,3,4,5,345,High Value
6133,2025-12-20,2024-09-28,6,136491.73,12,5,4,5,545,High Value
6134,2025-11-24,2025-07-12,2,15471.97,38,4,2,3,423,Occasional
6136,2024-11-09,2024-10-10,2,5396.55,418,2,2,2,222,Occasional
6139,2025-12-14,2024-09-13,15,121875.78,18,5,5,5,555,High Value
6140,2024-12-08,2024-08-11,4,13506.63,389,2,3,2,232,At Risk
6141,2025-01-25,2025-01-25,1,2683.78,341,2,1,1,211,Occasional
6143,2025-08-27,2025-02-08,4,23094.05,127,3,3,3,333,Loyal
6144,2025-04-06,2025-04-06,1,6342.88,270,3,1,2,312,Occasional
6145,2025-01-26,2024-11-19,3,30228.92,340,2,3,4,234,At Risk
6147,2025-12-25,2024-08-20,24,207784.38,7,5,5,5,555,High Value
6148,2024-12-11,2024-12-11,1,4214.13,386,2,1,1,211,Occasional
6149,2024-11-13,2024-08-25,3,82716.61,414,2,3,5,235,At Risk
6150,2024-11-26,2024-11-26,1,31717.29,401,2,1,4,214,At Risk
6151,2025-06-02,2024-09-07,5,16408.43,213,3,4,3,343,Loyal
6152,2024-09-15,2024-09-15,1,10780.84,473,2,1,2,212,Occasional
6153,2024-12-29,2024-11-25,2,18152.94,368,2,2,3,223,Occasional
6154,2025-12-28,2024-10-31,8,53085.34,4,5,5,4,554,High Value
6155,2025-10-30,2024-08-31,4,28112.58,63,4,3,3,433,Loyal
6156,2025-12-13,2024-10-19,8,57563.99,19,5,5,4,554,High Value
6158,2025-04-04,2024-11-04,6,59143.9,272,2,4,4,244,At Risk
6159,2025-11-24,2024-08-12,9,175408.35,38,4,5,5,455,High Value
6160,2024-10-13,2024-08-25,2,1708.88,445,2,2,1,221,Occasional
6161,2025-04-10,2024-08-30,3,12248.25,266,3,3,2,332,Loyal
6162,2025-05-01,2025-05-01,1,21185.41,245,3,1,3,313,Occasional
6164,2025-12-07,2024-08-29,4,6000.98,25,5,3,2,532,Loyal
6165,2025-03-14,2024-09-27,7,66232.67,293,2,4,5,245,At Risk
6166,2024-08-26,2024-08-26,1,13747.29,493,2,1,2,212,Occasional
6170,2025-03-21,2025-03-21,1,8437.29,286,2,1,2,212,Occasional
6171,2025-12-27,2024-08-31,5,46526.62,5,5,4,4,544,High Value
6172,2025-12-31,2024-08-14,106,768870.21,1,5,5,5,555,High Value
6173,2025-12-21,2024-09-25,23,298350.01,11,5,5,5,555,High Value
6174,2025-07-20,2024-12-13,2,19057.27,165,3,2,3,323,Occasional
6175,2024-12-09,2024-09-14,4,16159.06,388,2,3,3,233,At Risk
6178,2024-10-02,2024-10-02,1,19121.02,456,2,1,3,213,Occasional
6179,2024-11-21,2024-08-23,2,21306.41,406,2,2,3,223,Occasional
6180,2025-11-03,2024-11-19,4,12514.23,59,4,3,2,432,Loyal
6182,2025-10-13,2024-08-19,23,83824.25,80,4,5,5,455,High Value
6184,2025-10-03,2025-08-17,2,15485.7,90,4,2,3,423,Occasional
6185,2025-08-17,2024-11-01,2,10584.34,137,3,2,2,322,Occasional
6186,2025-09-19,2024-09-08,4,16230.92,104,3,3,3,333,Loyal
6187,2025-08-02,2024-09-04,7,46497.68,152,3,4,4,344,High Value
6188,2025-06-06,2024-09-13,9,49588.63,209,3,5,4,354,High Value
6189,2025-11-18,2025-10-20,2,11993.27,44,4,2,2,422,New
6190,2025-07-18,2024-08-21,11,86577.43,167,3,5,5,355,High Value
6192,2025-12-24,2024-08-16,8,110477.62,8,5,5,5,555,High Value
6193,2024-11-20,2024-08-28,3,4523.69,407,2,3,2,232,At Risk
6195,2025-11-27,2024-12-27,3,2712.7,35,5,3,1,531,Loyal
6196,2025-07-29,2024-10-18,6,17354.71,156,3,4,3,343,Loyal
6197,2025-11-22,2024-08-24,19,118543.63,40,4,5,5,455,High Value
6200,2025-07-21,2024-11-25,2,10722.1,164,3,2,2,322,Occasional
6201,2025-06-19,2024-09-11,2,4281.16,196,3,2,1,321,Occasional
6202,2025-12-28,2024-09-21,8,21663.07,4,5,5,3,553,Loyal
6203,2025-09-01,2024-09-06,5,64046.67,122,3,4,5,345,High Value
6205,2025-11-20,2024-09-06,9,38357.8,42,4,5,4,454,High Value
6206,2025-11-22,2024-09-25,2,17835.1,40,4,2,3,423,Occasional
6208,2025-05-07,2025-05-02,2,16866.2,239,3,2,3,323,Occasional
6210,2025-11-17,2024-09-20,5,27204.49,45,4,4,3,443,Loyal
6211,2025-10-03,2024-08-24,6,32189.29,90,4,4,4,444,High Value
6212,2025-10-31,2024-10-18,2,3788.36,62,4,2,1,421,Occasional
6213,2024-08-26,2024-08-26,1,4322.45,493,2,1,1,211,Occasional
6214,2025-02-06,2024-08-22,9,23951.92,329,2,5,3,253,At Risk
6215,2025-04-30,2025-01-26,2,2269.3,246,3,2,1,321,Occasional
6217,2024-11-10,2024-11-10,1,10520.49,417,2,1,2,212,Occasional
6219,2025-04-10,2024-11-18,2,24015.52,266,3,2,3,323,Occasional
6220,2025-07-02,2025-07-02,1,30969.07,183,3,1,4,314,Occasional
6221,2025-11-15,2025-08-19,4,16324.37,47,4,3,3,433,Loyal
6223,2024-11-22,2024-08-20,3,18002.19,405,2,3,3,233,At Risk
6225,2024-08-20,2024-08-20,1,5266.88,499,2,1,2,212,Occasional
6226,2025-05-18,2024-08-22,3,13821.43,228,3,3,2,332,Loyal
6228,2025-06-20,2024-10-27,2,46963.68,195,3,2,4,324,Occasional
6229,2025-12-25,2024-10-15,13,68980.99,7,5,5,5,555,High Value
6230,2025-10-14,2024-09-05,4,27528.62,79,4,3,3,433,Loyal
6231,2024-11-18,2024-10-22,2,23026.54,409,2,2,3,223,Occasional
6232,2024-12-07,2024-12-07,1,394.21,390,2,1,1,211,Occasional
6233,2025-02-14,2024-12-24,3,6300.1,321,2,3,2,232,At Risk
6235,2025-01-21,2024-11-04,2,56370.41,345,2,2,4,224,At Risk
6237,2025-06-22,2024-10-25,4,41402.42,193,3,3,4,334,Loyal
6238,2024-12-30,2024-12-30,1,8079.49,367,2,1,2,212,Occasional
6239,2025-10-24,2024-08-24,4,27475.49,69,4,3,3,433,Loyal
6240,2025-11-07,2024-08-25,17,151997.67,55,4,5,5,455,High Value
6241,2024-11-02,2024-11-02,1,237.8,425,2,1,1,211,Occasional
6242,2025-12-02,2024-11-29,6,43015.43,30,5,4,4,544,High Value
6243,2025-09-04,2025-05-11,2,1615.53,119,3,2,1,321,Occasional
6244,2025-08-14,2025-08-14,1,13628.32,140,3,1,2,312,Occasional
6245,2025-01-09,2024-12-07,2,27256.03,357,2,2,3,223,Occasional
6246,2024-10-17,2024-09-15,3,5304.31,441,2,3,2,232,At Risk
6248,2024-10-16,2024-10-16,1,467.06,442,2,1,1,211,Occasional
6249,2025-03-02,2025-03-02,1,1921.52,305,2,1,1,211,Occasional
6250,2024-09-25,2024-09-25,1,16463.72,463,2,1,3,213,Occasional
6251,2025-06-24,2024-10-08,3,48674.64,191,3,3,4,334,Loyal
6252,2025-05-05,2024-10-30,7,15880.38,241,3,4,3,343,Loyal
6253,2025-10-24,2024-09-03,4,36926.26,69,4,3,4,434,Loyal
6254,2025-01-01,2024-09-06,4,35808.9,365,2,3,4,234,At Risk
6257,2025-06-13,2024-08-27,11,67689.52,202,3,5,5,355,High Value
6259,2025-11-11,2024-09-13,6,25993.25,51,4,4,3,443,Loyal
6260,2024-12-18,2024-11-21,4,24364.03,379,2,3,3,233,At Risk
6263,2025-11-20,2024-11-08,4,51899.76,42,4,3,4,434,Loyal
6264,2024-10-17,2024-10-17,1,1273.37,441,2,1,1,211,Occasional
6265,2025-12-16,2024-10-24,5,36689.7,16,5,4,4,544,High Value
6266,2025-12-24,2025-04-20,6,35637.85,8,5,4,4,544,High Value
6267,2025-09-27,2024-09-01,3,7470.24,96,4,3,2,432,Loyal
6268,2025-02-14,2024-09-01,11,43474.39,321,2,5,4,254,At Risk
6269,2025-10-09,2024-09-02,14,59492.7,84,4,5,4,454,High Value
6270,2025-09-08,2024-12-14,2,11072.98,115,3,2,2,322,Occasional
6271,2025-12-12,2025-12-12,1,950.08,20,5,1,1,511,New
6272,2025-11-16,2025-07-07,4,22760.59,46,4,3,3,433,Loyal
6273,2025-12-20,2024-09-24,5,80777.94,12,5,4,5,545,High Value
6275,2024-11-01,2024-11-01,1,18451.58,426,2,1,3,213,Occasional
6276,2025-07-02,2025-05-20,2,38100.29,183,3,2,4,324,Occasional
6277,2025-08-31,2024-09-11,2,4236.04,123,3,2,1,321,Occasional
6278,2024-10-12,2024-10-12,1,984.04,446,2,1,1,211,Occasional
6280,2025-04-10,2024-09-24,9,90846.05,266,3,5,5,355,High Value
6281,2024-11-06,2024-11-06,1,3341.63,421,2,1,1,211,Occasional
6282,2025-12-29,2024-10-23,3,12182.43,3,5,3,2,532,Loyal
6283,2025-11-19,2024-10-04,15,104367.58,43,4,5,5,455,High Value
6284,2024-12-19,2024-09-08,2,4316.21,378,2,2,1,221,Occasional
6285,2025-09-12,2024-11-12,8,34791.6,111,3,5,4,354,High Value
6286,2025-05-23,2024-10-12,5,47446.03,223,3,4,4,344,High Value
6287,2025-12-29,2024-10-29,4,43232.95,3,5,3,4,534,Loyal
6289,2025-05-03,2024-09-05,6,37427.23,243,3,4,4,344,High Value
6290,2025-01-28,2025-01-28,1,2619.53,338,2,1,1,211,Occasional
6291,2025-03-10,2025-03-10,1,1320.2,297,2,1,1,211,Occasional
6292,2024-10-18,2024-10-18,1,547.2,440,2,1,1,211,Occasional
6294,2025-01-02,2024-10-13,8,42860.78,364,2,5,4,254,At Risk
6295,2025-09-08,2025-09-08,1,11107.22,115,3,1,2,312,Occasional
6296,2025-10-09,2024-10-26,2,7040.91,84,4,2,2,422,Occasional
6297,2025-04-28,2025-04-28,1,1467.84,248,3,1,1,311,Occasional
6299,2024-10-13,2024-09-07,2,17785.4,445,2,2,3,223,Occasional
6300,2025-05-04,2024-11-29,3,57896.62,242,3,3,4,334,Loyal
6303,2025-03-18,2024-09-21,3,17342.54,289,2,3,3,233,At Risk
6304,2025-03-14,2024-11-25,2,11201.67,293,2,2,2,222,Occasional
6305,2025-12-04,2024-11-25,4,13442.84,28,5,3,2,532,Loyal
6307,2025-12-06,2024-09-04,5,40897.21,26,5,4,4,544,High Value
6308,2025-12-27,2024-10-11,18,136023.47,5,5,5,5,555,High Value
6309,2024-10-22,2024-10-22,1,17949.98,436,2,1,3,213,Occasional
6310,2025-12-23,2024-09-17,8,54969.66,9,5,5,4,554,High Value
6311,2025-11-29,2024-10-26,12,49583.98,33,5,5,4,554,High Value
6312,2025-02-13,2024-10-26,3,12049.43,322,2,3,2,232,At Risk
6313,2025-09-16,2024-10-31,2,4851.25,107,3,2,2,322,Occasional
6314,2025-06-02,2024-09-24,6,62903.4,213,3,4,5,345,High Value
6315,2025-10-22,2024-09-24,10,64683.46,71,4,5,5,455,High Value
6316,2025-10-25,2025-01-01,2,18410.18,68,4,2,3,423,Occasional
6317,2024-10-07,2024-10-07,1,20665.64,451,2,1,3,213,Occasional
6318,2025-12-18,2024-10-06,36,431398.44,14,5,5,5,555,High Value
6319,2025-04-30,2024-12-13,5,21140.5,246,3,4,3,343,Loyal
6321,2025-07-19,2024-12-10,4,40953.14,166,3,3,4,334,Loyal
6323,2024-11-16,2024-11-03,2,2243.33,411,2,2,1,221,Occasional
6324,2024-09-02,2024-09-02,1,4422.33,486,2,1,1,211,Occasional
6325,2025-09-15,2024-12-31,2,15995.14,108,3,2,3,323,Occasional
6327,2025-11-11,2025-02-22,3,9040.66,51,4,3,2,432,Loyal
6328,2024-12-06,2024-12-06,1,715.78,391,2,1,1,211,Occasional
6331,2024-11-10,2024-10-02,2,1946.0,417,2,2,1,221,Occasional
6332,2025-06-24,2024-10-15,7,49387.98,191,3,4,4,344,High Value
6335,2025-03-31,2025-03-31,1,3379.08,276,2,1,1,211,Occasional
6336,2025-08-26,2024-09-17,5,27308.75,128,3,4,3,343,Loyal
6337,2025-01-18,2025-01-18,1,4128.79,348,2,1,1,211,Occasional
6338,2024-09-03,2024-09-03,1,485.78,485,2,1,1,211,Occasional
6340,2025-10-11,2025-10-11,1,448.05,82,4,1,1,411,New
6341,2025-11-18,2024-11-05,3,57871.14,44,4,3,4,434,Loyal
6342,2025-08-05,2024-11-16,5,49980.35,149,3,4,4,344,High Value
6343,2025-12-25,2024-12-21,3,28779.77,7,5,3,3,533,Loyal
6344,2025-11-09,2024-09-09,18,116454.57,53,4,5,5,455,High Value
6345,2025-11-02,2024-09-02,3,11498.07,60,4,3,2,432,Loyal
6346,2025-09-26,2025-07-02,2,8395.93,97,3,2,2,322,Occasional
6348,2025-12-29,2024-10-20,6,37249.58,3,5,4,4,544,High Value
6349,2025-07-06,2024-09-12,12,74789.63,179,3,5,5,355,High Value
6350,2025-05-31,2025-05-31,1,1447.18,215,3,1,1,311,Occasional
6353,2025-12-24,2024-09-15,12,94658.76,8,5,5,5,555,High Value
6354,2025-11-23,2025-01-21,3,239795.85,39,4,3,5,435,Loyal
6355,2025-11-18,2024-12-20,5,20090.21,44,4,4,3,443,Loyal
6357,2025-03-26,2025-03-26,1,2403.37,281,2,1,1,211,Occasional
6361,2025-10-02,2024-11-10,3,22756.89,91,4,3,3,433,Loyal
6362,2025-10-12,2024-09-29,3,8879.34,81,4,3,2,432,Loyal
6363,2025-09-26,2025-03-23,4,5685.76,97,3,3,2,332,Loyal
6364,2025-08-16,2024-11-27,5,35189.56,138,3,4,4,344,High Value
6365,2025-05-03,2025-05-03,1,4589.55,243,3,1,2,312,Occasional
6366,2025-12-19,2025-11-02,3,34229.88,13,5,3,4,534,New
6367,2025-12-09,2025-05-24,3,10883.7,23,5,3,2,532,Loyal
6370,2024-10-29,2024-10-29,1,670.96,429,2,1,1,211,Occasional
6371,2025-12-05,2024-10-29,9,37830.1,27,5,5,4,554,High Value
6372,2024-12-30,2024-10-03,5,25701.36,367,2,4,3,243,At Risk
6374,2025-04-20,2024-09-16,3,24428.38,256,3,3,3,333,Loyal
6376,2025-09-19,2024-09-27,4,21374.46,104,3,3,3,333,Loyal
6378,2025-01-14,2025-01-14,1,9153.15,352,2,1,2,212,Occasional
6379,2024-09-20,2024-09-20,1,7818.1,468,2,1,2,212,Occasional
6380,2025-06-11,2024-10-29,9,91076.4,204,3,5,5,355,High Value
6381,2025-08-03,2025-06-26,2,8013.36,151,3,2,2,322,Occasional
6382,2025-09-19,2025-09-19,1,28880.87,104,3,1,3,313,Occasional
6383,2025-11-25,2024-12-08,8,43592.43,37,4,5,4,454,High Value
6384,2025-11-25,2024-09-11,27,180842.51,37,4,5,5,455,High Value
6386,2025-09-27,2025-06-05,2,51255.4,96,4,2,4,424,Occasional
6387,2024-12-21,2024-12-21,1,11281.92,376,2,1,2,212,Occasional
6388,2025-11-17,2025-11-11,2,6849.35,45,4,2,2,422,New
6389,2024-09-22,2024-09-22,1,1639.71,466,2,1,1,211,Occasional
6390,2025-01-20,2025-01-20,1,756.04,346,2,1,1,211,Occasional
6391,2025-02-11,2024-10-29,5,59113.67,324,2,4,4,244,At Risk
6392,2025-06-14,2024-10-06,2,2624.04,201,3,2,1,321,Occasional
6393,2024-12-04,2024-12-04,1,1316.01,393,2,1,1,211,Occasional
6394,2024-09-08,2024-09-08,1,1499.78,480,2,1,1,211,Occasional
6395,2025-11-01,2024-10-18,7,25287.38,61,4,4,3,443,Loyal
6396,2025-07-06,2024-10-30,3,15916.33,179,3,3,3,333,Loyal
6397,2025-09-01,2025-02-05,3,9272.23,122,3,3,2,332,Loyal
6398,2025-09-26,2024-12-08,4,24752.49,97,3,3,3,333,Loyal
6399,2025-10-25,2024-10-04,6,29786.23,68,4,4,4,444,High Value
6400,2025-07-26,2025-07-26,1,23501.0,159,3,1,3,313,Occasional
6401,2025-07-27,2025-03-07,4,43426.4,158,3,3,4,334,Loyal
6402,2025-05-09,2024-09-15,5,10288.84,237,3,4,2,342,Loyal
6403,2025-04-11,2024-09-06,8,43056.8,265,3,5,4,354,High Value
6404,2025-08-15,2024-11-17,8,63684.83,139,3,5,5,355,High Value
6406,2025-12-21,2024-10-26,2,13283.53,11,5,2,2,522,Occasional
6407,2025-12-28,2025-12-28,1,9791.83,4,5,1,2,512,New
6408,2025-06-03,2025-06-03,1,2976.78,212,3,1,1,311,Occasional
6409,2025-06-08,2024-10-30,4,10435.19,207,3,3,2,332,Loyal
6412,2024-12-27,2024-12-27,1,36008.33,370,2,1,4,214,At Risk
6413,2025-11-28,2024-09-25,39,273520.28,34,5,5,5,555,High Value
6414,2025-12-28,2024-09-26,5,31102.93,4,5,4,4,544,High Value
6415,2025-08-21,2025-01-03,2,13180.7,133,3,2,2,322,Occasional
6416,2025-06-15,2024-11-09,4,9536.19,200,3,3,2,332,Loyal
6417,2024-10-26,2024-10-26,1,10725.31,432,2,1,2,212,Occasional
6418,2025-12-31,2024-09-26,9,96832.09,1,5,5,5,555,High Value
6419,2024-11-16,2024-11-16,1,3595.17,411,2,1,1,211,Occasional
6420,2025-03-19,2025-03-11,2,17605.63,288,2,2,3,223,Occasional
6422,2025-12-08,2024-11-14,2,21255.54,24,5,2,3,523,Occasional
6423,2025-06-15,2024-11-25,3,19858.73,200,3,3,3,333,Loyal
6425,2025-12-30,2024-10-18,15,91990.53,2,5,5,5,555,High Value
6428,2025-12-20,2024-12-13,5,35511.13,12,5,4,4,544,High Value
6429,2025-10-27,2024-10-07,15,83446.17,66,4,5,5,455,High Value
6430,2024-12-26,2024-12-26,1,9190.12,371,2,1,2,212,Occasional
6431,2025-12-30,2024-10-28,5,29381.42,2,5,4,3,543,Loyal
6432,2025-08-24,2025-08-24,1,552.81,130,3,1,1,311,Occasional
6433,2025-03-03,2024-11-22,2,8152.13,304,2,2,2,222,Occasional
6435,2025-12-31,2024-10-02,4,48603.44,1,5,3,4,534,Loyal
6436,2025-12-15,2024-09-11,19,110690.31,17,5,5,5,555,High Value
6437,2025-08-04,2024-10-26,6,47002.02,150,3,4,4,344,High Value
6438,2024-11-30,2024-10-10,4,25564.7,397,2,3,3,233,At Risk
6439,2025-02-20,2025-02-20,1,504.24,315,2,1,1,211,Occasional
6440,2025-05-29,2025-02-26,3,9776.54,217,3,3,2,332,Loyal
6441,2025-12-06,2024-11-10,5,26751.81,26,5,4,3,543,Loyal
6442,2025-10-17,2024-11-06,11,58818.93,76,4,5,4,454,High Value
6443,2024-11-30,2024-11-30,1,18527.76,397,2,1,3,213,Occasional
6445,2025-07-18,2024-12-13,2,7904.29,167,3,2,2,322,Occasional
6446,2024-09-23,2024-09-23,1,479.07,465,2,1,1,211,Occasional
6447,2025-11-16,2024-09-29,7,113669.33,46,4,4,5,445,High Value
6449,2025-11-21,2024-09-26,10,95642.35,41,4,5,5,455,High Value
6450,2025-10-09,2024-09-10,6,48171.88,84,4,4,4,444,High Value
6451,2025-12-03,2024-10-27,5,8495.31,29,5,4,2,542,Loyal
6452,2025-10-22,2024-12-08,7,68510.18,71,4,4,5,445,High Value
6453,2025-02-23,2024-09-17,2,18892.06,312,2,2,3,223,Occasional
6454,2025-11-19,2024-09-30,12,71860.84,43,4,5,5,455,High Value
6455,2025-11-18,2024-10-14,17,94415.21,44,4,5,5,455,High Value
6456,2024-10-11,2024-10-11,1,513.86,447,2,1,1,211,Occasional
6457,2025-04-20,2024-12-27,2,29453.91,256,3,2,3,323,Occasional
6458,2025-12-31,2024-09-12,56,398290.06,1,5,5,5,555,High Value
6459,2024-10-26,2024-09-22,4,52194.42,432,2,3,4,234,At Risk
6460,2025-12-24,2024-11-11,4,17803.66,8,5,3,3,533,Loyal
6461,2025-11-27,2025-07-29,3,41226.59,35,5,3,4,534,Loyal
6463,2025-12-07,2024-11-19,8,31651.15,25,5,5,4,554,High Value
6464,2025-10-31,2024-10-19,4,22877.26,62,4,3,3,433,Loyal
6465,2025-10-20,2024-09-29,21,262730.99,73,4,5,5,455,High Value
6466,2024-10-05,2024-10-05,1,2057.44,453,2,1,1,211,Occasional
6469,2025-01-05,2024-10-21,2,7139.01,361,2,2,2,222,Occasional
6470,2025-10-25,2024-10-26,9,122031.29,68,4,5,5,455,High Value
6471,2025-11-24,2024-09-25,4,25873.52,38,4,3,3,433,Loyal
6472,2025-12-23,2024-09-24,21,89312.58,9,5,5,5,555,High Value
6475,2025-01-05,2025-01-05,1,3680.85,361,2,1,1,211,Occasional
6476,2024-12-14,2024-10-31,2,12237.98,383,2,2,2,222,Occasional
6477,2025-07-15,2025-06-01,2,53861.52,170,3,2,4,324,Occasional
6481,2025-03-30,2025-03-30,1,1712.28,277,2,1,1,211,Occasional
6482,2025-10-24,2025-10-24,1,2278.28,69,4,1,1,411,New
6483,2025-01-20,2025-01-20,1,12183.57,346,2,1,2,212,Occasional
6485,2025-06-27,2024-10-19,3,24502.14,188,3,3,3,333,Loyal
6486,2024-11-03,2024-11-03,1,2068.4,424,2,1,1,211,Occasional
6488,2024-11-02,2024-11-02,1,1157.16,425,2,1,1,211,Occasional
6489,2025-10-13,2025-10-13,1,10063.42,80,4,1,2,412,New
6490,2024-09-24,2024-09-24,1,859.25,464,2,1,1,211,Occasional
6491,2024-12-14,2024-12-14,1,69066.81,383,2,1,5,215,At Risk
6492,2025-04-26,2024-10-31,2,21310.37,250,3,2,3,323,Occasional
6493,2025-01-20,2024-12-28,2,1124.77,346,2,2,1,221,Occasional
6494,2025-12-22,2024-09-15,11,102652.86,10,5,5,5,555,High Value
6495,2024-12-10,2024-12-10,1,4155.16,387,2,1,1,211,Occasional
6496,2025-05-16,2024-10-22,10,45693.41,230,3,5,4,354,High Value
6497,2024-11-06,2024-11-06,1,804.02,421,2,1,1,211,Occasional
6498,2024-11-25,2024-11-25,1,345.38,402,2,1,1,211,Occasional
6499,2025-11-29,2024-10-04,10,75275.87,33,5,5,5,555,High Value
6500,2025-01-31,2024-10-10,7,115071.14,335,2,4,5,245,At Risk
6501,2025-09-07,2025-09-07,1,42180.94,116,3,1,4,314,Occasional
6502,2025-03-08,2024-10-03,2,12528.13,299,2,2,2,222,Occasional
6504,2025-08-13,2024-11-09,6,40485.76,141,3,4,4,344,High Value
6505,2024-11-12,2024-11-12,1,6516.95,415,2,1,2,212,Occasional
6507,2025-04-01,2025-04-01,1,10417.0,275,2,1,2,212,Occasional
6508,2024-11-13,2024-11-13,1,1571.75,414,2,1,1,211,Occasional
6509,2025-10-27,2024-10-16,12,78616.35,66,4,5,5,455,High Value
6510,2025-10-26,2024-09-29,11,178464.47,67,4,5,5,455,High Value
6511,2025-05-14,2024-10-11,4,13314.61,232,3,3,2,332,Loyal
6512,2025-11-22,2025-10-18,2,4018.69,40,4,2,1,421,New
6514,2025-01-31,2024-11-11,3,29627.84,335,2,3,4,234,At Risk
6515,2024-11-23,2024-10-04,3,14650.17,404,2,3,3,233,At Risk
6516,2025-01-19,2024-10-21,3,68592.15,347,2,3,5,235,At Risk
6517,2025-09-21,2024-09-24,4,45364.56,102,3,3,4,334,Loyal
6518,2025-02-02,2025-02-02,1,343.95,333,2,1,1,211,Occasional
6519,2025-12-25,2025-12-25,1,2072.56,7,5,1,1,511,New
6520,2024-11-04,2024-10-06,2,5703.42,423,2,2,2,222,Occasional
6521,2025-12-29,2024-11-05,4,49070.02,3,5,3,4,534,Loyal
6522,2025-08-28,2024-11-06,8,57501.93,126,3,5,4,354,High Value
6523,2025-10-05,2025-04-05,3,18106.46,88,4,3,3,433,Loyal
6525,2025-01-02,2024-09-18,3,30653.73,364,2,3,4,234,At Risk
6526,2025-04-11,2025-04-11,1,16858.68,265,3,1,3,313,Occasional
6527,2025-03-13,2024-12-23,3,6088.71,294,2,3,2,232,At Risk
6528,2025-04-19,2024-10-11,2,1106.42,257,3,2,1,321,Occasional
6530,2025-12-06,2025-12-06,1,670.21,26,5,1,1,511,New
6531,2025-12-21,2024-12-15,10,43978.61,11,5,5,4,554,High Value
6532,2025-12-12,2024-10-08,22,178205.62,20,5,5,5,555,High Value
6533,2025-05-30,2025-01-24,4,18754.84,216,3,3,3,333,Loyal
6534,2025-06-08,2024-10-19,5,55329.45,207,3,4,4,344,High Value
6535,2025-12-19,2024-10-19,8,43073.16,13,5,5,4,554,High Value
6536,2025-06-28,2024-10-01,4,55440.69,187,3,3,4,334,Loyal
6537,2024-11-08,2024-11-08,1,53041.93,419,2,1,4,214,At Risk
6538,2025-10-18,2025-05-24,3,12082.38,75,4,3,2,432,Loyal
6539,2025-11-16,2024-09-30,7,43403.84,46,4,4,4,444,High Value
6540,2025-12-23,2024-10-11,7,69284.54,9,5,4,5,545,High Value
6541,2025-11-09,2024-05-20,45,300385.15,53,4,5,5,455,High Value
6542,2025-10-19,2025-02-01,2,19758.93,74,4,2,3,423,Occasional
6543,2024-11-19,2024-11-19,1,19322.67,408,2,1,3,213,Occasional
6544,2025-02-09,2024-10-17,3,26865.38,326,2,3,3,233,At Risk
6545,2025-12-06,2025-09-09,2,5012.46,26,5,2,2,522,Occasional
6547,2025-12-14,2024-10-01,10,50119.09,18,5,5,4,554,High Value
6548,2025-03-23,2024-11-02,4,19364.85,284,2,3,3,233,At Risk
6550,2024-10-21,2024-10-21,1,7211.32,437,2,1,2,212,Occasional
6551,2025-12-08,2024-09-18,6,47372.05,24,5,4,4,544,High Value
6552,2024-12-10,2024-12-10,1,888.26,387,2,1,1,211,Occasional
6553,2025-08-23,2025-08-19,2,20279.4,131,3,2,3,323,Occasional
6554,2025-05-05,2025-02-13,2,8838.79,241,3,2,2,322,Occasional
6555,2025-11-20,2024-12-27,3,32162.93,42,4,3,4,434,Loyal
6556,2024-11-21,2024-11-21,1,3601.94,406,2,1,1,211,Occasional
6557,2024-11-17,2024-11-17,1,2884.44,410,2,1,1,211,Occasional
6558,2025-05-30,2024-10-12,10,106106.33,216,3,5,5,355,High Value
6560,2025-10-21,2024-10-22,7,51106.21,72,4,4,4,444,High Value
6561,2025-04-29,2024-10-08,4,54139.26,247,3,3,4,334,Loyal
6564,2025-11-15,2024-09-28,9,40350.31,47,4,5,4,454,High Value
6565,2025-11-04,2025-11-04,1,1405.0,58,4,1,1,411,New
6566,2025-06-04,2025-03-13,2,44025.73,211,3,2,4,324,Occasional
6567,2024-10-15,2024-10-15,1,5689.0,443,2,1,2,212,Occasional
6568,2025-07-15,2024-11-16,5,50484.14,170,3,4,4,344,High Value
6569,2025-11-03,2025-04-07,5,33041.74,59,4,4,4,444,High Value
6570,2025-11-18,2024-10-08,4,21476.19,44,4,3,3,433,Loyal
6572,2024-09-29,2024-09-29,1,916.34,459,2,1,1,211,Occasional
6573,2025-11-27,2025-01-12,7,84499.98,35,5,4,5,545,High Value
6574,2025-10-23,2025-05-31,3,33856.19,70,4,3,4,434,Loyal
6575,2025-10-23,2024-09-29,4,7473.99,70,4,3,2,432,Loyal
6576,2024-11-04,2024-11-04,1,11401.84,423,2,1,2,212,Occasional
6577,2025-08-31,2024-09-29,10,287986.39,123,3,5,5,355,High Value
6578,2025-08-25,2025-08-25,1,5553.14,129,3,1,2,312,Occasional
6579,2025-12-12,2024-09-24,20,300319.24,20,5,5,5,555,High Value
6580,2025-09-03,2024-11-05,3,33526.53,120,3,3,4,334,Loyal
6581,2025-12-14,2024-09-25,42,288443.54,18,5,5,5,555,High Value
6583,2025-11-08,2024-10-01,4,44475.07,54,4,3,4,434,Loyal
6584,2025-09-03,2025-01-19,6,27040.33,120,3,4,3,343,Loyal
6585,2025-03-22,2024-10-30,3,14278.65,285,2,3,3,233,At Risk
6586,2025-11-30,2024-11-26,2,6038.13,32,5,2,2,522,Occasional
6587,2025-01-22,2024-10-18,2,5806.53,344,2,2,2,222,Occasional
6588,2025-08-02,2025-08-02,1,660.59,152,3,1,1,311,Occasional
6590,2025-10-06,2025-07-18,3,21922.36,87,4,3,3,433,Loyal
6591,2025-12-25,2024-09-21,104,710784.72,7,5,5,5,555,High Value
6592,2025-01-22,2024-10-26,4,17224.56,344,2,3,3,233,At Risk
6593,2025-10-15,2024-10-26,4,10770.01,78,4,3,2,432,Loyal
6594,2025-07-02,2024-10-02,13,100156.85,183,3,5,5,355,High Value
6596,2025-10-08,2025-03-08,2,21149.45,85,4,2,3,423,Occasional
6597,2025-06-23,2025-06-23,1,1571.08,192,3,1,1,311,Occasional
6598,2025-10-05,2025-05-10,2,5860.43,88,4,2,2,422,Occasional
6599,2025-08-29,2024-11-28,6,93970.44,125,3,4,5,345,High Value
6600,2025-08-02,2024-10-19,6,30833.07,152,3,4,4,344,High Value
6601,2025-04-19,2024-11-19,4,10231.78,257,3,3,2,332,Loyal
6602,2025-03-25,2025-03-25,1,2007.56,282,2,1,1,211,Occasional
6603,2025-12-09,2024-12-05,16,73086.66,23,5,5,5,555,High Value
6605,2024-10-30,2024-10-30,1,2288.68,428,2,1,1,211,Occasional
6607,2025-01-12,2024-09-26,3,4535.52,354,2,3,2,232,At Risk
6608,2025-08-05,2025-06-12,2,16420.9,149,3,2,3,323,Occasional
6609,2025-06-18,2024-11-04,3,8639.18,197,3,3,2,332,Loyal
6610,2025-10-13,2024-11-23,4,220384.49,80,4,3,5,435,Loyal
6611,2025-10-29,2024-10-30,17,210104.34,64,4,5,5,455,High Value
6612,2025-07-13,2024-10-15,7,100850.68,172,3,4,5,345,High Value
6613,2025-10-31,2025-05-02,3,33841.11,62,4,3,4,434,Loyal
6614,2025-10-27,2025-10-27,1,604.83,66,4,1,1,411,New
6615,2025-12-29,2025-03-14,4,10401.25,3,5,3,2,532,Loyal
6617,2025-12-11,2025-12-11,1,7484.45,21,5,1,2,512,New
6618,2024-12-22,2024-12-16,2,16275.69,375,2,2,3,223,Occasional
6620,2025-12-07,2024-10-02,23,142404.94,25,5,5,5,555,High Value
6621,2024-11-10,2024-11-10,1,16878.94,417,2,1,3,213,Occasional
6623,2025-12-19,2024-11-15,3,2917.89,13,5,3,1,531,Loyal
6624,2024-09-27,2024-09-27,1,2400.06,461,2,1,1,211,Occasional
6625,2024-11-02,2024-11-02,1,1172.29,425,2,1,1,211,Occasional
6626,2025-09-24,2024-11-25,2,44543.01,99,3,2,4,324,Occasional
6627,2025-07-25,2025-07-25,1,16317.12,160,3,1,3,313,Occasional
6630,2025-05-02,2024-10-05,6,35622.93,244,3,4,4,344,High Value
6631,2025-11-22,2025-01-21,3,48155.26,40,4,3,4,434,Loyal
6633,2025-03-01,2025-03-01,1,1809.14,306,2,1,1,211,Occasional
6634,2025-12-13,2024-10-26,9,49765.23,19,5,5,4,554,High Value
6635,2025-08-27,2024-11-13,5,26509.63,127,3,4,3,343,Loyal
6637,2025-11-17,2024-10-18,11,77862.68,45,4,5,5,455,High Value
6638,2025-03-03,2025-02-16,2,9928.6,304,2,2,2,222,Occasional
6639,2025-12-17,2025-03-06,5,71763.38,15,5,4,5,545,High Value
6641,2024-11-24,2024-10-04,2,10959.35,403,2,2,2,222,Occasional
6642,2025-08-12,2024-10-11,4,27796.29,142,3,3,3,333,Loyal
6643,2025-12-21,2024-12-20,9,52516.92,11,5,5,4,554,High Value
6646,2025-11-06,2025-03-24,2,28503.95,56,4,2,3,423,Occasional
6647,2024-11-29,2024-10-10,2,15826.41,398,2,2,3,223,Occasional
6648,2025-04-20,2024-10-16,8,122720.35,256,3,5,5,355,High Value
6650,2025-08-31,2024-10-14,7,35984.64,123,3,4,4,344,High Value
6651,2025-11-26,2025-03-10,3,7687.79,36,4,3,2,432,Loyal
6653,2024-10-09,2024-10-09,1,31450.38,449,2,1,4,214,At Risk
6654,2025-04-17,2024-10-29,3,10363.82,259,3,3,2,332,Loyal
6655,2025-07-18,2024-11-07,2,2323.73,167,3,2,1,321,Occasional
6656,2024-12-16,2024-12-16,1,24656.52,381,2,1,3,213,Occasional
6658,2025-01-04,2025-01-04,1,4631.63,362,2,1,2,212,Occasional
6659,2025-10-06,2024-10-14,2,2127.43,87,4,2,1,421,Occasional
6660,2025-01-09,2025-01-09,1,2106.9,357,2,1,1,211,Occasional
6661,2024-12-26,2024-12-26,1,870.48,371,2,1,1,211,Occasional
6662,2024-10-03,2024-10-03,1,1077.44,455,2,1,1,211,Occasional
6663,2025-11-13,2025-04-27,3,40010.82,49,4,3,4,434,Loyal
6664,2025-12-21,2024-10-02,9,93103.69,11,5,5,5,555,High Value
6665,2024-10-06,2024-10-06,1,11967.54,452,2,1,2,212,Occasional
6666,2025-04-07,2024-10-22,3,12576.38,269,3,3,2,332,Loyal
6667,2025-12-02,2024-11-29,7,27475.95,30,5,4,3,543,Loyal
6670,2024-10-25,2024-10-25,1,10358.87,433,2,1,2,212,Occasional
6671,2025-08-23,2025-08-23,1,378.67,131,3,1,1,311,Occasional
6672,2025-05-05,2024-10-26,4,38294.96,241,3,3,4,334,Loyal
6674,2025-03-01,2024-11-07,5,36265.13,306,2,4,4,244,At Risk
6675,2025-10-15,2025-10-15,1,1646.57,78,4,1,1,411,New
6676,2025-12-04,2024-12-08,11,137937.89,28,5,5,5,555,High Value
6677,2025-12-18,2024-10-01,64,505517.86,14,5,5,5,555,High Value
6678,2024-11-29,2024-11-17,2,15023.58,398,2,2,3,223,Occasional
6679,2025-10-21,2024-10-11,4,4506.36,72,4,3,2,432,Loyal
6680,2025-01-25,2025-01-25,1,2554.96,341,2,1,1,211,Occasional
6681,2025-10-05,2025-10-05,1,3844.11,88,4,1,1,411,New
6682,2025-05-11,2025-05-11,1,1874.58,235,3,1,1,311,Occasional
6683,2025-08-10,2025-07-20,2,4363.54,144,3,2,1,321,Occasional
6684,2024-12-29,2024-12-29,1,2423.93,368,2,1,1,211,Occasional
6685,2025-06-10,2024-11-30,2,14919.46,205,3,2,3,323,Occasional
6687,2025-03-02,2024-10-29,5,17545.32,305,2,4,3,243,At Risk
6688,2024-12-28,2024-12-28,1,6700.77,369,2,1,2,212,Occasional
6689,2025-12-06,2024-10-05,11,39413.47,26,5,5,4,554,High Value
6690,2024-10-07,2024-10-07,1,2306.36,451,2,1,1,211,Occasional
6691,2025-11-14,2024-10-04,5,66259.45,48,4,4,5,445,High Value
6692,2025-01-08,2024-11-06,2,7340.88,358,2,2,2,222,Occasional
6693,2024-11-09,2024-11-09,1,13275.03,418,2,1,2,212,Occasional
6694,2025-12-04,2024-12-24,3,16040.6,28,5,3,3,533,Loyal
6696,2025-10-29,2025-10-29,1,1960.98,64,4,1,1,411,New
6697,2024-11-18,2024-11-18,1,881.09,409,2,1,1,211,Occasional
6698,2025-08-14,2025-08-14,1,3371.23,140,3,1,1,311,Occasional
6699,2025-05-23,2025-05-23,1,8430.48,223,3,1,2,312,Occasional
6700,2025-07-27,2024-11-03,3,25432.94,158,3,3,3,333,Loyal
6701,2025-11-16,2024-10-05,4,15633.99,46,4,3,3,433,Loyal
6703,2024-12-10,2024-12-10,1,1131.62,387,2,1,1,211,Occasional
6704,2024-10-02,2024-10-02,1,237.8,456,2,1,1,211,Occasional
6705,2025-10-26,2025-03-25,2,28566.08,67,4,2,3,423,Occasional
6706,2025-11-17,2024-10-07,5,87574.25,45,4,4,5,445,High Value
6707,2025-11-23,2024-11-19,8,52239.24,39,4,5,4,454,High Value
6709,2025-08-13,2024-10-20,7,38948.54,141,3,4,4,344,High Value
6710,2025-12-31,2024-11-07,17,106774.13,1,5,5,5,555,High Value
6712,2025-12-14,2024-10-06,18,55531.56,18,5,5,4,554,High Value
6714,2025-11-21,2025-04-19,3,10598.27,41,4,3,2,432,Loyal
6715,2025-11-10,2025-03-16,5,29029.6,52,4,4,3,443,Loyal
6716,2025-11-10,2024-11-09,2,18227.73,52,4,2,3,423,Occasional
6717,2025-11-08,2024-10-07,2,5871.01,54,4,2,2,422,Occasional
6718,2025-02-13,2024-10-04,7,51608.21,322,2,4,4,244,At Risk
6720,2025-10-19,2024-10-10,4,25541.52,74,4,3,3,433,Loyal
6721,2025-04-24,2024-10-06,8,49880.89,252,3,5,4,354,High Value
6722,2025-03-27,2025-03-27,1,1077.6,280,2,1,1,211,Occasional
6723,2025-12-06,2024-10-06,15,190299.08,26,5,5,5,555,High Value
6725,2025-11-29,2025-02-22,2,23212.43,33,5,2,3,523,Occasional
6726,2025-10-30,2024-10-19,5,33176.44,63,4,4,4,444,High Value
6727,2024-10-23,2024-10-23,1,8703.82,435,2,1,2,212,Occasional
6728,2025-12-05,2025-12-05,1,8054.83,27,5,1,2,512,New
6731,2025-10-11,2025-10-11,1,3906.58,82,4,1,1,411,New
6732,2025-12-25,2024-11-02,9,69981.76,7,5,5,5,555,High Value
6734,2025-09-13,2024-12-29,3,37104.71,110,3,3,4,334,Loyal
6735,2025-08-12,2024-10-05,4,38944.28,142,3,3,4,334,Loyal
6736,2025-09-01,2024-10-28,2,2806.86,122,3,2,1,321,Occasional
6737,2025-11-27,2024-10-26,7,27065.75,35,5,4,3,543,Loyal
6738,2025-10-15,2024-11-27,5,58570.55,78,4,4,4,444,High Value
6739,2025-11-06,2025-04-29,3,6068.1,56,4,3,2,432,Loyal
6740,2025-07-08,2024-11-19,6,40954.79,177,3,4,4,344,High Value
6741,2025-11-14,2025-04-02,2,2597.14,48,4,2,1,421,Occasional
6742,2025-10-16,2024-10-30,4,11787.45,77,4,3,2,432,Loyal
6743,2025-09-30,2025-07-22,3,11141.73,93,4,3,2,432,Loyal
6744,2025-04-23,2024-11-09,6,143441.58,253,3,4,5,345,High Value
6746,2025-12-13,2024-12-30,5,21761.68,19,5,4,3,543,Loyal
6747,2025-09-28,2025-09-05,2,2906.1,95,4,2,1,421,Occasional
6748,2025-12-04,2024-10-06,9,88984.74,28,5,5,5,555,High Value
6749,2025-12-15,2024-10-24,16,163581.07,17,5,5,5,555,High Value
6750,2025-11-15,2024-10-15,5,31345.58,47,4,4,4,444,High Value
6751,2025-12-16,2024-10-14,15,66870.4,16,5,5,5,555,High Value
6752,2025-12-16,2024-11-15,8,109706.54,16,5,5,5,555,High Value
6753,2025-07-26,2025-07-26,1,6936.74,159,3,1,2,312,Occasional
6754,2025-02-09,2025-02-09,1,17431.39,326,2,1,3,213,Occasional
6755,2025-05-22,2025-05-22,1,68020.09,224,3,1,5,315,Occasional
6757,2025-07-01,2024-10-09,9,44856.32,184,3,5,4,354,High Value
6758,2025-02-04,2025-02-04,1,1781.4,331,2,1,1,211,Occasional
6759,2025-11-12,2024-10-16,2,8855.12,50,4,2,2,422,Occasional
6760,2025-10-05,2024-10-18,6,37103.53,88,4,4,4,444,High Value
6761,2025-11-20,2024-05-20,10,74378.47,42,4,5,5,455,High Value
6762,2025-05-22,2024-10-31,4,52098.18,224,3,3,4,334,Loyal
6763,2025-09-20,2025-07-10,2,11555.17,103,3,2,2,322,Occasional
6764,2025-03-16,2025-03-16,1,4231.92,291,2,1,1,211,Occasional
6767,2025-02-23,2025-02-23,1,4666.29,312,2,1,2,212,Occasional
6768,2025-01-25,2025-01-19,2,17074.63,341,2,2,3,223,Occasional
6769,2025-12-28,2024-11-09,9,56114.94,4,5,5,4,554,High Value
6770,2025-02-11,2024-11-13,3,17012.63,324,2,3,3,233,At Risk
6771,2025-08-18,2024-10-31,5,27875.79,136,3,4,3,343,Loyal
6772,2025-08-10,2025-08-10,1,6140.56,144,3,1,2,312,Occasional
6773,2024-12-01,2024-12-01,1,7354.15,396,2,1,2,212,Occasional
6774,2024-12-29,2024-11-28,2,19254.92,368,2,2,3,223,Occasional
6775,2025-05-03,2024-10-18,3,2639.77,243,3,3,1,331,Loyal
6776,2024-11-01,2024-11-01,1,7965.73,426,2,1,2,212,Occasional
6777,2025-05-25,2025-01-28,3,40503.7,221,3,3,4,334,Loyal
6778,2025-11-27,2024-11-07,15,93582.79,35,5,5,5,555,High Value
6780,2025-08-21,2025-04-18,2,20776.89,133,3,2,3,323,Occasional
6781,2025-06-20,2025-06-20,1,635.0,195,3,1,1,311,Occasional
6783,2025-11-16,2024-11-06,3,7173.54,46,4,3,2,432,Loyal
6784,2025-07-04,2025-07-04,1,26904.42,181,3,1,3,313,Occasional
6785,2025-08-10,2024-11-17,2,11745.36,144,3,2,2,322,Occasional
6787,2025-02-24,2025-02-24,1,1377.15,311,2,1,1,211,Occasional
6788,2025-08-07,2024-10-25,6,42399.4,147,3,4,4,344,High Value
6789,2025-10-17,2024-11-18,4,4162.24,76,4,3,1,431,Loyal
6790,2025-02-18,2024-10-12,3,11740.94,317,2,3,2,232,At Risk
6791,2025-01-02,2024-10-16,9,165268.4,364,2,5,5,255,At Risk
6793,2025-06-13,2024-11-07,3,13820.89,202,3,3,2,332,Loyal
6794,2025-10-16,2025-01-15,4,15996.97,77,4,3,3,433,Loyal
6795,2025-12-15,2024-11-01,3,70308.52,17,5,3,5,535,Loyal
6796,2025-02-01,2024-11-28,3,30010.01,334,2,3,4,234,At Risk
6797,2025-10-23,2024-11-21,4,45606.5,70,4,3,4,434,Loyal
6798,2025-04-26,2025-04-26,1,16646.53,250,3,1,3,313,Occasional
6799,2025-08-17,2025-08-17,1,4608.21,137,3,1,2,312,Occasional
6800,2025-04-08,2025-04-08,1,2372.54,268,3,1,1,311,Occasional
6801,2024-12-07,2024-12-07,1,2220.6,390,2,1,1,211,Occasional
6802,2025-10-09,2024-11-16,6,10353.03,84,4,4,2,442,Loyal
6803,2025-12-06,2025-01-03,3,31148.84,26,5,3,4,534,Loyal
6805,2025-12-22,2024-11-28,14,104656.1,10,5,5,5,555,High Value
6806,2024-12-05,2024-11-24,2,6237.2,392,2,2,2,222,Occasional
6807,2025-12-19,2024-10-11,39,230814.97,13,5,5,5,555,High Value
6808,2025-11-03,2025-04-05,3,40663.24,59,4,3,4,434,Loyal
6809,2025-11-29,2024-10-11,5,36446.93,33,5,4,4,544,High Value
6810,2025-09-12,2024-10-13,6,48800.83,111,3,4,4,344,High Value
6811,2025-08-30,2024-11-19,4,70271.39,124,3,3,5,335,Loyal
6812,2025-08-21,2024-10-14,6,40760.29,133,3,4,4,344,High Value
6814,2025-08-19,2024-10-18,3,46294.71,135,3,3,4,334,Loyal
6815,2024-11-03,2024-11-03,1,3176.31,424,2,1,1,211,Occasional
6816,2025-03-01,2025-03-01,1,718.4,306,2,1,1,211,Occasional
6817,2025-02-05,2024-11-25,2,1746.85,330,2,2,1,221,Occasional
6818,2025-08-01,2025-03-14,4,11315.64,153,3,3,2,332,Loyal
6819,2024-11-17,2024-11-17,1,8373.19,410,2,1,2,212,Occasional
6820,2024-10-16,2024-10-16,1,3844.15,442,2,1,1,211,Occasional
6821,2025-03-23,2025-03-23,1,7264.45,284,2,1,2,212,Occasional
6822,2025-10-05,2024-10-21,3,5582.02,88,4,3,2,432,Loyal
6823,2025-12-30,2024-10-29,25,167335.11,2,5,5,5,555,High Value
6825,2025-12-07,2024-10-14,34,324658.76,25,5,5,5,555,High Value
6826,2025-03-29,2025-01-01,2,15163.76,278,2,2,3,223,Occasional
6828,2025-12-01,2024-10-27,7,42052.28,31,5,4,4,544,High Value
6829,2025-07-06,2024-11-07,5,33537.32,179,3,4,4,344,High Value
6832,2025-08-22,2024-11-11,3,7740.77,132,3,3,2,332,Loyal
6833,2024-11-20,2024-11-20,1,1440.04,407,2,1,1,211,Occasional
6834,2024-12-03,2024-12-03,1,13306.18,394,2,1,2,212,Occasional
6835,2024-12-16,2024-11-23,3,30524.14,381,2,3,4,234,At Risk
6836,2024-11-07,2024-11-07,1,15769.79,420,2,1,3,213,Occasional
6837,2025-11-24,2025-06-21,3,35857.57,38,4,3,4,434,Loyal
6838,2025-06-15,2025-06-15,1,1549.45,200,3,1,1,311,Occasional
6840,2025-07-24,2024-11-01,2,8088.5,161,3,2,2,322,Occasional
6841,2025-12-13,2024-10-17,9,100093.7,19,5,5,5,555,High Value
6843,2025-12-14,2025-01-15,4,25111.29,18,5,3,3,533,Loyal
6845,2025-11-16,2025-07-11,3,78260.61,46,4,3,5,435,Loyal
6846,2025-11-22,2025-11-22,1,738.84,40,4,1,1,411,New
6847,2025-11-30,2025-05-20,3,12057.68,32,5,3,2,532,Loyal
6849,2025-06-18,2024-12-27,6,17326.2,197,3,4,3,343,Loyal
6850,2025-12-25,2024-10-28,7,28622.25,7,5,4,3,543,Loyal
6851,2025-11-29,2025-11-29,1,19792.9,33,5,1,3,513,New
6852,2025-11-23,2024-11-23,12,85545.84,39,4,5,5,455,High Value
6853,2025-06-20,2024-12-31,3,14359.49,195,3,3,3,333,Loyal
6854,2024-11-16,2024-11-16,1,1729.26,411,2,1,1,211,Occasional
6855,2025-10-31,2024-12-16,4,17485.84,62,4,3,3,433,Loyal
6858,2025-10-29,2025-10-29,1,16023.31,64,4,1,3,413,New
6859,2024-12-02,2024-12-02,1,2338.12,395,2,1,1,211,Occasional
6860,2025-07-05,2025-07-05,1,7969.98,180,3,1,2,312,Occasional
6861,2025-11-28,2024-10-16,13,51004.46,34,5,5,4,554,High Value
6862,2025-04-14,2024-11-06,3,5917.25,262,3,3,2,332,Loyal
6863,2025-02-27,2024-11-09,4,8328.97,308,2,3,2,232,At Risk
6864,2025-10-23,2025-04-12,2,21997.7,70,4,2,3,423,Occasional
6865,2025-06-25,2025-04-01,2,3668.41,190,3,2,1,321,Occasional
6866,2025-12-29,2025-01-13,4,20248.89,3,5,3,3,533,Loyal
6867,2025-12-06,2024-12-10,3,25789.97,26,5,3,3,533,Loyal
6869,2025-04-14,2024-12-05,3,30008.51,262,3,3,4,334,Loyal
6870,2025-12-08,2024-11-21,19,141408.49,24,5,5,5,555,High Value
6871,2025-06-12,2024-11-17,2,217062.78,203,3,2,5,325,Occasional
6872,2025-11-29,2024-11-05,35,213573.74,33,5,5,5,555,High Value
6874,2025-12-07,2024-10-17,2,23853.55,25,5,2,3,523,Occasional
6875,2025-12-21,2025-02-05,7,106773.87,11,5,4,5,545,High Value
6876,2025-09-03,2025-03-28,3,19292.5,120,3,3,3,333,Loyal
6877,2024-11-06,2024-11-06,1,2600.2,421,2,1,1,211,Occasional
6879,2025-09-25,2025-02-22,3,7940.02,98,3,3,2,332,Loyal
6880,2024-11-25,2024-11-17,2,5595.77,402,2,2,2,222,Occasional
6881,2024-12-27,2024-11-02,2,7550.7,370,2,2,2,222,Occasional
6883,2024-11-02,2024-11-02,1,1210.2,425,2,1,1,211,Occasional
6885,2025-08-14,2025-08-14,1,300.79,140,3,1,1,311,Occasional
6887,2025-12-09,2024-10-26,26,171676.65,23,5,5,5,555,High Value
6888,2025-10-20,2024-11-29,3,40146.5,73,4,3,4,434,Loyal
6889,2025-08-30,2025-03-07,6,32383.26,124,3,4,4,344,High Value
6891,2025-07-19,2024-11-09,2,1695.44,166,3,2,1,321,Occasional
6892,2025-03-21,2025-03-15,2,6563.47,286,2,2,2,222,Occasional
6893,2025-12-13,2024-11-22,9,37030.13,19,5,5,4,554,High Value
6896,2025-09-13,2025-05-28,3,3949.09,110,3,3,1,331,Loyal
6899,2025-02-25,2024-11-03,3,10142.01,310,2,3,2,232,At Risk
6900,2025-12-27,2024-10-18,5,31761.54,5,5,4,4,544,High Value
6902,2025-08-09,2024-11-30,3,79880.99,145,3,3,5,335,Loyal
6903,2025-08-22,2024-11-17,7,81200.43,132,3,4,5,345,High Value
6904,2024-12-21,2024-12-06,2,5741.52,376,2,2,2,222,Occasional
6905,2025-12-19,2024-10-29,15,139533.91,13,5,5,5,555,High Value
6906,2025-03-31,2025-03-31,1,3037.73,276,2,1,1,211,Occasional
6909,2025-10-25,2024-10-19,12,83026.93,68,4,5,5,455,High Value
6911,2025-11-05,2025-11-05,1,8732.08,57,4,1,2,412,New
6912,2025-03-15,2024-12-20,2,10407.53,292,2,2,2,222,Occasional
6913,2025-11-12,2024-11-04,12,91105.05,50,4,5,5,455,High Value
6915,2025-02-11,2025-01-17,2,5331.05,324,2,2,2,222,Occasional
6916,2025-01-17,2024-12-27,2,15386.06,349,2,2,3,223,Occasional
6917,2024-11-16,2024-11-16,1,4098.22,411,2,1,1,211,Occasional
6918,2025-08-16,2024-12-13,7,74227.03,138,3,4,5,345,High Value
6919,2025-11-22,2024-10-27,7,35414.13,40,4,4,4,444,High Value
6921,2025-11-14,2025-07-01,3,22255.7,48,4,3,3,433,Loyal
6922,2025-07-30,2024-11-22,2,8656.97,155,3,2,2,322,Occasional
6924,2025-11-17,2024-11-15,4,9121.71,45,4,3,2,432,Loyal
6925,2025-09-12,2024-10-26,4,49533.88,111,3,3,4,334,Loyal
6926,2025-08-08,2024-11-12,7,105131.68,146,3,4,5,345,High Value
6927,2025-11-14,2025-04-28,3,7221.52,48,4,3,2,432,Loyal
6929,2025-10-12,2025-01-04,5,20252.09,81,4,4,3,443,Loyal
6931,2025-09-02,2024-11-23,6,52662.25,121,3,4,4,344,High Value
6933,2025-12-29,2024-10-23,22,101853.79,3,5,5,5,555,High Value
6934,2024-12-05,2024-12-05,1,1300.57,392,2,1,1,211,Occasional
6936,2025-11-27,2025-11-27,1,9263.15,35,5,1,2,512,New
6937,2025-02-09,2025-02-02,2,18615.04,326,2,2,3,223,Occasional
6938,2025-10-28,2024-10-22,4,11709.87,65,4,3,2,432,Loyal
6939,2025-02-20,2025-02-20,1,5529.84,315,2,1,2,212,Occasional
6940,2024-12-01,2024-11-03,5,9597.18,396,2,4,2,242,At Risk
6941,2025-12-02,2024-11-18,10,31874.42,30,5,5,4,554,High Value
6942,2025-10-01,2024-11-06,5,40495.79,92,4,4,4,444,High Value
6943,2025-10-10,2024-11-11,8,67378.66,83,4,5,5,455,High Value
6944,2025-04-19,2024-12-21,4,8677.69,257,3,3,2,332,Loyal
6945,2025-11-06,2024-11-19,4,15935.41,56,4,3,3,433,Loyal
6946,2025-03-08,2025-03-08,1,3520.23,299,2,1,1,211,Occasional
6948,2025-02-11,2024-10-28,4,37775.08,324,2,3,4,234,At Risk
6949,2025-08-21,2025-01-02,2,8299.92,133,3,2,2,322,Occasional
6951,2025-01-24,2025-01-24,1,467.95,342,2,1,1,211,Occasional
6952,2025-09-27,2025-07-15,3,42548.37,96,4,3,4,434,Loyal
6953,2025-12-13,2024-12-23,18,295908.92,19,5,5,5,555,High Value
6955,2025-12-05,2024-10-28,16,130337.38,27,5,5,5,555,High Value
6957,2025-06-02,2024-11-13,3,11482.97,213,3,3,2,332,Loyal
6958,2025-12-04,2024-11-08,3,6465.34,28,5,3,2,532,Loyal
6959,2025-12-05,2025-12-05,1,3135.88,27,5,1,1,511,New
6961,2025-12-15,2024-10-28,42,322926.99,17,5,5,5,555,High Value
6962,2025-08-25,2024-11-04,6,17795.14,129,3,4,3,343,Loyal
6963,2025-09-08,2024-11-16,7,119816.02,115,3,4,5,345,High Value
6964,2025-12-26,2024-10-25,3,26927.01,6,5,3,3,533,Loyal
6965,2025-07-07,2024-12-20,3,16200.72,178,3,3,3,333,Loyal
6966,2025-12-03,2025-01-26,3,37073.35,29,5,3,4,534,Loyal
6967,2024-11-02,2024-11-02,1,2423.3,425,2,1,1,211,Occasional
6968,2025-07-19,2025-07-19,1,5032.8,166,3,1,2,312,Occasional
6969,2024-12-12,2024-12-12,1,829.55,385,2,1,1,211,Occasional
6970,2025-08-25,2024-11-06,3,3403.26,129,3,3,1,331,Loyal
6971,2025-09-28,2024-10-26,10,78110.24,95,4,5,5,455,High Value
6973,2025-05-01,2025-02-17,2,21768.22,245,3,2,3,323,Occasional
6974,2024-11-30,2024-11-15,2,2163.21,397,2,2,1,221,Occasional
6975,2025-11-14,2024-12-16,10,96423.59,48,4,5,5,455,High Value
6976,2025-02-25,2025-02-25,1,3307.91,310,2,1,1,211,Occasional
6978,2025-05-03,2025-01-18,2,8316.31,243,3,2,2,322,Occasional
6979,2025-12-22,2024-10-29,6,108618.12,10,5,4,5,545,High Value
6980,2024-10-31,2024-10-31,1,30391.82,427,2,1,4,214,At Risk
6981,2025-10-08,2025-03-24,5,18205.13,85,4,4,3,443,Loyal
6982,2025-10-25,2025-04-22,6,68801.38,68,4,4,5,445,High Value
6983,2025-03-17,2024-11-19,4,45883.69,290,2,3,4,234,At Risk
6984,2025-12-06,2024-12-12,9,96764.02,26,5,5,5,555,High Value
6985,2025-12-17,2024-11-13,14,111273.07,15,5,5,5,555,High Value
6987,2025-06-12,2024-11-30,2,8115.7,203,3,2,2,322,Occasional
6988,2025-11-15,2025-05-30,4,27523.1,47,4,3,3,433,Loyal
6989,2025-06-13,2024-10-31,33,161780.71,202,3,5,5,355,High Value
6990,2025-12-06,2024-11-19,8,40683.35,26,5,5,4,554,High Value
6992,2025-11-13,2024-12-24,3,30717.68,49,4,3,4,434,Loyal
6993,2025-11-08,2025-07-17,4,18486.15,54,4,3,3,433,Loyal
6994,2025-10-17,2024-12-08,12,61758.23,76,4,5,5,455,High Value
6995,2025-01-06,2024-12-22,2,5214.14,360,2,2,2,222,Occasional
6996,2025-07-07,2024-11-05,6,165261.0,178,3,4,5,345,High Value
6997,2025-11-23,2025-04-03,5,68137.77,39,4,4,5,445,High Value
6998,2025-12-14,2024-12-25,5,42789.89,18,5,4,4,544,High Value
6999,2025-09-03,2024-11-01,3,11011.87,120,3,3,2,332,Loyal
7000,2025-04-27,2025-04-27,1,17281.86,249,3,1,3,313,Occasional
7002,2025-12-01,2025-01-23,6,51990.19,31,5,4,4,544,High Value
7004,2025-01-14,2025-01-14,1,33193.01,352,2,1,4,214,At Risk
7005,2025-11-16,2025-11-16,1,13539.58,46,4,1,2,412,New
7006,2025-09-05,2025-09-05,1,2535.49,118,3,1,1,311,Occasional
7007,2025-03-20,2025-03-20,1,3936.81,287,2,1,1,211,Occasional
7009,2025-04-11,2024-12-03,3,65309.56,265,3,3,5,335,Loyal
7011,2025-02-05,2025-02-05,1,50739.64,330,2,1,4,214,At Risk
7012,2025-04-24,2025-02-02,2,4198.28,252,3,2,1,321,Occasional
7013,2025-11-22,2024-12-13,9,39989.17,40,4,5,4,454,High Value
7014,2025-08-30,2024-12-16,4,5630.22,124,3,3,2,332,Loyal
7015,2025-01-23,2025-01-23,1,2516.29,343,2,1,1,211,Occasional
7016,2025-10-29,2025-09-19,2,38114.33,64,4,2,4,424,Occasional
7017,2025-11-14,2025-05-06,2,3171.42,48,4,2,1,421,Occasional
7018,2024-12-29,2024-12-29,1,3706.87,368,2,1,1,211,Occasional
7019,2024-11-11,2024-11-11,1,709.38,416,2,1,1,211,Occasional
7020,2025-11-20,2025-09-14,3,25881.18,42,4,3,3,433,Loyal
7021,2025-06-20,2024-11-01,7,27614.07,195,3,4,3,343,Loyal
7022,2025-11-26,2025-03-25,3,85656.49,36,4,3,5,435,Loyal
7023,2025-12-27,2024-05-20,16,131196.34,5,5,5,5,555,High Value
7024,2025-11-24,2024-12-14,5,6985.71,38,4,4,2,442,Loyal
7025,2025-10-10,2025-03-19,4,56193.44,83,4,3,4,434,Loyal
7026,2024-12-10,2024-12-10,1,1401.97,387,2,1,1,211,Occasional
7027,2025-10-19,2024-11-23,4,21182.96,74,4,3,3,433,Loyal
7028,2025-11-18,2025-11-18,1,218.21,44,4,1,1,411,New
7029,2025-08-10,2025-01-11,4,20745.36,144,3,4,3,343,Loyal
7030,2025-02-26,2025-02-11,3,22878.11,309,2,3,3,233,At Risk
7031,2024-12-18,2024-12-18,1,493.01,379,2,1,1,211,Occasional
7032,2025-09-07,2024-11-24,2,13173.32,116,3,2,2,322,Occasional
7033,2025-04-10,2025-04-10,1,2813.35,266,3,1,1,311,Occasional
7034,2025-11-28,2024-11-24,14,136381.38,34,5,5,5,555,High Value
7036,2025-10-08,2025-10-08,1,1874.58,85,4,1,1,411,New
7040,2025-02-03,2025-02-03,1,3347.66,332,2,1,1,211,Occasional
7041,2025-11-06,2025-08-10,2,2092.62,56,4,2,1,421,Occasional
7042,2024-11-12,2024-11-12,1,173.89,415,2,1,1,211,Occasional
7044,2025-07-18,2024-11-07,12,82092.38,167,3,5,5,355,High Value
7045,2025-07-13,2024-11-02,7,28759.96,172,3,4,3,343,Loyal
7046,2025-02-25,2025-02-25,1,409.98,310,2,1,1,211,Occasional
7047,2025-03-04,2024-11-09,4,12659.34,303,2,4,2,242,At Risk
7048,2024-11-25,2024-11-25,1,15181.29,402,2,1,3,213,Occasional
7049,2025-03-18,2025-03-18,1,14778.07,289,2,1,3,213,Occasional
7050,2025-12-22,2025-08-13,3,10257.14,10,5,3,2,532,Loyal
7054,2025-10-30,2024-11-02,6,37092.89,63,4,4,4,444,High Value
7056,2025-12-04,2025-04-03,6,66370.47,28,5,4,5,545,High Value
7057,2024-11-04,2024-11-04,1,1294.59,423,2,1,1,211,Occasional
7058,2025-04-05,2025-04-05,1,7974.1,271,2,1,2,212,Occasional
7059,2024-12-04,2024-12-04,1,5858.27,393,2,1,2,212,Occasional
7060,2025-07-07,2025-01-07,3,8405.91,178,3,3,2,332,Loyal
7061,2025-01-29,2025-01-29,1,29989.2,337,2,1,4,214,At Risk
7062,2025-03-31,2024-11-01,3,27722.85,276,2,3,3,233,At Risk
7063,2025-06-18,2024-12-19,2,2005.84,197,3,2,1,321,Occasional
7065,2025-12-23,2024-11-30,5,122448.05,9,5,4,5,545,High Value
7066,2025-11-13,2025-01-21,7,15173.11,49,4,4,3,443,Loyal
7068,2025-12-07,2024-11-09,6,20873.1,25,5,4,3,543,Loyal
7069,2025-05-08,2024-11-09,3,9528.12,238,3,3,2,332,Loyal
7070,2025-12-30,2024-11-25,5,11058.99,2,5,4,2,542,Loyal
7071,2025-05-18,2025-05-18,1,1579.46,228,3,1,1,311,Occasional
7073,2025-06-21,2025-06-21,1,2837.31,194,3,1,1,311,Occasional
7074,2025-12-06,2024-11-22,14,139454.39,26,5,5,5,555,High Value
7075,2025-03-27,2025-02-13,2,4204.66,280,2,2,1,221,Occasional
7076,2025-05-16,2024-11-08,4,35543.24,230,3,4,4,344,High Value
7077,2025-09-28,2024-11-29,7,77038.19,95,4,4,5,445,High Value
7078,2025-12-18,2024-11-17,5,23541.54,14,5,4,3,543,Loyal
7079,2024-12-24,2024-12-24,1,61177.37,373,2,1,4,214,At Risk
7081,2025-09-30,2024-11-20,6,44670.65,93,4,4,4,444,High Value
7085,2025-07-21,2024-11-24,5,56912.55,164,3,4,4,344,High Value
7086,2025-12-16,2025-10-01,2,10061.37,16,5,2,2,522,Occasional
7087,2025-04-20,2025-03-21,2,8140.28,256,3,2,2,322,Occasional
7088,2025-07-27,2025-01-13,2,5905.97,158,3,2,2,322,Occasional
7089,2025-08-15,2024-11-11,3,11980.19,139,3,3,2,332,Loyal
7090,2025-12-23,2024-12-06,10,86614.21,9,5,5,5,555,High Value
7091,2025-10-22,2024-11-12,13,67812.04,71,4,5,5,455,High Value
7092,2025-11-23,2025-03-16,3,69905.96,39,4,3,5,435,Loyal
7093,2025-11-07,2024-11-27,3,29304.58,55,4,3,3,433,Loyal
7094,2025-12-07,2024-12-14,19,112506.05,25,5,5,5,555,High Value
7095,2025-01-30,2025-01-30,1,1733.69,336,2,1,1,211,Occasional
7096,2025-07-08,2024-11-04,5,23815.76,177,3,4,3,343,Loyal
7098,2025-12-27,2024-11-28,6,47507.82,5,5,4,4,544,High Value
7099,2025-08-14,2025-01-21,3,54881.95,140,3,3,4,334,Loyal
7100,2025-11-11,2024-11-09,11,58041.7,51,4,5,4,454,High Value
7101,2025-12-03,2024-11-06,30,298779.82,29,5,5,5,555,High Value
7102,2025-04-20,2024-11-12,3,42314.44,256,3,3,4,334,Loyal
7103,2025-10-12,2024-12-25,5,25825.39,81,4,4,3,443,Loyal
7104,2025-04-21,2025-04-21,1,3403.31,255,3,1,1,311,Occasional
7105,2024-11-06,2024-11-06,1,2373.55,421,2,1,1,211,Occasional
7106,2025-09-22,2025-08-11,3,20539.04,101,3,3,3,333,Loyal
7108,2025-11-20,2024-11-24,3,19439.91,42,4,3,3,433,Loyal
7109,2025-10-03,2024-11-06,11,38006.84,90,4,5,4,454,High Value
7110,2025-05-10,2024-11-08,9,45569.1,236,3,5,4,354,High Value
7111,2025-09-22,2024-11-16,8,54183.28,101,3,5,4,354,High Value
7112,2025-08-26,2024-12-28,3,16496.76,128,3,3,3,333,Loyal
7113,2025-01-15,2024-11-08,3,14011.9,351,2,3,3,233,At Risk
7114,2025-12-04,2025-10-23,2,8206.69,28,5,2,2,522,New
7116,2025-01-25,2024-11-23,5,22889.16,341,2,4,3,243,At Risk
7117,2025-11-04,2025-03-07,2,8684.77,58,4,2,2,422,Occasional
7118,2025-12-31,2025-12-31,1,1553.94,1,5,1,1,511,New
7119,2025-03-04,2024-11-24,3,5771.5,303,2,3,2,232,At Risk
7120,2025-12-03,2025-04-03,3,39298.7,29,5,3,4,534,Loyal
7121,2025-12-31,2025-12-31,1,3074.42,1,5,1,1,511,New
7123,2025-10-06,2025-01-10,6,43777.01,87,4,4,4,444,High Value
7124,2025-11-29,2024-12-08,16,79913.33,33,5,5,5,555,High Value
7125,2024-11-28,2024-11-28,1,759.77,399,2,1,1,211,Occasional
7126,2025-12-27,2024-11-17,10,90381.46,5,5,5,5,555,High Value
7127,2025-05-20,2025-03-12,2,20360.62,226,3,2,3,323,Occasional
7129,2025-12-28,2024-12-12,8,132125.18,4,5,5,5,555,High Value
7130,2025-12-26,2024-11-17,23,232841.34,6,5,5,5,555,High Value
7134,2025-11-19,2024-12-16,14,133921.21,43,4,5,5,455,High Value
7135,2025-12-16,2025-09-12,2,31481.75,16,5,2,4,524,Occasional
7136,2024-12-15,2024-12-15,1,4934.9,382,2,1,2,212,Occasional
7138,2025-11-16,2024-11-26,6,134992.21,46,4,4,5,445,High Value
7139,2025-11-10,2024-12-01,10,33958.8,52,4,5,4,454,High Value
7141,2025-10-14,2024-11-16,9,58011.82,79,4,5,4,454,High Value
7142,2025-11-15,2024-12-05,8,33352.42,47,4,5,4,454,High Value
7143,2025-12-04,2025-11-18,2,3360.91,28,5,2,1,521,New
7145,2025-12-10,2024-12-08,2,8585.36,22,5,2,2,522,Occasional
7146,2025-07-09,2025-07-09,1,1716.61,176,3,1,1,311,Occasional
7147,2025-10-14,2025-01-22,4,53637.84,79,4,4,4,444,High Value
7149,2025-05-03,2025-05-03,1,20526.93,243,3,1,3,313,Occasional
7150,2025-01-25,2025-01-25,1,12462.79,341,2,1,2,212,Occasional
7151,2025-05-29,2025-03-01,3,5061.67,217,3,3,2,332,Loyal
7152,2025-12-26,2024-11-18,6,226302.14,6,5,4,5,545,High Value
7153,2025-11-14,2025-01-05,5,28852.48,48,4,4,3,443,Loyal
7154,2025-12-05,2024-12-04,8,44956.08,27,5,5,4,554,High Value
7155,2025-10-25,2025-02-14,3,42107.28,68,4,3,4,434,Loyal
7156,2025-09-15,2025-02-24,3,9918.43,108,3,3,2,332,Loyal
7157,2025-12-28,2025-12-28,1,20200.98,4,5,1,3,513,New
7158,2025-05-17,2025-05-17,1,2154.71,229,3,1,1,311,Occasional
7159,2024-11-29,2024-11-29,1,8751.81,398,2,1,2,212,Occasional
7160,2025-10-14,2025-01-22,5,33956.94,79,4,4,4,444,High Value
7161,2025-12-29,2024-11-27,7,35201.61,3,5,4,4,544,High Value
7163,2025-09-24,2025-01-20,4,66433.5,99,3,4,5,345,High Value
7166,2025-12-21,2024-11-14,6,51553.99,11,5,4,4,544,High Value
7168,2025-11-19,2025-11-19,1,17291.33,43,4,1,3,413,New
7169,2025-01-15,2025-01-15,1,11403.52,351,2,1,2,212,Occasional
7171,2025-06-03,2024-12-10,6,23973.37,212,3,4,3,343,Loyal
7173,2025-11-01,2025-03-03,12,133515.63,61,4,5,5,455,High Value
7174,2025-07-24,2024-12-12,4,127816.45,161,3,4,5,345,High Value
7175,2025-12-08,2024-11-12,9,52795.42,24,5,5,4,554,High Value
7176,2025-09-20,2024-12-15,5,58721.23,103,3,4,4,344,High Value
7179,2025-01-03,2025-01-03,1,1173.1,363,2,1,1,211,Occasional
7180,2024-12-11,2024-12-11,1,19428.24,386,2,1,3,213,Occasional
7181,2025-01-02,2024-11-21,4,45946.7,364,2,4,4,244,At Risk
7182,2025-09-06,2025-03-09,4,17836.33,117,3,4,3,343,Loyal
7183,2025-11-16,2025-11-16,1,2266.17,46,4,1,1,411,New
7185,2024-12-29,2024-12-29,1,1915.73,368,2,1,1,211,Occasional
7186,2025-12-27,2025-08-02,4,27599.07,5,5,4,3,543,Loyal
7189,2025-02-10,2025-02-10,1,586.55,325,2,1,1,211,Occasional
7190,2025-11-30,2025-09-19,4,26116.09,32,5,4,3,543,Loyal
7191,2025-12-10,2025-01-23,9,34830.6,22,5,5,4,554,High Value
7192,2024-12-08,2024-11-24,3,87565.64,389,2,3,5,235,At Risk
7193,2025-12-08,2024-11-12,4,7452.97,24,5,4,2,542,Loyal
7194,2025-11-19,2025-11-19,1,10155.46,43,4,1,2,412,New
7195,2025-01-16,2024-12-25,2,1599.92,350,2,2,1,221,Occasional
7197,2025-07-05,2025-02-25,4,26892.08,180,3,4,3,343,Loyal
7198,2025-05-25,2024-11-30,4,26899.78,221,3,4,3,343,Loyal
7200,2025-12-09,2024-12-11,2,30427.2,23,5,2,4,524,Occasional
7202,2025-01-04,2025-01-02,2,18411.69,362,2,2,3,223,Occasional
7203,2025-06-15,2024-11-30,2,3595.45,200,3,2,1,321,Occasional
7204,2025-08-22,2024-11-30,2,25988.78,132,3,2,3,323,Occasional
7206,2025-12-06,2025-01-07,8,30780.26,26,5,5,4,554,High Value
7208,2024-11-17,2024-11-17,1,1342.49,410,2,1,1,211,Occasional
7210,2024-12-10,2024-12-10,1,9259.43,387,2,1,2,212,Occasional
7213,2025-10-20,2025-03-23,3,39415.82,73,4,3,4,434,Loyal
7214,2025-11-24,2025-06-08,4,39671.73,38,4,4,4,444,High Value
7215,2025-06-09,2024-12-07,2,24075.51,206,3,2,3,323,Occasional
7218,2025-11-12,2024-11-16,14,50351.71,50,4,5,4,454,High Value
7219,2025-12-04,2025-07-02,2,20408.5,28,5,2,3,523,Occasional
7220,2025-12-08,2025-05-05,6,27116.45,24,5,4,3,543,Loyal
7221,2025-11-14,2025-05-29,6,50085.8,48,4,4,4,444,High Value
7222,2025-05-11,2025-05-11,1,2604.76,235,3,1,1,311,Occasional
7223,2025-11-23,2024-11-17,2,17801.81,39,4,2,3,423,Occasional
7225,2025-12-30,2024-11-24,3,29726.27,2,5,3,4,534,Loyal
7227,2025-06-22,2024-12-31,3,5184.0,193,3,3,2,332,Loyal
7228,2025-09-12,2025-06-20,2,21273.72,111,3,2,3,323,Occasional
7229,2025-06-28,2024-11-26,5,52229.35,187,3,4,4,344,High Value
7230,2024-11-23,2024-11-23,1,29479.94,404,2,1,3,213,Occasional
7231,2025-03-15,2025-03-15,1,1959.48,292,2,1,1,211,Occasional
7233,2025-12-07,2025-12-07,1,1068.67,25,5,1,1,511,New
7234,2025-09-23,2025-05-26,3,39279.28,100,3,3,4,334,Loyal
7235,2025-11-29,2024-12-12,18,204598.54,33,5,5,5,555,High Value
7236,2025-02-07,2025-02-07,1,2771.77,328,2,1,1,211,Occasional
7237,2025-12-11,2024-11-21,10,80973.03,21,5,5,5,555,High Value
7238,2025-12-29,2025-04-18,3,53647.89,3,5,3,4,534,Loyal
7239,2025-11-10,2025-10-27,2,12511.74,52,4,2,2,422,New
7241,2025-06-27,2024-11-28,3,20152.23,188,3,3,3,333,Loyal
7242,2025-01-23,2025-01-23,1,1403.92,343,2,1,1,211,Occasional
7243,2025-12-28,2024-12-17,7,24910.28,4,5,4,3,543,Loyal
7244,2025-05-02,2024-11-16,4,61951.35,244,3,4,5,345,High Value
7246,2025-09-13,2025-05-15,4,6162.74,110,3,4,2,342,Loyal
7247,2025-01-20,2025-01-20,1,20856.22,346,2,1,3,213,Occasional
7248,2025-05-24,2024-12-23,3,7570.94,222,3,3,2,332,Loyal
7249,2025-03-18,2025-03-18,1,446.81,289,2,1,1,211,Occasional
7250,2025-02-02,2024-11-30,3,36666.77,333,2,3,4,234,At Risk
7252,2025-10-08,2025-02-22,2,5579.15,85,4,2,2,422,Occasional
7253,2025-12-19,2025-01-26,6,34550.63,13,5,4,4,544,High Value
7254,2025-04-19,2025-01-18,3,6589.76,257,3,3,2,332,Loyal
7255,2025-09-02,2024-12-11,7,34310.58,121,3,4,4,344,High Value
7256,2025-10-29,2024-12-25,5,53011.08,64,4,4,4,444,High Value
7257,2025-09-25,2024-12-25,3,29704.76,98,3,3,4,334,Loyal
7258,2025-11-06,2024-12-29,8,36455.79,56,4,5,4,454,High Value
7259,2025-02-20,2025-02-20,1,2546.19,315,2,1,1,211,Occasional
7260,2025-10-19,2025-01-12,3,4534.11,74,4,3,2,432,Loyal
7262,2025-07-30,2025-06-22,2,5349.27,155,3,2,2,322,Occasional
7263,2025-02-03,2024-11-21,3,22709.36,332,2,3,3,233,At Risk
7266,2025-07-01,2025-07-01,1,3924.1,184,3,1,1,311,Occasional
7267,2025-11-30,2025-08-13,5,37384.8,32,5,4,4,544,High Value
7268,2025-03-06,2024-11-28,2,18015.5,301,2,2,3,223,Occasional
7270,2025-04-28,2024-12-14,4,11944.63,248,3,4,2,342,Loyal
7271,2025-02-21,2024-11-20,5,46627.16,314,2,4,4,244,At Risk
7272,2025-09-30,2024-12-06,8,31665.18,93,4,5,4,454,High Value
7273,2025-02-15,2025-01-25,3,23661.46,320,2,3,3,233,At Risk
7274,2025-03-27,2024-11-29,9,38878.08,280,2,5,4,254,At Risk
7275,2025-12-20,2024-11-29,5,62357.7,12,5,4,5,545,High Value
7277,2025-11-28,2025-01-12,10,113061.47,34,5,5,5,555,High Value
7278,2025-04-26,2025-04-26,1,8365.74,250,3,1,2,312,Occasional
7279,2025-12-28,2024-12-01,24,226473.93,4,5,5,5,555,High Value
7281,2025-08-17,2024-12-30,5,33218.43,137,3,4,4,344,High Value
7283,2025-08-12,2024-12-29,17,62465.13,142,3,5,5,355,High Value
7284,2025-12-30,2024-11-28,18,139340.3,2,5,5,5,555,High Value
7285,2025-12-11,2024-11-23,21,149936.38,21,5,5,5,555,High Value
7286,2025-10-28,2025-01-12,4,52654.93,65,4,4,4,444,High Value
7287,2024-12-26,2024-12-20,2,12869.47,371,2,2,2,222,Occasional
7289,2025-09-17,2025-01-17,5,13454.45,106,3,4,2,342,Loyal
7290,2025-11-03,2025-01-02,2,3655.54,59,4,2,1,421,Occasional
7291,2025-06-20,2025-06-20,1,19009.83,195,3,1,3,313,Occasional
7292,2025-10-07,2024-12-05,8,38764.98,86,4,5,4,454,High Value
7293,2025-12-29,2024-12-01,27,166480.89,3,5,5,5,555,High Value
7294,2025-12-20,2025-05-03,2,1891.56,12,5,2,1,521,Occasional
7296,2025-12-20,2024-11-23,21,132899.1,12,5,5,5,555,High Value
7297,2025-12-28,2025-01-09,6,33147.58,4,5,4,4,544,High Value
7299,2025-12-07,2024-12-23,9,125221.41,25,5,5,5,555,High Value
7300,2025-01-13,2025-01-13,1,687.41,353,2,1,1,211,Occasional
7301,2025-04-28,2024-12-15,4,17757.87,248,3,4,3,343,Loyal
7302,2025-10-06,2025-03-08,4,14062.74,87,4,4,3,443,Loyal
7303,2025-12-29,2025-05-25,4,39817.71,3,5,4,4,544,High Value
7304,2025-03-17,2025-03-17,1,2555.93,290,2,1,1,211,Occasional
7305,2025-11-29,2025-08-14,4,39706.45,33,5,4,4,544,High Value
7306,2025-05-26,2025-04-17,2,3743.21,220,3,2,1,321,Occasional
7307,2025-01-03,2025-01-03,1,26410.46,363,2,1,3,213,Occasional
7308,2025-01-03,2025-01-03,1,22692.88,363,2,1,3,213,Occasional
7309,2025-04-10,2024-12-12,10,75045.91,266,3,5,5,355,High Value
7310,2025-06-04,2025-01-24,4,41845.33,211,3,4,4,344,High Value
7311,2025-07-09,2025-02-19,2,22024.35,176,3,2,3,323,Occasional
7312,2025-11-11,2025-11-11,1,1421.33,51,4,1,1,411,New
7315,2025-02-14,2025-02-14,1,6288.31,321,2,1,2,212,Occasional
7316,2025-06-12,2025-01-02,5,33865.92,203,3,4,4,344,High Value
7318,2025-07-08,2025-03-22,3,7364.66,177,3,3,2,332,Loyal
7319,2025-04-09,2025-03-22,2,5657.41,267,3,2,2,322,Occasional
7321,2025-02-25,2024-12-01,2,8918.16,310,2,2,2,222,Occasional
7322,2025-08-01,2025-04-24,4,45728.91,153,3,4,4,344,High Value
7323,2025-08-30,2025-04-08,3,32840.08,124,3,3,4,334,Loyal
7324,2025-11-10,2025-01-19,3,7173.93,52,4,3,2,432,Loyal
7328,2025-07-22,2024-12-13,4,23927.99,163,3,4,3,343,Loyal
7330,2025-06-08,2025-01-19,4,82368.5,207,3,4,5,345,High Value
7331,2025-10-30,2024-12-05,9,51371.68,63,4,5,4,454,High Value
7334,2025-12-26,2024-12-02,9,44576.81,6,5,5,4,554,High Value
7336,2025-06-26,2024-12-07,4,66268.19,189,3,4,5,345,High Value
7337,2025-11-09,2025-02-07,6,75954.49,53,4,4,5,445,High Value
7339,2025-05-30,2025-01-26,2,30714.4,216,3,2,4,324,Occasional
7340,2025-12-07,2025-08-05,4,13380.09,25,5,4,2,542,Loyal
7341,2025-04-03,2025-04-03,1,23700.07,273,2,1,3,213,Occasional
7343,2025-12-19,2025-08-29,2,16638.8,13,5,2,3,523,Occasional
7344,2025-09-30,2025-04-27,3,14871.35,93,4,3,3,433,Loyal
7345,2025-09-29,2025-04-26,2,3768.08,94,4,2,1,421,Occasional
7347,2025-11-13,2025-10-20,2,3822.91,49,4,2,1,421,New
7348,2025-07-28,2025-07-28,1,20274.7,157,3,1,3,313,Occasional
7350,2025-01-01,2025-01-01,1,697.79,365,2,1,1,211,Occasional
7352,2025-03-19,2025-02-27,2,12050.27,288,2,2,2,222,Occasional
7353,2025-12-22,2024-12-12,11,99783.86,10,5,5,5,555,High Value
7354,2025-12-30,2024-12-05,8,26918.6,2,5,5,3,553,Loyal
7355,2024-12-28,2024-12-28,1,1777.41,369,2,1,1,211,Occasional
7357,2025-01-24,2025-01-24,1,2872.79,342,2,1,1,211,Occasional
7358,2025-12-02,2025-03-25,4,38445.35,30,5,4,4,544,High Value
7359,2025-11-14,2025-02-10,3,19974.38,48,4,3,3,433,Loyal
7360,2025-01-21,2025-01-21,1,35333.28,345,2,1,4,214,At Risk
7362,2025-01-31,2025-01-31,1,1293.7,335,2,1,1,211,Occasional
7363,2025-08-29,2025-03-23,4,42767.33,125,3,4,4,344,High Value
7364,2025-10-31,2025-04-12,5,4638.43,62,4,4,2,442,Loyal
7365,2025-04-18,2024-12-01,7,64438.94,258,3,4,5,345,High Value
7366,2025-07-20,2025-07-20,1,3331.38,165,3,1,1,311,Occasional
7367,2025-11-01,2024-12-11,17,452561.53,61,4,5,5,455,High Value
7368,2025-06-22,2025-05-31,2,13984.23,193,3,2,3,323,Occasional
7369,2025-11-05,2025-11-05,1,1872.73,57,4,1,1,411,New
7370,2025-11-20,2024-12-03,8,54879.83,42,4,5,4,454,High Value
7371,2025-03-07,2025-03-07,1,11758.23,300,2,1,2,212,Occasional
7372,2025-08-24,2024-12-24,4,10408.93,130,3,4,2,342,Loyal
7373,2025-11-29,2025-01-25,5,35521.18,33,5,4,4,544,High Value
7374,2025-12-13,2024-12-09,16,163085.1,19,5,5,5,555,High Value
7375,2025-05-23,2024-12-14,4,23816.22,223,3,4,3,343,Loyal
7376,2025-12-03,2024-12-28,4,28378.19,29,5,4,3,543,Loyal
7377,2025-10-26,2025-10-26,1,1332.64,67,4,1,1,411,New
7378,2024-12-29,2024-12-29,1,4948.53,368,2,1,2,212,Occasional
7379,2025-06-02,2025-05-21,2,2126.53,213,3,2,1,321,Occasional
7380,2025-07-17,2025-02-27,4,23918.84,168,3,4,3,343,Loyal
7381,2024-12-30,2024-12-30,1,32701.97,367,2,1,4,214,At Risk
7382,2025-12-20,2025-01-31,21,181989.74,12,5,5,5,555,High Value
7384,2025-07-05,2025-04-05,3,25073.32,180,3,3,3,333,Loyal
7385,2025-01-21,2024-12-15,2,10305.92,345,2,2,2,222,Occasional
7386,2025-11-26,2025-01-21,5,62803.92,36,4,4,5,445,High Value
7387,2025-12-27,2025-01-04,13,76112.14,5,5,5,5,555,High Value
7389,2025-11-13,2025-05-04,3,31308.27,49,4,3,4,434,Loyal
7390,2025-09-26,2025-02-15,7,16198.37,97,3,4,3,343,Loyal
7391,2025-12-09,2024-12-12,6,19175.16,23,5,4,3,543,Loyal
7392,2025-01-13,2025-01-13,1,4199.69,353,2,1,1,211,Occasional
7393,2025-12-30,2024-12-22,11,84259.25,2,5,5,5,555,High Value
7394,2025-12-19,2024-12-10,3,9686.45,13,5,3,2,532,Loyal
7395,2025-07-12,2025-01-30,4,24240.55,173,3,4,3,343,Loyal
7396,2025-12-27,2025-07-26,3,9362.6,5,5,3,2,532,Loyal
7397,2025-09-17,2025-03-12,6,13996.54,106,3,4,3,343,Loyal
7398,2025-09-01,2025-01-31,4,28569.21,122,3,4,3,343,Loyal
7400,2025-11-17,2025-02-02,4,43494.05,45,4,4,4,444,High Value
7401,2025-08-14,2025-05-25,2,26380.81,140,3,2,3,323,Occasional
7402,2025-08-23,2025-01-09,5,69533.9,131,3,4,5,345,High Value
7403,2025-10-02,2025-01-26,3,23269.6,91,4,3,3,433,Loyal
7405,2025-11-09,2024-12-14,4,10745.28,53,4,4,2,442,Loyal
7407,2025-10-25,2025-02-12,5,18466.85,68,4,4,3,443,Loyal
7408,2025-03-31,2024-12-03,2,9193.29,276,2,2,2,222,Occasional
7409,2025-10-10,2024-12-16,9,56036.44,83,4,5,4,454,High Value
7410,2025-06-10,2024-12-07,4,41879.5,205,3,4,4,344,High Value
7412,2024-12-04,2024-12-04,1,20705.05,393,2,1,3,213,Occasional
7413,2025-12-31,2024-12-11,22,160245.65,1,5,5,5,555,High Value
7414,2025-05-10,2025-05-10,1,4272.37,236,3,1,1,311,Occasional
7417,2025-12-20,2025-08-01,4,55560.77,12,5,4,4,544,High Value
7418,2025-09-06,2025-01-09,8,75922.94,117,3,5,5,355,High Value
7419,2025-03-16,2024-12-03,2,2082.11,291,2,2,1,221,Occasional
7420,2025-05-19,2025-05-19,1,20572.25,227,3,1,3,313,Occasional
7421,2025-10-20,2025-10-20,1,2520.24,73,4,1,1,411,New
7423,2025-10-30,2025-01-10,4,55340.17,63,4,4,4,444,High Value
7424,2025-01-26,2024-12-05,2,6327.99,340,2,2,2,222,Occasional
7427,2025-12-07,2024-12-21,18,193677.24,25,5,5,5,555,High Value
7428,2025-11-03,2025-02-14,2,25184.35,59,4,2,3,423,Occasional
7429,2025-01-26,2025-01-26,1,6492.09,340,2,1,2,212,Occasional
7430,2025-12-12,2025-01-31,8,41399.48,20,5,5,4,554,High Value
7435,2025-11-21,2024-12-09,7,6871.04,41,4,4,2,442,Loyal
7436,2025-04-12,2025-04-12,1,28269.99,264,3,1,3,313,Occasional
7437,2025-09-27,2025-01-11,2,17873.17,96,4,2,3,423,Occasional
7439,2025-10-29,2025-01-17,5,63644.63,64,4,4,5,445,High Value
7440,2025-06-11,2025-05-22,2,11967.09,204,3,2,2,322,Occasional
7441,2025-05-03,2025-01-13,2,6214.49,243,3,2,2,322,Occasional
7442,2025-10-09,2025-03-09,2,7991.62,84,4,2,2,422,Occasional
7443,2024-12-21,2024-12-11,3,12273.76,376,2,3,2,232,At Risk
7444,2025-01-14,2025-01-06,2,2295.48,352,2,2,1,221,Occasional
7445,2025-07-11,2025-02-01,4,34925.99,174,3,4,4,344,High Value
7446,2025-12-24,2025-02-11,5,25417.48,8,5,4,3,543,Loyal
7447,2025-12-05,2025-01-26,4,13425.18,27,5,4,2,542,Loyal
7449,2025-05-23,2025-05-23,1,802.93,223,3,1,1,311,Occasional
7452,2025-12-18,2024-12-29,4,9637.55,14,5,4,2,542,Loyal
7453,2025-09-04,2024-12-15,13,48096.81,119,3,5,4,354,High Value
7454,2025-11-06,2025-05-31,7,48544.2,56,4,4,4,444,High Value
7455,2025-04-27,2025-04-27,1,993.18,249,3,1,1,311,Occasional
7456,2025-12-30,2025-02-25,16,146493.67,2,5,5,5,555,High Value
7458,2025-12-01,2025-06-03,4,13862.11,31,5,4,2,542,Loyal
7459,2025-03-09,2025-03-09,1,22800.5,298,2,1,3,213,Occasional
7460,2025-04-12,2024-12-29,2,9244.83,264,3,2,2,322,Occasional
7461,2025-10-23,2025-03-20,6,29955.97,70,4,4,4,444,High Value
7462,2025-01-25,2025-01-25,1,1118.21,341,2,1,1,211,Occasional
7463,2025-10-24,2025-01-22,2,2058.17,69,4,2,1,421,Occasional
7464,2025-03-02,2025-03-01,2,6584.78,305,2,2,2,222,Occasional
7465,2025-09-16,2024-12-27,8,89284.14,107,3,5,5,355,High Value
7466,2025-11-26,2024-12-28,7,44467.99,36,4,4,4,444,High Value
7467,2025-12-29,2024-12-26,15,148634.36,3,5,5,5,555,High Value
7470,2025-11-07,2025-09-20,3,5891.74,55,4,3,2,432,Loyal
7472,2025-06-09,2025-01-06,5,14710.3,206,3,4,3,343,Loyal
7473,2025-07-05,2025-04-04,2,2734.66,180,3,2,1,321,Occasional
7474,2025-08-11,2025-03-08,3,11129.33,143,3,3,2,332,Loyal
7475,2025-05-22,2025-05-22,1,9015.52,224,3,1,2,312,Occasional
7476,2025-09-26,2025-05-29,2,5691.05,97,3,2,2,322,Occasional
7477,2025-10-16,2025-05-01,5,7552.31,77,4,4,2,442,Loyal
7480,2025-12-22,2025-01-03,20,141288.81,10,5,5,5,555,High Value
7481,2025-08-12,2024-12-15,3,41554.14,142,3,3,4,334,Loyal
7482,2025-08-25,2025-06-28,4,20361.01,129,3,4,3,343,Loyal
7483,2025-07-28,2025-07-28,1,2371.67,157,3,1,1,311,Occasional
7484,2025-12-05,2024-12-09,14,84310.36,27,5,5,5,555,High Value
7485,2025-11-14,2024-12-22,9,181885.68,48,4,5,5,455,High Value
7488,2025-09-20,2025-01-29,3,18197.98,103,3,3,3,333,Loyal
7490,2025-11-13,2025-05-12,4,8753.17,49,4,4,2,442,Loyal
7491,2025-11-07,2025-09-04,2,27392.49,55,4,2,3,423,Occasional
7494,2025-04-09,2025-04-09,1,21155.06,267,3,1,3,313,Occasional
7496,2025-03-29,2025-03-29,1,228.92,278,2,1,1,211,Occasional
7500,2025-12-29,2025-12-29,1,1924.49,3,5,1,1,511,New
7501,2025-03-24,2025-01-18,2,28520.7,283,2,2,3,223,Occasional
7503,2025-05-10,2025-05-10,1,320.26,236,3,1,1,311,Occasional
7505,2025-12-12,2024-12-26,5,44302.71,20,5,4,4,544,High Value
7508,2025-12-19,2025-04-01,3,15718.57,13,5,3,3,533,Loyal
7509,2025-11-23,2025-11-23,1,17702.82,39,4,1,3,413,New
7512,2025-11-12,2025-04-20,6,21905.59,50,4,4,3,443,Loyal
7513,2025-04-02,2025-04-02,1,931.58,274,2,1,1,211,Occasional
7514,2025-11-12,2025-11-12,1,7013.2,50,4,1,2,412,New
7515,2025-12-16,2024-12-28,13,45579.85,16,5,5,4,554,High Value
7516,2025-01-24,2024-12-16,4,78943.08,342,2,4,5,245,At Risk
7517,2025-07-27,2025-03-09,2,56468.44,158,3,2,4,324,Occasional
7518,2025-11-21,2025-09-22,3,31186.79,41,4,3,4,434,Loyal
7520,2025-08-02,2025-01-22,3,4168.91,152,3,3,1,331,Loyal
7522,2025-07-29,2025-01-05,10,77760.93,156,3,5,5,355,High Value
7523,2025-10-16,2025-02-21,4,11552.3,77,4,4,2,442,Loyal
7524,2025-10-09,2025-03-23,3,3677.22,84,4,3,1,431,Loyal
7525,2025-12-24,2024-12-17,13,184193.03,8,5,5,5,555,High Value
7526,2025-11-14,2025-07-17,2,1145.52,48,4,2,1,421,Occasional
7527,2025-01-26,2025-01-26,1,7210.6,340,2,1,2,212,Occasional
7528,2025-04-21,2024-12-23,3,51156.88,255,3,3,4,334,Loyal
7531,2025-07-26,2025-07-26,1,6545.52,159,3,1,2,312,Occasional
7533,2025-11-27,2024-12-25,3,17388.13,35,5,3,3,533,Loyal
7534,2025-10-26,2025-10-26,1,13375.29,67,4,1,2,412,New
7535,2025-11-03,2025-03-26,7,41820.34,59,4,4,4,444,High Value
7536,2025-12-31,2025-02-13,5,33325.27,1,5,4,4,544,High Value
7538,2025-05-10,2025-05-10,1,45346.73,236,3,1,4,314,Occasional
7540,2025-07-15,2025-01-26,5,58187.96,170,3,4,4,344,High Value
7541,2025-06-03,2025-06-03,1,1888.58,212,3,1,1,311,Occasional
7542,2025-05-23,2025-02-24,5,30011.31,223,3,4,4,344,High Value
7543,2025-11-07,2025-11-07,1,11852.11,55,4,1,2,412,New
7544,2025-05-05,2025-01-25,2,23883.78,241,3,2,3,323,Occasional
7546,2025-11-09,2025-05-21,3,41297.33,53,4,3,4,434,Loyal
7547,2025-01-20,2025-01-20,1,1403.49,346,2,1,1,211,Occasional
7548,2025-06-02,2025-06-02,1,2295.43,213,3,1,1,311,Occasional
7550,2025-10-05,2025-01-27,2,14615.83,88,4,2,3,423,Occasional
7552,2025-11-16,2025-06-11,3,24424.42,46,4,3,3,433,Loyal
7553,2025-04-20,2024-12-29,4,15557.53,256,3,4,3,343,Loyal
7554,2025-07-16,2025-02-06,2,12314.71,169,3,2,2,322,Occasional
7555,2025-11-23,2024-12-31,4,10748.99,39,4,4,2,442,Loyal
7558,2025-08-05,2024-12-21,7,79913.96,149,3,4,5,345,High Value
7559,2025-04-14,2025-04-14,1,13939.06,262,3,1,3,313,Occasional
7560,2025-06-07,2025-06-07,1,2228.69,208,3,1,1,311,Occasional
7561,2025-10-13,2025-01-04,8,161757.89,80,4,5,5,455,High Value
7562,2025-08-14,2025-04-03,2,4378.75,140,3,2,1,321,Occasional
7563,2025-10-21,2024-12-20,11,141111.95,72,4,5,5,455,High Value
7564,2025-09-22,2025-01-11,7,44090.83,101,3,4,4,344,High Value
7565,2025-06-06,2025-01-13,7,44672.08,209,3,4,4,344,High Value
7567,2025-05-01,2025-02-25,2,40414.1,245,3,2,4,324,Occasional
7568,2025-12-11,2024-12-18,13,66530.56,21,5,5,5,555,High Value
7569,2025-03-03,2025-02-01,2,10264.86,304,2,2,2,222,Occasional
7571,2025-07-30,2025-02-25,3,34025.85,155,3,3,4,334,Loyal
7572,2025-11-03,2024-12-17,5,16305.32,59,4,4,3,443,Loyal
7573,2025-12-28,2025-03-20,19,175209.35,4,5,5,5,555,High Value
7574,2025-04-03,2025-04-03,1,2686.26,273,2,1,1,211,Occasional
7576,2025-12-31,2025-01-20,23,196683.63,1,5,5,5,555,High Value
7579,2025-02-26,2025-02-26,1,6066.86,309,2,1,2,212,Occasional
7581,2025-08-25,2025-01-28,2,2426.09,129,3,2,1,321,Occasional
7583,2025-09-14,2024-12-27,5,39911.2,109,3,4,4,344,High Value
7585,2025-09-13,2025-02-15,4,18152.06,110,3,4,3,343,Loyal
7586,2025-07-23,2025-07-23,1,603.85,162,3,1,1,311,Occasional
7587,2025-10-31,2025-02-05,5,238689.75,62,4,4,5,445,High Value
7588,2025-07-30,2025-02-20,2,10331.56,155,3,2,2,322,Occasional
7589,2025-01-23,2025-01-23,1,1137.95,343,2,1,1,211,Occasional
7591,2025-12-27,2025-08-14,3,6169.44,5,5,3,2,532,Loyal
7592,2025-11-06,2025-11-06,1,3895.21,56,4,1,1,411,New
7593,2025-12-07,2025-06-24,3,22043.93,25,5,3,3,533,Loyal
7594,2025-10-28,2025-09-20,5,55560.72,65,4,4,4,444,High Value
7595,2025-11-24,2025-03-13,6,32367.2,38,4,4,4,444,High Value
7596,2025-09-10,2025-04-08,3,6051.77,113,3,3,2,332,Loyal
7597,2025-05-03,2025-03-11,2,60642.93,243,3,2,4,324,Occasional
7599,2025-10-05,2025-05-14,4,38428.76,88,4,4,4,444,High Value
7600,2025-04-08,2025-04-08,1,13895.58,268,3,1,2,312,Occasional
7601,2025-11-06,2025-04-16,8,75245.82,56,4,5,5,455,High Value
7602,2025-03-01,2025-01-12,3,12335.49,306,2,3,2,232,At Risk
7603,2025-05-16,2025-02-05,3,21495.55,230,3,3,3,333,Loyal
7607,2025-12-07,2025-03-12,4,52510.76,25,5,4,4,544,High Value
7608,2025-11-14,2025-07-16,2,2267.74,48,4,2,1,421,Occasional
7609,2025-09-22,2024-12-22,3,24520.6,101,3,3,3,333,Loyal
7610,2025-12-28,2025-05-06,2,20804.14,4,5,2,3,523,Occasional
7611,2025-12-05,2024-12-23,5,57269.11,27,5,4,4,544,High Value
7613,2025-11-11,2025-02-17,7,162917.34,51,4,4,5,445,High Value
7614,2025-01-16,2025-01-16,1,3986.78,350,2,1,1,211,Occasional
7616,2025-07-26,2025-05-01,2,9947.64,159,3,2,2,322,Occasional
7617,2025-12-16,2025-01-13,9,72278.06,16,5,5,5,555,High Value
7619,2025-02-19,2025-02-19,1,2792.8,316,2,1,1,211,Occasional
7620,2025-10-19,2025-02-18,4,4235.22,74,4,4,1,441,Loyal
7621,2025-02-14,2025-02-14,1,3861.42,321,2,1,1,211,Occasional
7624,2025-11-28,2025-08-12,2,40522.79,34,5,2,4,524,Occasional
7625,2025-10-28,2025-07-13,2,6607.6,65,4,2,2,422,Occasional
7626,2025-11-20,2025-02-03,5,20660.34,42,4,4,3,443,Loyal
7627,2025-09-19,2025-06-10,3,11435.6,104,3,3,2,332,Loyal
7629,2025-12-26,2025-07-20,4,34455.87,6,5,4,4,544,High Value
7630,2025-12-20,2025-01-10,9,98918.85,12,5,5,5,555,High Value
7632,2025-12-31,2025-12-31,1,14161.36,1,5,1,3,513,New
7634,2025-08-15,2025-03-03,3,4719.5,139,3,3,2,332,Loyal
7635,2025-12-13,2025-01-28,10,46105.67,19,5,5,4,554,High Value
7638,2025-08-14,2024-12-28,2,19999.62,140,3,2,3,323,Occasional
7639,2025-11-08,2025-02-20,8,61687.22,54,4,5,5,455,High Value
7640,2025-08-05,2025-04-21,2,8035.53,149,3,2,2,322,Occasional
7643,2025-12-22,2025-01-30,5,46874.49,10,5,4,4,544,High Value
7645,2025-01-23,2025-01-23,1,6022.35,343,2,1,2,212,Occasional
7647,2025-12-02,2025-05-12,5,266512.74,30,5,4,5,545,High Value
7648,2025-11-09,2025-04-03,4,56502.24,53,4,4,4,444,High Value
7649,2025-10-20,2024-12-31,3,10302.62,73,4,3,2,432,Loyal
7650,2025-08-01,2025-01-28,6,67733.72,153,3,4,5,345,High Value
7651,2025-07-22,2025-04-06,3,22943.87,163,3,3,3,333,Loyal
7653,2025-10-31,2025-04-04,5,30967.01,62,4,4,4,444,High Value
7654,2025-12-30,2025-02-16,4,10800.15,2,5,4,2,542,Loyal
7655,2025-11-08,2025-03-27,3,39963.06,54,4,3,4,434,Loyal
7656,2025-01-27,2025-01-27,1,3130.58,339,2,1,1,211,Occasional
7659,2025-03-16,2024-12-27,7,36085.59,291,2,4,4,244,At Risk
7660,2025-11-25,2025-11-22,2,27397.25,37,4,2,3,423,New
7661,2025-10-15,2025-01-10,2,28530.77,78,4,2,3,423,Occasional
7664,2025-12-17,2025-12-17,1,2636.61,15,5,1,1,511,New
7665,2025-12-18,2025-07-31,3,40166.68,14,5,3,4,534,Loyal
7668,2025-11-08,2025-06-01,2,20723.45,54,4,2,3,423,Occasional
7669,2025-02-20,2025-02-07,2,3641.91,315,2,2,1,221,Occasional
7670,2025-09-14,2025-09-14,1,1203.98,109,3,1,1,311,Occasional
7671,2025-02-01,2025-02-01,1,7000.28,334,2,1,2,212,Occasional
7673,2025-03-07,2025-03-07,1,544.15,300,2,1,1,211,Occasional
7675,2025-11-12,2024-12-30,5,13296.84,50,4,4,2,442,Loyal
7676,2025-11-14,2025-04-13,2,4218.52,48,4,2,1,421,Occasional
7677,2025-12-06,2025-05-02,2,5883.58,26,5,2,2,522,Occasional
7678,2025-09-27,2025-08-05,2,4538.23,96,4,2,2,422,Occasional
7679,2025-11-29,2025-03-02,13,35226.99,33,5,5,4,554,High Value
7680,2025-03-05,2025-03-05,1,6296.32,302,2,1,2,212,Occasional
7681,2025-07-12,2025-05-25,2,3794.79,173,3,2,1,321,Occasional
7682,2025-11-02,2025-05-25,2,17265.91,60,4,2,3,423,Occasional
7684,2025-12-14,2025-02-08,31,194145.1,18,5,5,5,555,High Value
7685,2025-09-16,2025-09-16,1,1150.28,107,3,1,1,311,Occasional
7686,2025-12-17,2025-01-19,7,47816.06,15,5,4,4,544,High Value
7687,2025-08-21,2025-06-02,2,20968.88,133,3,2,3,323,Occasional
7688,2025-04-18,2025-01-09,2,6753.24,258,3,2,2,322,Occasional
7689,2025-12-01,2025-03-14,4,26688.2,31,5,4,3,543,Loyal
7690,2025-10-06,2025-10-06,1,6947.49,87,4,1,2,412,New
7691,2025-10-15,2025-10-15,1,7548.97,78,4,1,2,412,New
7692,2025-12-04,2025-01-08,10,250865.06,28,5,5,5,555,High Value
7694,2025-10-05,2025-02-25,6,38040.36,88,4,4,4,444,High Value
7697,2025-12-30,2025-05-02,4,28544.61,2,5,4,3,543,Loyal
7699,2025-05-21,2025-02-07,2,11603.2,225,3,2,2,322,Occasional
7700,2025-09-24,2025-01-16,23,180022.97,99,3,5,5,355,High Value
7701,2025-02-15,2025-02-15,1,1160.07,320,2,1,1,211,Occasional
7703,2025-10-02,2025-04-18,2,1070.89,91,4,2,1,421,Occasional
7704,2025-08-29,2025-07-01,2,6654.22,125,3,2,2,322,Occasional
7706,2025-07-24,2025-03-15,7,35677.38,161,3,4,4,344,High Value
7708,2025-12-10,2025-02-21,5,86011.04,22,5,4,5,545,High Value
7709,2025-07-10,2025-07-10,1,1641.87,175,3,1,1,311,Occasional
7710,2025-03-15,2025-03-15,1,6215.78,292,2,1,2,212,Occasional
7712,2025-10-12,2025-05-25,3,47587.43,81,4,3,4,434,Loyal
7713,2025-11-06,2025-11-06,1,465.52,56,4,1,1,411,New
7715,2025-11-26,2025-11-26,1,27338.36,36,4,1,3,413,New
7716,2025-07-15,2025-03-03,3,48719.65,170,3,3,4,334,Loyal
7717,2025-04-12,2025-01-31,5,15145.15,264,3,4,3,343,Loyal
7719,2025-04-14,2025-04-14,1,1782.64,262,3,1,1,311,Occasional
7720,2025-04-25,2025-04-25,1,1975.38,251,3,1,1,311,Occasional
7721,2025-11-05,2025-01-25,6,11600.91,57,4,4,2,442,Loyal
7723,2025-10-02,2025-10-02,1,7942.3,91,4,1,2,412,Occasional
7724,2025-09-27,2025-04-18,4,26240.2,96,4,4,3,443,Loyal
7727,2025-11-13,2025-11-13,1,2011.5,49,4,1,1,411,New
7728,2025-12-31,2025-04-18,7,59121.57,1,5,4,4,544,High Value
7729,2025-06-11,2025-06-11,1,11152.59,204,3,1,2,312,Occasional
7734,2025-06-23,2025-05-28,2,22435.78,192,3,2,3,323,Occasional
7735,2025-05-04,2025-03-28,2,26150.87,242,3,2,3,323,Occasional
7736,2025-02-05,2025-02-05,1,14552.98,330,2,1,3,213,Occasional
7737,2025-09-02,2025-03-12,4,12898.52,121,3,4,2,342,Loyal
7738,2025-12-21,2025-01-09,5,41471.83,11,5,4,4,544,High Value
7739,2025-11-08,2025-11-08,1,11077.69,54,4,1,2,412,New
7740,2025-11-13,2025-01-29,5,43099.75,49,4,4,4,444,High Value
7741,2025-07-20,2025-07-20,1,1589.03,165,3,1,1,311,Occasional
7742,2025-12-04,2025-01-12,5,34352.58,28,5,4,4,544,High Value
7743,2025-08-20,2025-01-24,9,83047.12,134,3,5,5,355,High Value
7744,2025-05-13,2025-04-17,2,11995.26,233,3,2,2,322,Occasional
7745,2025-09-09,2025-01-26,4,78773.42,114,3,4,5,345,High Value
7746,2025-12-06,2025-04-06,2,3263.4,26,5,2,1,521,Occasional
7747,2025-12-27,2025-03-31,2,5225.26,5,5,2,2,522,Occasional
7748,2025-11-14,2025-11-14,1,407.87,48,4,1,1,411,New
7749,2025-11-27,2025-02-22,21,129160.31,35,5,5,5,555,High Value
7751,2025-04-06,2025-04-06,1,5794.13,270,3,1,2,312,Occasional
7752,2025-12-23,2025-11-28,2,13636.37,9,5,2,2,522,New
7753,2025-12-18,2025-06-13,9,84714.54,14,5,5,5,555,High Value
7754,2025-02-18,2025-02-18,1,5189.78,317,2,1,2,212,Occasional
7755,2025-07-01,2025-01-18,4,19769.04,184,3,4,3,343,Loyal
7756,2025-12-10,2025-04-17,6,40146.4,22,5,4,4,544,High Value
7759,2025-04-06,2025-03-24,2,2381.9,270,3,2,1,321,Occasional
7761,2025-12-25,2025-01-16,10,48309.49,7,5,5,4,554,High Value
7762,2025-09-11,2025-01-22,4,47140.02,112,3,4,4,344,High Value
7763,2025-11-21,2025-09-21,2,27136.7,41,4,2,3,423,Occasional
7764,2025-09-26,2025-09-26,1,929.09,97,3,1,1,311,Occasional
7765,2025-02-01,2025-02-01,1,5186.92,334,2,1,2,212,Occasional
7766,2025-12-19,2025-05-17,2,4107.16,13,5,2,1,521,Occasional
7767,2025-09-26,2025-09-26,1,270.62,97,3,1,1,311,Occasional
7769,2025-11-11,2025-02-10,6,61804.08,51,4,4,5,445,High Value
7770,2025-12-26,2025-06-08,10,21599.41,6,5,5,3,553,Loyal
7772,2025-01-22,2025-01-22,1,1118.97,344,2,1,1,211,Occasional
7775,2025-07-21,2025-01-04,16,82516.61,164,3,5,5,355,High Value
7777,2025-02-12,2025-02-12,1,6433.3,323,2,1,2,212,Occasional
7778,2025-10-14,2025-01-21,6,24029.19,79,4,4,3,443,Loyal
7779,2025-04-24,2025-03-08,7,50935.4,252,3,4,4,344,High Value
7780,2025-11-07,2025-06-01,3,7182.41,55,4,3,2,432,Loyal
7782,2025-11-01,2025-07-23,2,10879.47,61,4,2,2,422,Occasional
7783,2025-03-12,2025-03-12,1,33748.19,295,2,1,4,214,At Risk
7784,2025-03-09,2025-03-09,1,3207.65,298,2,1,1,211,Occasional
7785,2025-09-22,2025-01-31,6,23283.47,101,3,4,3,343,Loyal
7786,2025-11-20,2025-05-03,2,12130.69,42,4,2,2,422,Occasional
7788,2025-12-30,2025-01-18,5,157522.38,2,5,4,5,545,High Value
7789,2025-09-15,2025-09-15,1,2841.1,108,3,1,1,311,Occasional
7792,2025-11-08,2025-07-19,2,16161.81,54,4,2,3,423,Occasional
7795,2025-07-09,2025-01-23,4,12934.38,176,3,4,2,342,Loyal
7796,2025-08-22,2025-06-11,2,7008.22,132,3,2,2,322,Occasional
7797,2025-04-08,2025-03-21,2,8930.61,268,3,2,2,322,Occasional
7798,2025-12-24,2025-07-29,3,35765.44,8,5,3,4,534,Loyal
7799,2025-11-18,2025-11-18,1,10781.34,44,4,1,2,412,New
7801,2025-04-22,2025-04-22,1,2515.37,254,3,1,1,311,Occasional
7802,2025-11-11,2025-01-26,3,13839.38,51,4,3,2,432,Loyal
7803,2025-05-19,2025-05-19,1,338.05,227,3,1,1,311,Occasional
7805,2025-05-29,2025-01-10,2,19690.85,217,3,2,3,323,Occasional
7806,2025-12-23,2025-11-12,2,8377.32,9,5,2,2,522,New
7807,2025-11-14,2025-02-01,7,25213.6,48,4,4,3,443,Loyal
7808,2025-12-27,2025-01-23,3,76080.4,5,5,3,5,535,Loyal
7810,2025-09-04,2025-06-06,2,4385.71,119,3,2,1,321,Occasional
7812,2025-12-23,2025-02-09,4,23853.18,9,5,4,3,543,Loyal
7813,2025-02-04,2025-01-10,2,78067.62,331,2,2,5,225,At Risk
7815,2025-12-27,2025-08-05,3,11265.13,5,5,3,2,532,Loyal
7817,2025-11-13,2025-01-10,4,93103.05,49,4,4,5,445,High Value
7818,2025-05-05,2025-05-05,1,2337.66,241,3,1,1,311,Occasional
7819,2025-11-21,2025-11-21,1,293.28,41,4,1,1,411,New
7821,2025-10-06,2025-07-19,2,21065.13,87,4,2,3,423,Occasional
7823,2025-10-31,2025-03-08,4,19095.05,62,4,4,3,443,Loyal
7824,2025-10-03,2025-10-03,1,1718.88,90,4,1,1,411,New
7826,2025-11-01,2025-04-25,2,2617.63,61,4,2,1,421,Occasional
7827,2025-11-22,2025-04-18,4,74467.79,40,4,4,5,445,High Value
7829,2025-12-02,2025-01-31,5,22517.13,30,5,4,3,543,Loyal
7830,2025-05-07,2025-02-08,3,27164.81,239,3,3,3,333,Loyal
7831,2025-11-23,2025-08-31,4,15136.22,39,4,4,3,443,Loyal
7832,2025-09-24,2025-09-24,1,605.21,99,3,1,1,311,Occasional
7833,2025-12-07,2025-01-31,9,165858.76,25,5,5,5,555,High Value
7834,2025-07-29,2025-07-29,1,1886.53,156,3,1,1,311,Occasional
7836,2025-09-18,2025-04-14,7,29239.0,105,3,4,3,343,Loyal
7837,2025-05-31,2025-01-24,5,35024.59,215,3,4,4,344,High Value
7838,2025-10-08,2025-02-22,3,16554.49,85,4,3,3,433,Loyal
7840,2025-12-30,2025-01-28,8,55517.18,2,5,5,4,554,High Value
7841,2025-12-01,2025-02-13,24,235998.02,31,5,5,5,555,High Value
7842,2025-06-25,2025-01-15,3,22384.79,190,3,3,3,333,Loyal
7843,2025-12-24,2025-04-22,2,16036.46,8,5,2,3,523,Occasional
7844,2025-03-16,2025-01-13,3,56616.3,291,2,3,4,234,At Risk
7845,2025-12-01,2025-01-24,2,3944.92,31,5,2,1,521,Occasional
7846,2025-04-04,2025-04-04,1,625.76,272,2,1,1,211,Occasional
7848,2025-12-10,2025-09-09,2,19060.12,22,5,2,3,523,Occasional
7849,2025-12-27,2025-01-18,4,40658.91,5,5,4,4,544,High Value
7850,2025-01-31,2025-01-31,1,6166.15,335,2,1,2,212,Occasional
7853,2025-12-23,2025-06-13,6,11418.94,9,5,4,2,542,Loyal
7854,2025-11-17,2025-03-21,5,18978.13,45,4,4,3,443,Loyal
7855,2025-03-30,2025-01-18,2,7365.21,277,2,2,2,222,Occasional
7856,2025-06-15,2025-06-15,1,2367.83,200,3,1,1,311,Occasional
7858,2025-04-19,2025-03-01,4,19932.04,257,3,4,3,343,Loyal
7859,2025-11-18,2025-11-18,1,10760.08,44,4,1,2,412,New
7860,2025-11-13,2025-06-18,2,8166.35,49,4,2,2,422,Occasional
7861,2025-07-10,2025-04-25,3,8493.92,175,3,3,2,332,Loyal
7862,2025-11-30,2025-03-02,8,144658.8,32,5,5,5,555,High Value
7863,2025-01-23,2025-01-22,2,7988.97,343,2,2,2,222,Occasional
7864,2025-09-19,2025-02-01,3,28934.8,104,3,3,3,333,Loyal
7865,2025-11-18,2025-02-18,11,78241.16,44,4,5,5,455,High Value
7866,2025-10-04,2025-07-20,2,12672.99,89,4,2,2,422,Occasional
7868,2025-12-14,2025-12-14,1,613.48,18,5,1,1,511,New
7869,2025-12-08,2025-01-22,14,141786.32,24,5,5,5,555,High Value
7872,2025-11-24,2025-01-13,11,77671.69,38,4,5,5,455,High Value
7873,2025-11-12,2025-03-23,4,8675.3,50,4,4,2,442,Loyal
7874,2025-11-29,2025-05-03,6,119055.5,33,5,4,5,545,High Value
7875,2025-03-01,2025-03-01,1,2442.36,306,2,1,1,211,Occasional
7877,2025-05-10,2025-01-16,2,15441.62,236,3,2,3,323,Occasional
7878,2025-06-14,2025-04-08,2,17015.51,201,3,2,3,323,Occasional
7880,2025-08-09,2025-02-22,14,59891.48,145,3,5,4,354,High Value
7882,2025-03-31,2025-03-31,1,3697.02,276,2,1,1,211,Occasional
7883,2025-12-27,2025-01-21,8,87602.19,5,5,5,5,555,High Value
7885,2025-12-24,2025-04-19,3,39002.72,8,5,3,4,534,Loyal
7887,2025-12-05,2025-01-23,5,12558.29,27,5,4,2,542,Loyal
7889,2025-12-06,2025-02-26,16,137694.65,26,5,5,5,555,High Value
7891,2025-08-30,2025-01-24,6,66390.66,124,3,4,5,345,High Value
7893,2025-08-20,2025-08-20,1,12948.21,134,3,1,2,312,Occasional
7894,2025-12-29,2025-03-08,9,33598.26,3,5,5,4,554,High Value
7896,2025-12-20,2025-02-02,11,108651.93,12,5,5,5,555,High Value
7898,2025-11-09,2025-05-13,4,16056.61,53,4,4,3,443,Loyal
7899,2025-06-22,2025-05-17,2,40115.29,193,3,2,4,324,Occasional
7901,2025-12-16,2025-02-21,12,46970.58,16,5,5,4,554,High Value
7903,2025-12-10,2025-04-29,4,10560.63,22,5,4,2,542,Loyal
7904,2025-11-24,2025-10-08,2,12013.76,38,4,2,2,422,New
7905,2025-05-12,2025-05-12,1,24483.8,234,3,1,3,313,Occasional
7906,2025-08-25,2025-05-05,2,19202.88,129,3,2,3,323,Occasional
7907,2025-03-17,2025-01-19,3,10031.13,290,2,3,2,232,At Risk
7908,2025-11-17,2025-01-31,5,43890.29,45,4,4,4,444,High Value
7909,2025-07-21,2025-07-21,1,17360.28,164,3,1,3,313,Occasional
7912,2025-05-21,2025-04-23,2,10713.41,225,3,2,2,322,Occasional
7914,2025-08-29,2025-01-22,8,88566.71,125,3,5,5,355,High Value
7915,2025-11-22,2025-02-05,7,148598.46,40,4,4,5,445,High Value
7916,2025-12-27,2025-07-08,2,7808.88,5,5,2,2,522,Occasional
7917,2025-02-08,2025-02-07,2,7773.73,327,2,2,2,222,Occasional
7918,2025-11-21,2025-01-25,8,92238.08,41,4,5,5,455,High Value
7919,2025-08-20,2025-08-20,1,1994.58,134,3,1,1,311,Occasional
7920,2025-06-14,2025-06-14,1,19042.87,201,3,1,3,313,Occasional
7922,2025-05-26,2025-03-04,3,23280.18,220,3,3,3,333,Loyal
7923,2025-12-27,2025-06-07,3,12852.64,5,5,3,2,532,Loyal
7924,2025-10-10,2025-09-18,2,3005.88,83,4,2,1,421,Occasional
7925,2025-07-17,2025-07-17,1,1653.77,168,3,1,1,311,Occasional
7926,2025-03-03,2025-03-03,1,9670.75,304,2,1,2,212,Occasional
7927,2025-05-23,2025-05-23,1,1258.6,223,3,1,1,311,Occasional
7928,2025-09-13,2025-09-13,1,3844.11,110,3,1,1,311,Occasional
7932,2025-12-17,2025-03-26,3,11616.17,15,5,3,2,532,Loyal
7933,2025-01-26,2025-01-26,1,18101.76,340,2,1,3,213,Occasional
7934,2025-09-07,2025-07-02,2,2450.04,116,3,2,1,321,Occasional
7935,2025-10-05,2025-07-27,2,12545.27,88,4,2,2,422,Occasional
7938,2025-05-30,2025-05-30,1,5140.46,216,3,1,2,312,Occasional
7939,2025-01-20,2025-01-20,1,6299.35,346,2,1,2,212,Occasional
7940,2025-10-19,2025-03-10,5,6039.96,74,4,4,2,442,Loyal
7941,2025-03-04,2025-01-26,2,8068.68,303,2,2,2,222,Occasional
7945,2025-11-12,2025-03-15,3,23041.48,50,4,3,3,433,Loyal
7947,2025-09-30,2025-09-30,1,2011.13,93,4,1,1,411,Occasional
7948,2025-04-21,2025-04-21,1,1088.25,255,3,1,1,311,Occasional
7949,2025-07-30,2025-07-30,1,564.11,155,3,1,1,311,Occasional
7950,2025-02-26,2025-02-26,1,2147.89,309,2,1,1,211,Occasional
7952,2025-12-31,2025-06-25,4,21253.31,1,5,4,3,543,Loyal
7953,2025-09-22,2025-02-14,2,24490.34,101,3,2,3,323,Occasional
7954,2025-03-03,2025-01-21,2,25800.97,304,2,2,3,223,Occasional
7956,2025-04-26,2025-02-24,2,3191.74,250,3,2,1,321,Occasional
7957,2025-02-18,2025-02-18,1,843.97,317,2,1,1,211,Occasional
7958,2025-09-24,2025-03-07,5,12115.97,99,3,4,2,342,Loyal
7959,2025-11-26,2025-06-28,5,10215.61,36,4,4,2,442,Loyal
7960,2025-04-08,2025-04-08,1,18737.79,268,3,1,3,313,Occasional
7962,2025-10-01,2025-01-24,2,2344.64,92,4,2,1,421,Occasional
7963,2025-05-09,2025-05-09,1,16039.05,237,3,1,3,313,Occasional
7965,2025-08-22,2025-06-14,2,20507.24,132,3,2,3,323,Occasional
7967,2025-12-27,2025-07-05,6,60649.58,5,5,4,4,544,High Value
7968,2025-12-03,2025-12-03,1,464.01,29,5,1,1,511,New
7969,2025-03-05,2025-01-24,3,12509.46,302,2,3,2,232,At Risk
7970,2025-03-11,2025-03-11,1,407.87,296,2,1,1,211,Occasional
7971,2025-12-29,2025-01-26,47,332405.18,3,5,5,5,555,High Value
7972,2025-10-19,2025-10-19,1,16565.95,74,4,1,3,413,New
7973,2025-12-16,2025-02-05,6,36105.21,16,5,4,4,544,High Value
7974,2025-08-10,2025-03-06,9,110041.98,144,3,5,5,355,High Value
7975,2025-08-08,2025-07-27,2,101295.68,146,3,2,5,325,Occasional
7976,2025-06-14,2025-06-14,1,5349.92,201,3,1,2,312,Occasional
7977,2025-10-12,2025-01-24,3,13330.29,81,4,3,2,432,Loyal
7978,2025-12-05,2025-06-23,2,20211.27,27,5,2,3,523,Occasional
7979,2025-10-11,2025-10-11,1,13126.19,82,4,1,2,412,New
7980,2025-10-02,2025-08-02,3,6689.85,91,4,3,2,432,Loyal
7981,2025-06-12,2025-04-22,2,4136.47,203,3,2,1,321,Occasional
7982,2025-12-05,2025-01-26,16,66502.98,27,5,5,5,555,High Value
7983,2025-12-16,2025-06-19,2,5432.5,16,5,2,2,522,Occasional
7985,2025-12-06,2025-03-13,25,171210.17,26,5,5,5,555,High Value
7986,2025-11-02,2025-04-14,5,48892.98,60,4,4,4,444,High Value
7987,2025-11-29,2025-01-25,5,26273.69,33,5,4,3,543,Loyal
7989,2025-08-30,2025-08-30,1,1079.54,124,3,1,1,311,Occasional
7990,2025-12-15,2025-03-08,2,1918.97,17,5,2,1,521,Occasional
7991,2025-12-18,2025-01-26,2,18416.4,14,5,2,3,523,Occasional
7992,2025-11-02,2025-04-24,2,10224.97,60,4,2,2,422,Occasional
7995,2025-10-26,2025-02-06,5,16224.11,67,4,4,3,443,Loyal
7996,2025-12-04,2025-03-28,4,19602.92,28,5,4,3,543,Loyal
7997,2025-12-20,2025-03-02,2,6245.75,12,5,2,2,522,Occasional
8000,2025-04-13,2025-04-13,1,16174.41,263,3,1,3,313,Occasional
8001,2025-08-14,2025-02-22,3,2279.96,140,3,3,1,331,Loyal
8002,2025-12-26,2025-01-27,16,121533.45,6,5,5,5,555,High Value
8003,2025-12-25,2025-03-01,7,40056.94,7,5,4,4,544,High Value
8004,2025-02-13,2025-02-13,1,1322.9,322,2,1,1,211,Occasional
8006,2025-05-14,2025-03-19,3,18774.3,232,3,3,3,333,Loyal
8007,2025-11-27,2025-11-25,2,5267.71,35,5,2,2,522,New
8009,2025-08-04,2025-01-27,3,20968.71,150,3,3,3,333,Loyal
8013,2025-11-02,2025-03-16,8,58536.23,60,4,5,4,454,High Value
8014,2025-04-10,2025-04-10,1,7418.42,266,3,1,2,312,Occasional
8015,2025-03-10,2025-03-10,1,13553.7,297,2,1,2,212,Occasional
8016,2025-12-30,2025-05-02,11,47518.08,2,5,5,4,554,High Value
8017,2025-09-12,2025-04-20,4,34102.47,111,3,4,4,344,High Value
8018,2025-10-16,2025-08-30,3,4521.57,77,4,3,2,432,Loyal
8020,2025-10-22,2025-10-22,1,6578.51,71,4,1,2,412,New
8022,2025-07-18,2025-07-18,1,29936.8,167,3,1,4,314,Occasional
8023,2025-04-05,2025-03-12,2,5459.64,271,2,2,2,222,Occasional
8025,2025-12-31,2025-03-13,12,37215.74,1,5,5,4,554,High Value
8026,2025-11-16,2025-03-13,8,53856.04,46,4,5,4,454,High Value
8027,2025-05-26,2025-02-05,5,51112.31,220,3,4,4,344,High Value
8028,2025-10-27,2025-02-20,4,58240.86,66,4,4,4,444,High Value
8029,2025-12-04,2025-12-04,1,2837.74,28,5,1,1,511,New
8032,2025-11-23,2025-03-22,7,27015.45,39,4,4,3,443,Loyal
8033,2025-10-25,2025-03-31,4,7538.86,68,4,4,2,442,Loyal
8035,2025-12-05,2025-06-15,2,15366.13,27,5,2,3,523,Occasional
8037,2025-08-27,2025-07-07,2,3883.75,127,3,2,1,321,Occasional
8038,2025-12-26,2025-02-16,6,36504.6,6,5,4,4,544,High Value
8039,2025-12-13,2025-09-06,3,13511.62,19,5,3,2,532,Loyal
8040,2025-11-05,2025-01-30,4,85379.89,57,4,4,5,445,High Value
8041,2025-03-07,2025-03-07,1,495.48,300,2,1,1,211,Occasional
8043,2025-04-15,2025-02-01,3,44935.45,261,3,3,4,334,Loyal
8044,2025-10-04,2025-04-18,2,5227.81,89,4,2,2,422,Occasional
8046,2025-09-07,2025-08-23,2,6096.21,116,3,2,2,322,Occasional
8047,2025-06-05,2025-03-31,2,15772.81,210,3,2,3,323,Occasional
8048,2025-09-19,2025-09-19,1,7744.69,104,3,1,2,312,Occasional
8049,2025-09-30,2025-08-17,3,40952.62,93,4,3,4,434,Loyal
8050,2025-05-14,2025-02-07,3,34475.62,232,3,3,4,334,Loyal
8051,2025-12-06,2025-02-15,7,68842.88,26,5,4,5,545,High Value
8054,2025-11-29,2025-05-29,4,21174.85,33,5,4,3,543,Loyal
8055,2025-05-04,2025-02-25,2,17649.82,242,3,2,3,323,Occasional
8057,2025-08-15,2025-04-26,3,5315.68,139,3,3,2,332,Loyal
8058,2025-05-02,2025-02-03,7,35269.4,244,3,4,4,344,High Value
8059,2025-09-19,2025-03-07,3,4652.55,104,3,3,2,332,Loyal
8060,2025-12-16,2025-08-08,3,9308.91,16,5,3,2,532,Loyal
8061,2025-07-29,2025-03-07,5,29884.0,156,3,4,4,344,High Value
8062,2025-11-13,2025-04-27,3,51366.96,49,4,3,4,434,Loyal
8063,2025-11-07,2025-02-01,8,73551.93,55,4,5,5,455,High Value
8064,2025-10-01,2025-05-06,3,25537.7,92,4,3,3,433,Loyal
8065,2025-12-15,2025-02-15,15,101444.29,17,5,5,5,555,High Value
8066,2025-05-03,2025-02-03,2,6071.77,243,3,2,2,322,Occasional
8067,2025-07-25,2025-03-09,3,61846.32,160,3,3,5,335,Loyal
8068,2025-11-30,2025-02-05,13,128582.45,32,5,5,5,555,High Value
8069,2025-10-06,2025-10-06,1,5369.98,87,4,1,2,412,New
8070,2025-12-21,2025-04-06,9,27873.3,11,5,5,3,553,Loyal
8071,2025-12-31,2025-03-07,6,36584.16,1,5,4,4,544,High Value
8073,2025-08-19,2025-08-02,2,3579.23,135,3,2,1,321,Occasional
8074,2025-04-19,2025-04-19,1,1436.47,257,3,1,1,311,Occasional
8076,2025-06-19,2025-06-19,1,2226.26,196,3,1,1,311,Occasional
8077,2025-07-11,2025-07-11,1,1458.05,174,3,1,1,311,Occasional
8078,2025-05-08,2025-05-08,1,17005.02,238,3,1,3,313,Occasional
8079,2025-04-15,2025-04-15,1,6137.49,261,3,1,2,312,Occasional
8082,2025-09-03,2025-07-18,2,52522.93,120,3,2,4,324,Occasional
8083,2025-10-09,2025-02-20,6,38470.68,84,4,4,4,444,High Value
8084,2025-12-17,2025-11-10,2,10130.53,15,5,2,2,522,New
8085,2025-03-02,2025-03-02,1,707.96,305,2,1,1,211,Occasional
8091,2025-09-21,2025-04-19,5,65877.76,102,3,4,5,345,High Value
8093,2025-11-01,2025-03-08,5,20522.34,61,4,4,3,443,Loyal
8094,2025-07-13,2025-07-13,1,7785.51,172,3,1,2,312,Occasional
8096,2025-10-03,2025-03-04,3,23718.35,90,4,3,3,433,Loyal
8097,2025-04-06,2025-02-21,2,33803.89,270,3,2,4,324,Occasional
8098,2025-12-19,2025-03-20,9,54918.84,13,5,5,4,554,High Value
8099,2025-11-18,2025-11-18,1,5250.96,44,4,1,2,412,New
8100,2025-02-20,2025-02-20,1,10511.8,315,2,1,2,212,Occasional
8101,2025-12-12,2025-04-26,3,12917.39,20,5,3,2,532,Loyal
8102,2025-08-20,2025-08-20,1,5495.67,134,3,1,2,312,Occasional
8103,2025-09-19,2025-09-19,1,4064.65,104,3,1,1,311,Occasional
8105,2025-12-14,2025-07-08,3,16321.71,18,5,3,3,533,Loyal
8107,2025-04-01,2025-04-01,1,3621.47,275,2,1,1,211,Occasional
8109,2025-10-12,2025-09-23,2,35195.26,81,4,2,4,424,Occasional
8110,2025-07-12,2025-07-12,1,2575.99,173,3,1,1,311,Occasional
8111,2025-07-09,2025-07-09,1,521.28,176,3,1,1,311,Occasional
8112,2025-11-23,2025-06-09,4,15129.86,39,4,4,3,443,Loyal
8113,2025-11-29,2025-02-19,9,41275.7,33,5,5,4,554,High Value
8114,2025-09-05,2025-03-10,3,3034.81,118,3,3,1,331,Loyal
8115,2025-12-15,2025-05-31,5,16202.46,17,5,4,3,543,Loyal
8116,2025-02-21,2025-02-21,1,1992.36,314,2,1,1,211,Occasional
8118,2025-03-08,2025-03-08,1,7055.98,299,2,1,2,212,Occasional
8121,2025-12-20,2025-09-04,3,20882.19,12,5,3,3,533,Loyal
8122,2025-12-26,2025-04-19,5,34750.01,6,5,4,4,544,High Value
8123,2025-12-12,2025-04-24,12,84480.94,20,5,5,5,555,High Value
8124,2025-09-10,2025-09-10,1,5915.87,113,3,1,2,312,Occasional
8126,2025-03-21,2025-03-21,1,10749.81,286,2,1,2,212,Occasional
8127,2025-05-18,2025-05-10,2,4492.8,228,3,2,2,322,Occasional
8128,2025-12-17,2025-02-22,13,117895.1,15,5,5,5,555,High Value
8129,2025-11-25,2025-02-10,4,22350.12,37,4,4,3,443,Loyal
8130,2025-08-29,2025-07-05,3,50995.88,125,3,3,4,334,Loyal
8133,2025-12-26,2025-10-07,3,32927.74,6,5,3,4,534,New
8134,2025-12-01,2025-09-20,2,28462.09,31,5,2,3,523,Occasional
8138,2025-09-17,2025-05-29,2,13792.46,106,3,2,2,322,Occasional
8139,2025-09-15,2025-07-13,2,6445.58,108,3,2,2,322,Occasional
8140,2025-03-06,2025-03-06,1,4021.39,301,2,1,1,211,Occasional
8141,2025-10-01,2025-07-26,2,7664.26,92,4,2,2,422,Occasional
8142,2025-12-12,2025-10-16,2,19748.5,20,5,2,3,523,New
8143,2025-10-29,2025-03-14,7,19758.95,64,4,4,3,443,Loyal
8145,2025-11-25,2025-11-25,1,55893.62,37,4,1,4,414,New
8146,2025-08-20,2025-04-14,3,23336.97,134,3,3,3,333,Loyal
8147,2025-02-15,2025-02-15,1,22503.71,320,2,1,3,213,Occasional
8148,2025-08-14,2025-08-14,1,2372.54,140,3,1,1,311,Occasional
8151,2025-10-17,2025-03-13,3,7181.77,76,4,3,2,432,Loyal
8152,2025-10-27,2025-10-27,1,7075.94,66,4,1,2,412,New
8153,2025-08-03,2025-05-15,3,4490.2,151,3,3,2,332,Loyal
8156,2025-03-28,2025-03-28,1,1163.8,279,2,1,1,211,Occasional
8158,2025-02-14,2025-02-14,1,2804.75,321,2,1,1,211,Occasional
8159,2025-08-10,2025-08-10,1,16878.69,144,3,1,3,313,Occasional
8160,2025-11-28,2025-03-07,6,41141.11,34,5,4,4,544,High Value
8161,2025-11-11,2025-03-16,5,28256.63,51,4,4,3,443,Loyal
8163,2025-04-04,2025-04-04,1,171.97,272,2,1,1,211,Occasional
8164,2025-03-09,2025-03-09,1,14076.87,298,2,1,3,213,Occasional
8165,2025-09-29,2025-09-29,1,8789.19,94,4,1,2,412,Occasional
8166,2025-05-31,2025-05-31,1,1088.31,215,3,1,1,311,Occasional
8167,2025-09-04,2025-04-10,4,24901.56,119,3,4,3,343,Loyal
8169,2025-06-02,2025-04-11,2,4236.9,213,3,2,1,321,Occasional
8171,2025-08-09,2025-08-09,1,3018.91,145,3,1,1,311,Occasional
8172,2025-11-24,2024-05-20,13,85692.64,38,4,5,5,455,High Value
8173,2025-06-15,2025-05-14,3,10523.64,200,3,3,2,332,Loyal
8175,2025-08-07,2025-08-07,1,3501.2,147,3,1,1,311,Occasional
8176,2025-09-08,2025-03-16,7,76410.83,115,3,4,5,345,High Value
8177,2025-10-28,2025-10-05,2,3313.43,65,4,2,1,421,New
8178,2025-06-21,2025-04-12,4,20590.37,194,3,4,3,343,Loyal
8179,2025-04-02,2025-04-02,1,65100.58,274,2,1,5,215,At Risk
8181,2025-11-29,2025-11-29,1,29561.64,33,5,1,4,514,New
8182,2025-11-07,2025-02-16,14,109080.06,55,4,5,5,455,High Value
8183,2025-11-30,2025-03-05,13,57320.2,32,5,5,4,554,High Value
8186,2025-09-10,2025-02-20,4,27555.16,113,3,4,3,343,Loyal
8187,2025-09-07,2025-04-08,5,7579.26,116,3,4,2,342,Loyal
8188,2025-10-14,2025-10-14,1,2967.48,79,4,1,1,411,New
8189,2025-12-28,2025-03-06,6,35129.37,4,5,4,4,544,High Value
8191,2025-12-07,2025-04-06,3,41349.18,25,5,3,4,534,Loyal
8193,2025-11-25,2025-10-11,2,1012.11,37,4,2,1,421,New
8194,2025-12-23,2025-03-07,10,54195.88,9,5,5,4,554,High Value
8195,2025-06-07,2025-02-23,2,2497.03,208,3,2,1,321,Occasional
8196,2025-08-07,2025-08-07,1,3934.37,147,3,1,1,311,Occasional
8197,2025-12-22,2025-02-21,5,92508.16,10,5,4,5,545,High Value
8198,2025-10-03,2025-05-12,4,11940.16,90,4,4,2,442,Loyal
8199,2025-09-10,2025-07-01,6,81657.76,113,3,4,5,345,High Value
8200,2025-08-29,2025-06-11,2,2323.38,125,3,2,1,321,Occasional
8201,2025-04-03,2025-02-20,4,26793.82,273,2,4,3,243,At Risk
8202,2025-05-11,2025-05-11,1,23588.77,235,3,1,3,313,Occasional
8203,2025-10-25,2025-10-25,1,6049.72,68,4,1,2,412,New
8204,2025-12-13,2025-02-26,3,13987.95,19,5,3,3,533,Loyal
8205,2025-04-08,2025-03-06,2,69009.43,268,3,2,5,325,Occasional
8207,2025-11-21,2025-04-01,6,234756.41,41,4,4,5,445,High Value
8208,2025-08-07,2025-02-15,6,46216.01,147,3,4,4,344,High Value
8209,2025-12-27,2025-02-14,22,223615.6,5,5,5,5,555,High Value
8211,2025-08-01,2025-08-01,1,2107.18,153,3,1,1,311,Occasional
8212,2025-06-08,2025-05-26,2,3184.06,207,3,2,1,321,Occasional
8213,2025-03-10,2025-03-10,1,5731.62,297,2,1,2,212,Occasional
8214,2025-10-19,2025-07-26,2,1781.23,74,4,2,1,421,Occasional
8215,2025-12-07,2025-07-18,5,61124.35,25,5,4,4,544,High Value
8216,2025-11-08,2025-07-24,2,6088.98,54,4,2,2,422,Occasional
8217,2025-11-22,2025-11-22,1,15231.9,40,4,1,3,413,New
8219,2025-11-28,2025-02-17,14,106107.5,34,5,5,5,555,High Value
8220,2025-08-16,2025-05-17,2,3332.85,138,3,2,1,321,Occasional
8222,2025-09-05,2025-09-05,1,2832.71,118,3,1,1,311,Occasional
8224,2025-10-13,2025-03-11,3,39792.17,80,4,3,4,434,Loyal
8225,2025-10-29,2025-10-29,1,2514.77,64,4,1,1,411,New
8226,2025-12-17,2025-10-10,5,35104.86,15,5,4,4,544,New
8228,2025-10-12,2025-08-08,3,14401.24,81,4,3,3,433,Loyal
8229,2025-12-10,2025-09-16,2,10270.92,22,5,2,2,522,Occasional
8231,2025-12-24,2025-03-07,5,29601.49,8,5,4,4,544,High Value
8232,2025-05-25,2025-02-15,4,41592.1,221,3,4,4,344,High Value
8233,2025-03-15,2025-03-15,1,22237.75,292,2,1,3,213,Occasional
8234,2025-10-16,2025-02-14,2,9399.16,77,4,2,2,422,Occasional
8235,2025-11-16,2025-11-16,1,10883.33,46,4,1,2,412,New
8236,2025-09-05,2025-04-10,2,12133.06,118,3,2,2,322,Occasional
8239,2025-09-19,2025-09-19,1,8212.37,104,3,1,2,312,Occasional
8240,2025-11-22,2025-03-03,3,31896.66,40,4,3,4,434,Loyal
8241,2025-08-15,2025-03-24,3,13726.97,139,3,3,2,332,Loyal
8244,2025-10-10,2025-03-19,8,67479.6,83,4,5,5,455,High Value
8245,2025-06-07,2025-04-22,2,11680.25,208,3,2,2,322,Occasional
8247,2025-10-26,2025-02-19,3,26492.61,67,4,3,3,433,Loyal
8248,2025-12-12,2025-11-11,2,15287.65,20,5,2,3,523,New
8249,2025-03-21,2025-03-21,1,1672.32,286,2,1,1,211,Occasional
8251,2025-05-10,2025-05-10,1,794.33,236,3,1,1,311,Occasional
8252,2025-06-08,2025-06-08,1,4797.11,207,3,1,2,312,Occasional
8255,2025-12-19,2025-03-19,4,13416.43,13,5,4,2,542,Loyal
8256,2025-12-10,2025-03-18,20,156450.4,22,5,5,5,555,High Value
8257,2025-06-30,2025-04-18,3,15553.84,185,3,3,3,333,Loyal
8259,2025-12-27,2025-08-08,4,55987.77,5,5,4,4,544,High Value
8260,2025-12-03,2025-08-22,5,18999.44,29,5,4,3,543,Loyal
8262,2025-12-03,2025-04-03,5,172676.45,29,5,4,5,545,High Value
8263,2025-02-24,2025-02-24,1,2965.91,311,2,1,1,211,Occasional
8264,2025-05-14,2025-05-14,1,5314.0,232,3,1,2,312,Occasional
8266,2025-05-31,2025-05-31,1,3946.97,215,3,1,1,311,Occasional
8267,2025-08-14,2025-07-26,2,5837.56,140,3,2,2,322,Occasional
8268,2025-12-25,2025-12-12,2,6766.76,7,5,2,2,522,New
8269,2025-12-21,2025-03-25,17,152643.76,11,5,5,5,555,High Value
8271,2025-12-15,2025-12-15,1,11110.29,17,5,1,2,512,New
8276,2025-06-28,2025-04-22,2,12121.81,187,3,2,2,322,Occasional
8277,2025-10-28,2025-08-09,2,22455.21,65,4,2,3,423,Occasional
8279,2025-07-13,2025-07-13,1,4527.2,172,3,1,2,312,Occasional
8280,2025-07-17,2025-02-25,2,35047.29,168,3,2,4,324,Occasional
8281,2025-10-22,2025-04-08,7,46333.28,71,4,4,4,444,High Value
8284,2025-06-21,2025-06-21,1,6106.82,194,3,1,2,312,Occasional
8285,2025-12-31,2025-03-11,4,28552.77,1,5,4,3,543,Loyal
8286,2025-09-28,2025-03-27,4,21152.69,95,4,4,3,443,Loyal
8287,2025-07-15,2025-07-15,1,378.67,170,3,1,1,311,Occasional
8289,2025-12-04,2025-05-23,9,61625.29,28,5,5,5,555,High Value
8290,2025-10-03,2025-04-26,2,3912.47,90,4,2,1,421,Occasional
8291,2025-06-25,2025-06-25,1,1437.77,190,3,1,1,311,Occasional
8292,2025-09-27,2025-09-27,1,34433.92,96,3,1,4,314,Occasional
8293,2025-05-25,2025-05-25,1,983.34,221,3,1,1,311,Occasional
8294,2025-09-30,2025-09-30,1,1974.79,93,4,1,1,411,Occasional
8295,2025-11-08,2025-05-15,10,51210.48,54,4,5,4,454,High Value
8296,2025-11-16,2025-10-06,2,17680.91,46,4,2,3,423,New
8297,2025-07-05,2025-07-05,1,975.12,180,3,1,1,311,Occasional
8299,2025-08-30,2025-03-06,2,4443.76,124,3,2,2,322,Occasional
8302,2025-11-03,2025-08-12,2,13911.65,59,4,2,2,422,Occasional
8304,2025-05-19,2025-05-19,1,1227.67,227,3,1,1,311,Occasional
8305,2025-05-31,2025-05-31,1,3155.19,215,3,1,1,311,Occasional
8306,2025-05-09,2025-05-09,1,697.79,237,3,1,1,311,Occasional
8308,2025-07-11,2025-04-01,2,11909.82,174,3,2,2,322,Occasional
8309,2025-10-09,2025-03-02,9,79558.1,84,4,5,5,455,High Value
8310,2025-10-11,2025-04-13,4,35724.7,82,4,4,4,444,High Value
8311,2025-06-19,2025-03-09,4,50551.76,196,3,4,4,344,High Value
8312,2025-11-14,2025-04-26,5,15263.87,48,4,4,3,443,Loyal
8313,2025-10-22,2025-07-06,4,39037.44,71,4,4,4,444,High Value
8315,2025-12-23,2025-12-23,1,4371.99,9,5,1,1,511,New
8316,2025-11-15,2025-03-30,3,7413.12,47,4,3,2,432,Loyal
8318,2025-10-31,2025-10-17,2,4068.65,62,4,2,1,421,New
8320,2025-06-16,2025-04-10,2,7262.08,199,3,2,2,322,Occasional
8321,2025-03-22,2025-03-22,1,4556.4,285,2,1,2,212,Occasional
8322,2025-05-28,2025-05-28,1,745.22,218,3,1,1,311,Occasional
8323,2025-02-22,2025-02-22,1,10974.03,313,2,1,2,212,Occasional
8324,2025-12-14,2025-02-21,5,55845.05,18,5,4,4,544,High Value
8327,2025-12-07,2025-06-28,5,24633.6,25,5,4,3,543,Loyal
8328,2025-07-18,2025-07-18,1,4239.6,167,3,1,1,311,Occasional
8330,2025-12-28,2025-03-02,7,61861.19,4,5,4,5,545,High Value
8331,2025-07-23,2025-07-23,1,9889.83,162,3,1,2,312,Occasional
8333,2025-12-20,2025-06-08,3,8911.25,12,5,3,2,532,Loyal
8334,2025-06-18,2025-06-18,1,785.57,197,3,1,1,311,Occasional
8335,2025-09-06,2025-03-04,6,55002.81,117,3,4,4,344,High Value
8336,2025-11-01,2025-11-01,1,1514.4,61,4,1,1,411,New
8337,2025-07-28,2025-07-28,1,621.05,157,3,1,1,311,Occasional
8339,2025-11-23,2025-03-19,2,8247.47,39,4,2,2,422,Occasional
8341,2025-11-15,2025-06-25,3,31118.77,47,4,3,4,434,Loyal
8344,2025-12-08,2025-11-03,2,14902.17,24,5,2,3,523,New
8346,2025-08-02,2025-03-09,3,21860.0,152,3,3,3,333,Loyal
8347,2025-04-05,2025-04-05,1,2196.84,271,2,1,1,211,Occasional
8348,2025-10-26,2025-03-10,4,27918.25,67,4,4,3,443,Loyal
8350,2025-05-08,2025-05-08,1,851.81,238,3,1,1,311,Occasional
8351,2025-05-04,2025-05-04,1,560.27,242,3,1,1,311,Occasional
8352,2025-04-23,2025-04-23,1,247.31,253,3,1,1,311,Occasional
8353,2025-07-17,2025-05-13,2,34283.64,168,3,2,4,324,Occasional
8354,2025-08-30,2025-05-17,5,55763.72,124,3,4,4,344,High Value
8356,2025-11-25,2025-05-01,5,22035.88,37,4,4,3,443,Loyal
8357,2025-11-22,2025-09-30,3,4195.84,40,4,3,1,431,Loyal
8359,2025-12-08,2025-03-20,7,80336.96,24,5,4,5,545,High Value
8361,2025-11-11,2025-03-05,7,47122.89,51,4,4,4,444,High Value
8362,2025-09-24,2025-03-20,16,83562.72,99,3,5,5,355,High Value
8363,2025-07-03,2025-05-22,3,14775.63,182,3,3,3,333,Loyal
8364,2025-12-25,2025-06-01,9,58884.22,7,5,5,4,554,High Value
8365,2025-11-12,2025-11-12,1,26945.52,50,4,1,3,413,New
8369,2025-08-22,2025-03-07,9,41369.08,132,3,5,4,354,High Value
8370,2025-09-14,2025-08-01,2,24593.9,109,3,2,3,323,Occasional
8373,2025-12-16,2025-04-03,8,57367.35,16,5,5,4,554,High Value
8374,2025-07-14,2025-07-14,1,27716.06,171,3,1,3,313,Occasional
8375,2025-06-29,2025-06-29,1,3614.82,186,3,1,1,311,Occasional
8376,2025-11-19,2025-03-13,7,188230.39,43,4,4,5,445,High Value
8377,2025-12-13,2025-05-24,4,38660.61,19,5,4,4,544,High Value
8379,2025-11-02,2025-09-26,2,13713.76,60,4,2,2,422,Occasional
8383,2025-12-29,2025-05-10,6,37443.83,3,5,4,4,544,High Value
8384,2025-12-11,2025-12-11,1,14176.69,21,5,1,3,513,New
8385,2025-11-21,2025-08-08,3,24573.95,41,4,3,3,433,Loyal
8386,2025-05-03,2025-05-03,1,10501.48,243,3,1,2,312,Occasional
8387,2025-10-04,2025-03-07,5,21541.36,89,4,4,3,443,Loyal
8388,2025-10-10,2025-06-30,2,36371.13,83,4,2,4,424,Occasional
8389,2025-11-06,2025-06-29,4,38888.21,56,4,4,4,444,High Value
8390,2025-12-21,2025-07-06,4,45925.39,11,5,4,4,544,High Value
8391,2025-11-29,2025-03-31,8,39884.43,33,5,5,4,554,High Value
8392,2025-12-24,2025-04-13,5,15005.09,8,5,4,3,543,Loyal
8393,2025-03-07,2025-03-07,1,1517.65,300,2,1,1,211,Occasional
8395,2025-11-08,2025-03-10,4,16306.16,54,4,4,3,443,Loyal
8396,2025-03-23,2025-03-23,1,5609.88,284,2,1,2,212,Occasional
8397,2025-10-08,2025-03-28,3,48255.69,85,4,3,4,434,Loyal
8398,2025-12-01,2025-09-20,4,9145.04,31,5,4,2,542,Loyal
8400,2025-12-14,2025-08-04,3,48455.68,18,5,3,4,534,Loyal
8401,2025-10-25,2025-07-10,4,17706.56,68,4,4,3,443,Loyal
8402,2025-10-18,2025-10-18,1,10594.49,75,4,1,2,412,New
8403,2025-08-14,2025-03-06,4,38716.42,140,3,4,4,344,High Value
8404,2025-10-13,2025-08-07,3,5581.49,80,4,3,2,432,Loyal
8405,2025-07-05,2025-04-02,3,11579.76,180,3,3,2,332,Loyal
8406,2025-03-04,2025-03-04,1,1653.77,303,2,1,1,211,Occasional
8407,2025-05-05,2025-05-05,1,16911.25,241,3,1,3,313,Occasional
8408,2025-11-01,2025-09-24,2,34825.08,61,4,2,4,424,Occasional
8410,2025-03-30,2025-03-30,1,54599.1,277,2,1,4,214,At Risk
8411,2025-05-26,2025-05-26,1,327.78,220,3,1,1,311,Occasional
8412,2025-10-25,2025-03-30,17,94180.17,68,4,5,5,455,High Value
8414,2025-06-22,2025-05-18,4,15775.94,193,3,4,3,343,Loyal
8415,2025-05-10,2025-04-21,2,29404.44,236,3,2,3,323,Occasional
8417,2025-11-23,2025-10-21,3,28531.85,39,4,3,3,433,New
8418,2025-05-23,2025-03-15,2,14899.46,223,3,2,3,323,Occasional
8419,2025-11-14,2025-04-11,6,31797.62,48,4,4,4,444,High Value
8420,2025-12-26,2025-12-26,1,3149.83,6,5,1,1,511,New
8422,2025-05-04,2025-04-14,3,54297.4,242,3,3,4,334,Loyal
8425,2025-11-17,2025-07-03,4,33137.68,45,4,4,4,444,High Value
8427,2025-12-20,2025-04-21,2,8883.18,12,5,2,2,522,Occasional
8429,2025-10-31,2025-05-06,2,4234.51,62,4,2,1,421,Occasional
8430,2025-09-26,2025-09-06,2,3433.75,97,3,2,1,321,Occasional
8431,2025-12-04,2025-05-22,6,48008.33,28,5,4,4,544,High Value
8433,2025-07-15,2025-07-15,1,4330.83,170,3,1,1,311,Occasional
8434,2025-12-04,2025-09-05,3,18220.47,28,5,3,3,533,Loyal
8435,2025-07-24,2025-04-29,2,12252.37,161,3,2,2,322,Occasional
8436,2025-12-12,2025-03-14,7,52431.32,20,5,4,4,544,High Value
8437,2025-07-13,2025-03-05,3,28018.84,172,3,3,3,333,Loyal
8439,2025-10-11,2025-10-11,1,10800.81,82,4,1,2,412,New
8442,2025-11-07,2025-07-10,2,2931.46,55,4,2,1,421,Occasional
8444,2025-07-17,2025-07-17,1,14291.78,168,3,1,3,313,Occasional
8445,2025-11-06,2025-03-15,4,14770.83,56,4,4,3,443,Loyal
8446,2025-09-14,2025-05-14,3,29848.47,109,3,3,4,334,Loyal
8447,2025-12-10,2025-03-05,5,124122.09,22,5,4,5,545,High Value
8450,2025-12-03,2025-03-14,6,38244.72,29,5,4,4,544,High Value
8451,2025-09-05,2025-09-05,1,9414.41,118,3,1,2,312,Occasional
8452,2025-07-21,2025-07-21,1,13829.71,164,3,1,2,312,Occasional
8453,2025-04-25,2025-04-18,3,30744.92,251,3,3,4,334,Loyal
8454,2025-10-03,2025-08-28,2,1533.39,90,4,2,1,421,Occasional
8455,2025-09-22,2025-09-22,1,3455.01,101,3,1,1,311,Occasional
8457,2025-09-12,2025-09-12,1,8372.23,111,3,1,2,312,Occasional
8458,2025-06-14,2025-06-14,1,646.8,201,3,1,1,311,Occasional
8460,2025-10-27,2025-03-20,4,22734.62,66,4,4,3,443,Loyal
8461,2025-10-27,2025-10-27,1,2441.01,66,4,1,1,411,New
8462,2025-10-13,2025-10-13,1,10329.56,80,4,1,2,412,New
8463,2025-11-25,2025-03-31,4,42557.34,37,4,4,4,444,High Value
8464,2025-11-29,2025-05-12,2,2152.28,33,5,2,1,521,Occasional
8465,2025-11-10,2025-03-16,2,2732.72,52,4,2,1,421,Occasional
8466,2025-09-29,2025-09-29,1,2355.72,94,4,1,1,411,Occasional
8469,2025-11-26,2025-05-11,3,39826.84,36,4,3,4,434,Loyal
8470,2025-04-29,2025-04-29,1,6950.8,247,3,1,2,312,Occasional
8471,2025-08-02,2025-03-26,4,27986.93,152,3,4,3,343,Loyal
8472,2025-09-01,2025-09-01,1,5542.83,122,3,1,2,312,Occasional
8473,2025-12-05,2025-11-01,2,1807.68,27,5,2,1,521,New
8474,2025-04-10,2025-04-10,1,658.8,266,3,1,1,311,Occasional
8476,2025-07-24,2025-03-18,3,18801.62,161,3,3,3,333,Loyal
8478,2025-09-25,2025-04-12,2,4430.56,98,3,2,1,321,Occasional
8479,2025-12-30,2025-04-14,7,61586.05,2,5,4,4,544,High Value
8480,2025-09-07,2025-04-11,4,26258.53,116,3,4,3,343,Loyal
8481,2025-12-31,2025-12-01,3,8595.05,1,5,3,2,532,New
8482,2025-04-30,2025-04-30,1,4572.19,246,3,1,2,312,Occasional
8484,2025-10-26,2025-10-26,1,944.29,67,4,1,1,411,New
8487,2025-05-05,2025-05-05,1,6723.72,241,3,1,2,312,Occasional
8488,2025-11-19,2025-03-17,4,11482.15,43,4,4,2,442,Loyal
8489,2025-05-08,2025-03-23,2,4820.69,238,3,2,2,322,Occasional
8490,2025-11-24,2025-05-21,3,17643.65,38,4,3,3,433,Loyal
8491,2025-11-24,2025-08-07,2,19420.57,38,4,2,3,423,Occasional
8495,2025-09-20,2025-09-20,1,1046.02,103,3,1,1,311,Occasional
8497,2025-03-13,2025-03-13,1,4155.23,294,2,1,1,211,Occasional
8498,2025-07-16,2025-07-16,1,39940.08,169,3,1,4,314,Occasional
8500,2025-10-07,2025-04-20,5,40983.65,86,4,4,4,444,High Value
8501,2025-09-16,2025-09-16,1,1414.84,107,3,1,1,311,Occasional
8502,2025-08-11,2025-06-14,3,23787.63,143,3,3,3,333,Loyal
8503,2025-12-20,2025-12-20,1,16694.23,12,5,1,3,513,New
8504,2025-08-13,2025-08-13,1,27388.87,141,3,1,3,313,Occasional
8505,2025-07-13,2025-03-28,2,20597.01,172,3,2,3,323,Occasional
8506,2025-11-29,2025-04-28,3,5080.81,33,5,3,2,532,Loyal
8507,2025-10-19,2025-05-31,5,13486.15,74,4,4,2,442,Loyal
8508,2025-09-16,2025-09-16,1,1873.87,107,3,1,1,311,Occasional
8509,2025-09-16,2025-04-27,4,13743.99,107,3,4,2,342,Loyal
8510,2025-10-30,2025-05-19,4,23720.51,63,4,4,3,443,Loyal
8511,2025-05-06,2025-05-06,1,18484.71,240,3,1,3,313,Occasional
8512,2025-12-13,2025-07-19,5,26973.26,19,5,4,3,543,Loyal
8513,2025-09-05,2025-09-05,1,2577.72,118,3,1,1,311,Occasional
8514,2025-07-17,2025-04-16,5,34056.13,168,3,4,4,344,High Value
8515,2025-05-29,2025-04-17,2,1297.43,217,3,2,1,321,Occasional
8516,2025-06-20,2025-06-20,1,13299.68,195,3,1,2,312,Occasional
8518,2025-04-02,2025-04-02,1,1480.71,274,2,1,1,211,Occasional
8519,2025-08-30,2025-03-28,2,9228.43,124,3,2,2,322,Occasional
8520,2025-11-06,2025-04-01,5,29036.25,56,4,4,3,443,Loyal
8521,2025-12-15,2025-04-30,3,4112.62,17,5,3,1,531,Loyal
8522,2025-12-01,2025-03-19,8,101811.32,31,5,5,5,555,High Value
8523,2025-12-17,2025-09-07,2,9618.72,15,5,2,2,522,Occasional
8526,2025-12-23,2025-04-24,9,84801.33,9,5,5,5,555,High Value
8527,2025-06-24,2025-06-24,1,24350.06,191,3,1,3,313,Occasional
8528,2025-07-10,2025-07-10,1,25664.37,175,3,1,3,313,Occasional
8529,2025-12-22,2025-08-09,2,8105.84,10,5,2,2,522,Occasional
8530,2025-09-27,2025-09-27,1,5396.21,96,3,1,2,312,Occasional
8532,2025-12-04,2025-03-12,5,67214.02,28,5,4,5,545,High Value
8534,2025-09-27,2025-06-10,4,30749.88,96,3,4,4,344,High Value
8535,2025-09-02,2025-09-02,1,339.73,121,3,1,1,311,Occasional
8537,2025-10-02,2025-03-19,3,37377.18,91,4,3,4,434,Loyal
8538,2025-10-21,2025-10-21,1,3982.93,72,4,1,1,411,New
8539,2025-12-24,2025-12-24,1,3076.34,8,5,1,1,511,New
8540,2025-03-16,2025-03-16,1,18622.88,291,2,1,3,213,Occasional
8544,2025-05-31,2025-05-31,1,10699.34,215,3,1,2,312,Occasional
8545,2025-04-18,2025-04-18,1,10009.18,258,3,1,2,312,Occasional
8549,2025-12-24,2025-10-04,2,20671.86,8,5,2,3,523,New
8550,2025-10-27,2025-09-02,2,5619.51,66,4,2,2,422,Occasional
8551,2025-11-28,2025-05-18,4,26169.09,34,5,4,3,543,Loyal
8552,2025-10-01,2025-05-18,3,29050.2,92,4,3,3,433,Loyal
8553,2025-10-24,2025-09-29,2,6603.0,69,4,2,2,422,Occasional
8556,2025-11-22,2025-06-08,3,4655.05,40,4,3,2,432,Loyal
8557,2025-11-02,2025-04-17,5,50085.06,60,4,4,4,444,High Value
8558,2025-10-25,2025-06-07,3,5141.54,68,4,3,2,432,Loyal
8559,2025-09-13,2025-08-07,2,16940.18,110,3,2,3,323,Occasional
8562,2025-11-24,2025-05-24,8,69334.28,38,4,5,5,455,High Value
8563,2025-08-08,2025-08-08,1,826.45,146,3,1,1,311,Occasional
8567,2025-12-09,2025-09-21,2,4578.68,23,5,2,2,522,Occasional
8568,2025-10-16,2025-08-30,2,3968.6,77,4,2,1,421,Occasional
8569,2025-09-30,2025-04-01,4,24678.32,93,4,4,3,443,Loyal
8570,2025-11-20,2025-08-11,4,54867.19,42,4,4,4,444,High Value
8571,2025-09-08,2025-06-19,2,8748.73,115,3,2,2,322,Occasional
8572,2025-06-08,2025-06-08,1,7791.36,207,3,1,2,312,Occasional
8573,2025-12-14,2025-05-18,11,35455.64,18,5,5,4,554,High Value
8574,2025-11-19,2025-06-07,3,24880.69,43,4,3,3,433,Loyal
8575,2025-07-01,2025-04-20,4,32717.37,184,3,4,4,344,High Value
8576,2025-09-09,2025-08-14,2,2004.42,114,3,2,1,321,Occasional
8577,2025-11-10,2025-04-20,4,8542.53,52,4,4,2,442,Loyal
8578,2025-04-25,2025-04-25,1,5721.23,251,3,1,2,312,Occasional
8581,2025-11-14,2025-09-01,2,17829.42,48,4,2,3,423,Occasional
8583,2025-03-19,2025-03-19,1,49650.36,288,2,1,4,214,At Risk
8584,2025-11-02,2024-05-20,8,82549.98,60,4,5,5,455,High Value
8585,2025-12-04,2025-04-03,12,50257.08,28,5,5,4,554,High Value
8586,2025-11-02,2025-11-02,1,9155.3,60,4,1,2,412,New
8588,2025-10-29,2025-10-29,1,5088.39,64,4,1,2,412,New
8590,2025-10-11,2025-10-11,1,3918.85,82,4,1,1,411,New
8591,2025-08-29,2025-03-16,2,26963.0,125,3,2,3,323,Occasional
8593,2025-10-12,2025-10-12,1,21635.03,81,4,1,3,413,New
8594,2025-05-02,2025-05-02,1,571.3,244,3,1,1,311,Occasional
8596,2025-07-24,2025-07-24,1,7310.53,161,3,1,2,312,Occasional
8598,2025-09-11,2025-09-11,1,14148.14,112,3,1,3,313,Occasional
8599,2025-08-21,2025-08-21,1,3548.35,133,3,1,1,311,Occasional
8600,2025-12-13,2025-05-24,5,15735.87,19,5,4,3,543,Loyal
8605,2025-03-22,2025-03-22,1,636.03,285,2,1,1,211,Occasional
8606,2025-03-22,2025-03-22,1,1942.17,285,2,1,1,211,Occasional
8607,2025-11-15,2025-11-15,1,6604.63,47,4,1,2,412,New
8608,2025-08-17,2025-04-27,3,7418.81,137,3,3,2,332,Loyal
8609,2025-12-28,2025-03-22,5,11480.75,4,5,4,2,542,Loyal
8611,2025-12-21,2025-05-11,3,10335.08,11,5,3,2,532,Loyal
8613,2025-12-22,2025-12-22,1,377.48,10,5,1,1,511,New
8615,2025-07-28,2025-07-27,2,2895.99,157,3,2,1,321,Occasional
8617,2025-06-05,2025-03-29,2,7223.41,210,3,2,2,322,Occasional
8618,2025-04-17,2025-04-17,1,5517.84,259,3,1,2,312,Occasional
8619,2025-10-04,2025-08-11,3,13498.48,89,4,3,2,432,Loyal
8621,2025-08-06,2025-05-09,3,22265.71,148,3,3,3,333,Loyal
8622,2025-11-05,2025-06-27,2,15113.63,57,4,2,3,423,Occasional
8624,2025-10-02,2025-06-21,2,33486.28,91,4,2,4,424,Occasional
8625,2025-12-11,2025-06-30,4,31775.89,21,5,4,4,544,High Value
8626,2025-04-07,2025-03-20,2,20281.08,269,3,2,3,323,Occasional
8629,2025-06-15,2025-06-15,1,11080.02,200,3,1,2,312,Occasional
8630,2025-10-18,2025-03-22,6,37582.45,75,4,4,4,444,High Value
8631,2025-08-03,2025-08-03,1,12671.16,151,3,1,2,312,Occasional
8633,2025-05-08,2025-05-08,1,9027.2,238,3,1,2,312,Occasional
8634,2025-09-02,2025-05-06,3,29983.85,121,3,3,4,334,Loyal
8635,2025-07-23,2025-04-06,2,41104.05,162,3,2,4,324,Occasional
8636,2025-12-31,2025-03-23,33,230984.21,1,5,5,5,555,High Value
8637,2025-04-19,2025-04-19,1,11711.73,257,3,1,2,312,Occasional
8640,2025-11-28,2025-11-15,2,46555.42,34,5,2,4,524,New
8641,2025-12-25,2025-03-31,9,52439.05,7,5,5,4,554,High Value
8643,2025-05-22,2025-04-28,3,3932.96,224,3,3,1,331,Loyal
8644,2025-10-17,2025-10-17,1,971.49,76,4,1,1,411,New
8648,2025-04-05,2025-04-05,1,543.56,271,2,1,1,211,Occasional
8649,2025-11-29,2025-10-18,2,22787.31,33,5,2,3,523,New
8650,2025-11-05,2025-05-08,3,28539.64,57,4,3,3,433,Loyal
8651,2025-11-24,2025-08-05,3,49600.61,38,4,3,4,434,Loyal
8653,2025-10-02,2025-03-30,3,14483.6,91,4,3,3,433,Loyal
8654,2025-06-24,2025-06-24,1,1146.71,191,3,1,1,311,Occasional
8655,2025-10-05,2025-06-21,5,28369.27,88,4,4,3,443,Loyal
8656,2025-12-26,2025-06-18,7,32167.1,6,5,4,4,544,High Value
8658,2025-10-29,2025-10-29,1,17028.55,64,4,1,3,413,New
8659,2025-11-20,2025-05-12,2,28863.09,42,4,2,3,423,Occasional
8660,2025-12-06,2025-03-22,7,15079.17,26,5,4,3,543,Loyal
8661,2025-09-05,2025-09-05,1,2822.28,118,3,1,1,311,Occasional
8663,2025-11-09,2025-09-19,2,6414.05,53,4,2,2,422,Occasional
8664,2025-06-08,2025-06-08,1,52297.63,207,3,1,4,314,Occasional
8667,2025-11-17,2025-04-12,6,39177.44,45,4,4,4,444,High Value
8668,2025-07-07,2025-07-07,1,534.42,178,3,1,1,311,Occasional
8669,2025-05-10,2025-05-10,1,203.45,236,3,1,1,311,Occasional
8670,2025-10-13,2025-10-13,1,11615.9,80,4,1,2,412,New
8671,2025-10-28,2025-08-25,3,18038.76,65,4,3,3,433,Loyal
8672,2025-05-03,2025-03-28,5,38532.92,243,3,4,4,344,High Value
8673,2025-12-17,2025-04-19,12,105263.89,15,5,5,5,555,High Value
8674,2025-06-05,2025-06-05,1,3334.63,210,3,1,1,311,Occasional
8675,2025-12-21,2025-04-26,7,39447.83,11,5,4,4,544,High Value
8676,2025-06-11,2025-06-11,1,4703.99,204,3,1,2,312,Occasional
8677,2025-12-04,2025-04-26,2,7893.89,28,5,2,2,522,Occasional
8679,2025-05-10,2025-05-10,1,730.78,236,3,1,1,311,Occasional
8681,2025-12-27,2025-05-07,3,19141.03,5,5,3,3,533,Loyal
8684,2025-11-07,2025-08-01,5,15177.39,55,4,4,3,443,Loyal
8687,2025-11-07,2025-08-06,3,29191.63,55,4,3,3,433,Loyal
8688,2025-12-17,2025-04-01,17,122147.8,15,5,5,5,555,High Value
8689,2025-10-31,2025-04-13,9,83218.9,62,4,5,5,455,High Value
8690,2025-11-25,2025-05-10,4,10052.23,37,4,4,2,442,Loyal
8691,2025-08-13,2025-04-20,5,44079.04,141,3,4,4,344,High Value
8692,2025-10-23,2025-04-05,5,40340.09,70,4,4,4,444,High Value
8693,2025-05-27,2025-05-27,1,8244.06,219,3,1,2,312,Occasional
8694,2025-08-26,2025-05-01,5,85233.97,128,3,4,5,345,High Value
8695,2025-08-02,2025-08-02,1,2660.25,152,3,1,1,311,Occasional
8697,2025-12-07,2025-12-07,1,3145.51,25,5,1,1,511,New
8698,2025-09-07,2025-09-07,1,4010.03,116,3,1,1,311,Occasional
8699,2025-12-31,2025-03-28,12,63907.94,1,5,5,5,555,High Value
8700,2025-11-05,2025-08-21,2,2560.63,57,4,2,1,421,Occasional
8701,2025-04-17,2025-04-17,1,2031.41,259,3,1,1,311,Occasional
8702,2025-10-19,2025-06-18,5,21134.07,74,4,4,3,443,Loyal
8704,2025-07-26,2025-06-02,2,5326.72,159,3,2,2,322,Occasional
8706,2025-03-25,2025-03-25,1,6748.22,282,2,1,2,212,Occasional
8707,2025-09-05,2025-05-27,2,20269.89,118,3,2,3,323,Occasional
8708,2025-12-10,2025-09-16,3,14729.11,22,5,3,3,533,Loyal
8709,2025-12-06,2025-03-26,13,118239.16,26,5,5,5,555,High Value
8710,2025-08-19,2025-08-19,1,1353.19,135,3,1,1,311,Occasional
8714,2025-05-27,2025-05-27,1,826.45,219,3,1,1,311,Occasional
8715,2025-05-18,2025-05-18,1,10808.48,228,3,1,2,312,Occasional
8718,2025-08-15,2025-08-15,1,718.24,139,3,1,1,311,Occasional
8723,2025-06-28,2025-06-27,2,5486.8,187,3,2,2,322,Occasional
8724,2025-08-31,2025-08-31,1,53849.24,123,3,1,4,314,Occasional
8725,2025-09-24,2025-09-24,1,2403.37,99,3,1,1,311,Occasional
8726,2025-12-26,2025-04-29,8,55892.43,6,5,5,4,554,High Value
8727,2025-12-30,2025-04-02,5,11810.85,2,5,4,2,542,Loyal
8728,2025-10-21,2025-04-05,2,4065.03,72,4,2,1,421,Occasional
8729,2025-12-30,2025-12-30,1,8383.54,2,5,1,2,512,New
8732,2025-08-05,2025-03-31,5,42215.92,149,3,4,4,344,High Value
8733,2025-08-12,2025-04-07,11,92977.04,142,3,5,5,355,High Value
8734,2025-09-08,2025-09-08,1,18702.38,115,3,1,3,313,Occasional
8735,2025-06-15,2025-06-15,1,913.09,200,3,1,1,311,Occasional
8736,2025-12-26,2025-10-04,2,3428.84,6,5,2,1,521,New
8737,2025-11-17,2025-08-08,3,27969.74,45,4,3,3,433,Loyal
8738,2025-12-01,2025-09-12,3,13608.2,31,5,3,2,532,Loyal
8739,2025-12-11,2025-04-30,3,29321.96,21,5,3,3,533,Loyal
8740,2025-06-29,2025-06-29,1,14607.01,186,3,1,3,313,Occasional
8742,2025-12-02,2025-04-12,8,63259.58,30,5,5,5,555,High Value
8744,2025-12-02,2025-09-28,2,43538.18,30,5,2,4,524,Occasional
8745,2025-12-25,2025-07-25,3,15422.37,7,5,3,3,533,Loyal
8746,2025-07-09,2025-04-22,3,21635.73,176,3,3,3,333,Loyal
8747,2025-11-05,2025-09-20,3,6125.09,57,4,3,2,432,Loyal
8748,2025-09-05,2025-09-05,1,3639.59,118,3,1,1,311,Occasional
8749,2025-05-03,2025-04-28,2,12363.34,243,3,2,2,322,Occasional
8750,2025-12-25,2025-08-13,5,137652.8,7,5,4,5,545,High Value
8753,2025-08-05,2025-04-01,3,18730.99,149,3,3,3,333,Loyal
8755,2025-12-19,2025-06-04,7,68153.27,13,5,4,5,545,High Value
8756,2025-11-09,2025-04-12,3,11513.78,53,4,3,2,432,Loyal
8757,2025-07-04,2025-04-11,2,8938.35,181,3,2,2,322,Occasional
8761,2025-12-07,2025-07-19,3,27801.28,25,5,3,3,533,Loyal
8764,2025-03-30,2025-03-30,1,5698.09,277,2,1,2,212,Occasional
8765,2025-10-18,2025-05-26,3,11605.62,75,4,3,2,432,Loyal
8766,2025-12-12,2025-04-08,20,158120.24,20,5,5,5,555,High Value
8767,2025-05-31,2025-05-31,1,6279.29,215,3,1,2,312,Occasional
8768,2025-11-13,2025-05-31,2,8327.67,49,4,2,2,422,Occasional
8769,2025-12-31,2025-04-06,22,129346.18,1,5,5,5,555,High Value
8770,2025-08-18,2025-08-01,2,10331.72,136,3,2,2,322,Occasional
8773,2025-09-04,2025-08-18,2,18946.77,119,3,2,3,323,Occasional
8774,2025-07-24,2025-04-24,3,6361.16,161,3,3,2,332,Loyal
8775,2025-11-13,2025-09-10,3,26050.71,49,4,3,3,433,Loyal
8776,2025-08-11,2025-08-11,1,4102.02,143,3,1,1,311,Occasional
8777,2025-12-25,2025-04-02,13,87465.62,7,5,5,5,555,High Value
8779,2025-12-01,2025-06-19,4,39263.96,31,5,4,4,544,High Value
8780,2025-12-25,2025-04-12,14,118686.65,7,5,5,5,555,High Value
8782,2025-12-27,2025-11-11,3,6884.12,5,5,3,2,532,New
8783,2025-10-02,2025-10-02,1,4007.66,91,4,1,1,411,Occasional
8785,2025-09-29,2025-07-01,3,20780.19,94,4,3,3,433,Loyal
8787,2025-12-31,2025-04-11,8,21929.22,1,5,5,3,553,Loyal
8789,2025-10-01,2025-07-09,2,35948.44,92,4,2,4,424,Occasional
8790,2025-12-22,2025-05-09,4,31499.61,10,5,4,4,544,High Value
8791,2025-07-29,2025-05-30,3,6630.53,156,3,3,2,332,Loyal
8793,2025-12-25,2025-04-10,6,37093.58,7,5,4,4,544,High Value
8795,2025-12-28,2025-05-18,9,108606.18,4,5,5,5,555,High Value
8796,2025-11-25,2025-04-04,4,30152.24,37,4,4,4,444,High Value
8797,2025-11-15,2025-05-04,5,27541.8,47,4,4,3,443,Loyal
8799,2025-10-18,2025-08-20,2,24260.51,75,4,2,3,423,Occasional
8801,2025-11-01,2025-04-13,6,58297.21,61,4,4,4,444,High Value
8802,2025-07-20,2025-04-15,3,15238.56,165,3,3,3,333,Loyal
8803,2025-12-24,2025-04-16,16,66821.98,8,5,5,5,555,High Value
8804,2025-11-06,2025-08-23,2,5568.51,56,4,2,2,422,Occasional
8805,2025-08-14,2025-04-28,8,43184.28,140,3,5,4,354,High Value
8806,2025-09-14,2025-04-28,2,2180.88,109,3,2,1,321,Occasional
8807,2025-12-30,2025-09-16,3,26550.53,2,5,3,3,533,Loyal
8808,2025-10-10,2025-05-06,3,17878.37,83,4,3,3,433,Loyal
8809,2025-09-16,2025-04-20,5,10683.72,107,3,4,2,342,Loyal
8810,2025-11-07,2025-11-07,1,4301.37,55,4,1,1,411,New
8812,2025-11-20,2025-11-20,1,2083.81,42,4,1,1,411,New
8813,2025-05-01,2025-04-18,2,14596.56,245,3,2,3,323,Occasional
8814,2025-12-04,2025-06-03,9,92260.08,28,5,5,5,555,High Value
8815,2025-12-14,2025-09-25,4,40886.09,18,5,4,4,544,High Value
8816,2025-12-31,2025-10-16,2,1393.5,1,5,2,1,521,New
8817,2025-12-29,2025-04-04,11,40801.48,3,5,5,4,554,High Value
8818,2025-12-08,2025-04-09,8,65304.74,24,5,5,5,555,High Value
8820,2025-11-25,2025-09-27,2,47452.23,37,4,2,4,424,Occasional
8821,2025-09-30,2025-04-15,4,17966.88,93,4,4,3,443,Loyal
8822,2025-04-29,2025-04-29,1,14550.01,247,3,1,3,313,Occasional
8826,2025-10-19,2025-06-08,2,1706.22,74,4,2,1,421,Occasional
8829,2025-12-26,2025-04-10,41,287619.7,6,5,5,5,555,High Value
8832,2025-07-01,2025-07-01,1,1097.01,184,3,1,1,311,Occasional
8833,2025-04-23,2025-04-23,1,10282.39,253,3,1,2,312,Occasional
8834,2025-12-29,2025-04-13,11,98525.0,3,5,5,5,555,High Value
8835,2025-05-14,2025-05-14,1,3190.94,232,3,1,1,311,Occasional
8836,2025-08-24,2025-05-17,4,37793.92,130,3,4,4,344,High Value
8837,2025-11-21,2025-06-06,6,64231.38,41,4,4,5,445,High Value
8838,2025-05-25,2025-04-12,3,11418.82,221,3,3,2,332,Loyal
8840,2025-11-02,2025-09-01,2,9872.14,60,4,2,2,422,Occasional
8844,2025-10-06,2025-10-06,1,4121.33,87,4,1,1,411,New
8849,2025-12-15,2025-06-09,2,9723.75,17,5,2,2,522,Occasional
8851,2025-08-06,2025-08-06,1,9736.72,148,3,1,2,312,Occasional
8853,2025-11-13,2025-04-12,5,28858.99,49,4,4,3,443,Loyal
8856,2025-12-03,2025-12-03,1,502.13,29,5,1,1,511,New
8857,2025-12-23,2025-04-19,4,45772.0,9,5,4,4,544,High Value
8859,2025-11-18,2025-05-17,6,58459.01,44,4,4,4,444,High Value
8861,2025-12-30,2025-12-30,1,2214.74,2,5,1,1,511,New
8862,2025-11-21,2025-06-09,6,49355.95,41,4,4,4,444,High Value
8864,2025-12-24,2025-12-24,1,7981.13,8,5,1,2,512,New
8865,2025-05-15,2025-05-08,2,23189.82,231,3,2,3,323,Occasional
8867,2025-11-10,2025-08-11,2,1837.91,52,4,2,1,421,Occasional
8868,2025-11-20,2025-08-17,2,11748.99,42,4,2,2,422,Occasional
8869,2025-09-01,2025-09-01,1,2457.45,122,3,1,1,311,Occasional
8870,2025-10-22,2025-10-22,1,601.59,71,4,1,1,411,New
8871,2025-05-28,2025-05-28,1,339.24,218,3,1,1,311,Occasional
8873,2025-08-21,2025-05-26,7,45221.74,133,3,4,4,344,High Value
8874,2025-08-09,2025-08-09,1,3433.0,145,3,1,1,311,Occasional
8875,2025-08-14,2025-08-14,1,4418.5,140,3,1,1,311,Occasional
8876,2025-11-15,2025-05-11,4,53281.02,47,4,4,4,444,High Value
8879,2025-12-21,2025-04-11,2,3528.28,11,5,2,1,521,Occasional
8880,2025-06-18,2025-06-18,1,485.75,197,3,1,1,311,Occasional
8881,2025-10-27,2025-05-17,4,76254.53,66,4,4,5,445,High Value
8882,2025-11-16,2025-05-29,7,28322.56,46,4,4,3,443,Loyal
8883,2025-10-10,2025-05-02,4,25338.7,83,4,4,3,443,Loyal
8886,2025-12-08,2025-05-08,5,97538.58,24,5,4,5,545,High Value
8888,2025-09-04,2025-06-14,2,30594.67,119,3,2,4,324,Occasional
8889,2025-12-25,2025-10-27,3,31351.69,7,5,3,4,534,New
8890,2025-10-04,2025-04-25,5,21133.39,89,4,4,3,443,Loyal
8891,2025-05-27,2025-04-22,3,42729.53,219,3,3,4,334,Loyal
8893,2025-10-13,2025-09-12,4,63279.71,80,4,4,5,445,High Value
8894,2025-06-23,2025-06-23,1,8877.77,192,3,1,2,312,Occasional
8895,2025-10-27,2025-06-09,2,41307.38,66,4,2,4,424,Occasional
8896,2025-11-26,2025-05-17,5,6057.5,36,4,4,2,442,Loyal
8897,2025-06-17,2025-05-14,3,28420.82,198,3,3,3,333,Loyal
8899,2025-08-20,2025-08-20,1,523.01,134,3,1,1,311,Occasional
8900,2025-08-12,2025-07-05,2,2040.06,142,3,2,1,321,Occasional
8901,2025-07-03,2025-04-21,2,3466.75,182,3,2,1,321,Occasional
8903,2025-12-27,2025-09-02,2,49857.86,5,5,2,4,524,Occasional
8904,2025-12-24,2025-05-16,14,160632.15,8,5,5,5,555,High Value
8906,2025-11-28,2025-05-09,5,24423.11,34,5,4,3,543,Loyal
8907,2025-09-04,2025-04-17,20,164739.9,119,3,5,5,355,High Value
8908,2025-06-05,2025-06-05,1,3006.96,210,3,1,1,311,Occasional
8909,2025-12-08,2025-05-15,5,52511.13,24,5,4,4,544,High Value
8911,2025-11-04,2025-11-04,1,2271.2,58,4,1,1,411,New
8912,2025-07-18,2025-07-18,1,1037.25,167,3,1,1,311,Occasional
8916,2025-10-15,2025-10-14,2,2919.14,78,4,2,1,421,New
8917,2025-12-15,2025-09-01,2,12394.17,17,5,2,2,522,Occasional
8920,2025-10-31,2025-10-31,1,1909.13,62,4,1,1,411,New
8922,2025-11-25,2025-08-31,2,9131.2,37,4,2,2,422,Occasional
8923,2025-12-18,2025-10-02,2,44690.19,14,5,2,4,524,Occasional
8926,2025-05-17,2025-05-17,1,8763.72,229,3,1,2,312,Occasional
8928,2025-08-15,2025-08-15,1,7944.41,139,3,1,2,312,Occasional
8929,2025-11-02,2025-07-20,2,18759.65,60,4,2,3,423,Occasional
8930,2025-11-07,2025-08-21,3,15622.57,55,4,3,3,433,Loyal
8932,2025-12-16,2025-04-27,9,38583.8,16,5,5,4,554,High Value
8934,2025-10-29,2025-07-16,2,2319.17,64,4,2,1,421,Occasional
8935,2025-12-28,2025-05-05,4,56873.23,4,5,4,4,544,High Value
8936,2025-08-10,2025-08-10,1,11042.76,144,3,1,2,312,Occasional
8937,2025-11-04,2025-04-19,8,78771.63,58,4,5,5,455,High Value
8938,2025-07-19,2025-07-19,1,377.48,166,3,1,1,311,Occasional
8939,2025-10-20,2025-05-02,2,26406.89,73,4,2,3,423,Occasional
8941,2025-10-04,2025-05-04,2,7635.24,89,4,2,2,422,Occasional
8942,2025-10-02,2025-05-18,8,73923.98,91,4,5,5,455,High Value
8946,2025-08-25,2025-08-25,1,3392.11,129,3,1,1,311,Occasional
8948,2025-05-22,2025-05-21,2,2425.16,224,3,2,1,321,Occasional
8949,2025-12-08,2025-05-01,8,35219.81,24,5,5,4,554,High Value
8950,2025-10-02,2025-05-01,3,15272.52,91,4,3,3,433,Loyal
8952,2025-07-07,2025-07-07,1,10478.87,178,3,1,2,312,Occasional
8953,2025-08-15,2025-04-20,2,1157.74,139,3,2,1,321,Occasional
8955,2025-12-14,2025-04-17,5,39557.25,18,5,4,4,544,High Value
8956,2025-10-23,2025-06-04,2,24004.92,70,4,2,3,423,Occasional
8958,2025-10-22,2025-04-24,4,7072.21,71,4,4,2,442,Loyal
8959,2025-07-30,2025-07-30,1,1037.36,155,3,1,1,311,Occasional
8960,2025-08-14,2025-05-23,4,38377.98,140,3,4,4,344,High Value
8961,2025-12-06,2025-05-06,6,65633.1,26,5,4,5,545,High Value
8962,2025-12-14,2025-11-02,3,4811.12,18,5,3,2,532,New
8963,2025-12-20,2025-04-19,11,44145.45,12,5,5,4,554,High Value
8964,2025-08-13,2025-06-03,2,10342.52,141,3,2,2,322,Occasional
8965,2025-05-09,2025-05-09,1,1851.81,237,3,1,1,311,Occasional
8966,2025-11-16,2025-06-21,3,6551.96,46,4,3,2,432,Loyal
8968,2025-05-30,2025-05-15,2,2087.22,216,3,2,1,321,Occasional
8970,2025-12-16,2025-07-30,3,16661.99,16,5,3,3,533,Loyal
8972,2025-12-20,2025-05-08,7,55055.5,12,5,4,4,544,High Value
8973,2025-11-06,2025-04-25,10,41835.26,56,4,5,4,454,High Value
8974,2025-05-25,2025-05-25,1,1160.07,221,3,1,1,311,Occasional
8975,2025-05-19,2025-05-19,1,8295.23,227,3,1,2,312,Occasional
8976,2025-09-12,2025-09-12,1,2326.03,111,3,1,1,311,Occasional
8977,2025-12-26,2025-04-23,4,65474.87,6,5,4,5,545,High Value
8978,2025-11-02,2025-08-04,3,6225.36,60,4,3,2,432,Loyal
8979,2025-11-03,2025-06-17,4,40933.66,59,4,4,4,444,High Value
8980,2025-10-09,2025-10-09,1,894.59,84,4,1,1,411,New
8981,2025-09-25,2025-08-05,2,22740.1,98,3,2,3,323,Occasional
8982,2025-12-24,2025-08-07,6,28585.0,8,5,4,3,543,Loyal
8983,2025-12-20,2025-05-07,15,128222.11,12,5,5,5,555,High Value
8984,2025-11-08,2025-05-28,18,121972.06,54,4,5,5,455,High Value
8987,2025-12-22,2025-04-27,10,35908.15,10,5,5,4,554,High Value
8988,2025-08-17,2025-05-02,4,13794.46,137,3,4,2,342,Loyal
8989,2025-11-08,2025-05-03,6,63356.87,54,4,4,5,445,High Value
8990,2025-10-12,2025-05-22,3,8350.6,81,4,3,2,432,Loyal
8991,2025-07-09,2025-07-09,1,9217.66,176,3,1,2,312,Occasional
8992,2025-07-16,2025-05-01,3,16610.51,169,3,3,3,333,Loyal
8993,2025-05-15,2025-04-19,2,3054.81,231,3,2,1,321,Occasional
8994,2025-09-18,2025-04-17,5,49637.82,105,3,4,4,344,High Value
8995,2025-09-25,2025-04-26,2,4629.08,98,3,2,2,322,Occasional
8997,2025-10-18,2025-10-18,1,359.2,75,4,1,1,411,New
8999,2025-11-01,2025-11-01,1,1505.91,61,4,1,1,411,New
9001,2025-08-13,2025-05-02,2,24788.97,141,3,2,3,323,Occasional
9002,2025-10-12,2025-05-07,4,80385.05,81,4,4,5,445,High Value
9003,2025-09-09,2025-08-23,2,7327.25,114,3,2,2,322,Occasional
9004,2025-12-27,2025-10-07,3,13498.47,5,5,3,2,532,New
9006,2025-07-01,2025-07-01,1,2019.35,184,3,1,1,311,Occasional
9008,2025-10-23,2025-07-30,2,11105.32,70,4,2,2,422,Occasional
9009,2025-05-30,2025-05-30,1,48367.64,216,3,1,4,314,Occasional
9010,2025-09-08,2025-05-30,2,9312.19,115,3,2,2,322,Occasional
9012,2025-07-30,2025-07-09,2,4535.63,155,3,2,2,322,Occasional
9013,2025-05-20,2025-05-20,1,194.2,226,3,1,1,311,Occasional
9015,2025-05-07,2025-05-07,1,10239.62,239,3,1,2,312,Occasional
9016,2025-06-26,2025-04-24,2,5809.86,189,3,2,2,322,Occasional
9017,2025-06-21,2025-06-21,1,10698.27,194,3,1,2,312,Occasional
9018,2025-12-10,2025-06-15,6,39912.45,22,5,4,4,544,High Value
9020,2025-10-14,2025-05-26,4,7910.98,79,4,4,2,442,Loyal
9022,2025-12-28,2025-07-02,7,33064.14,4,5,4,4,544,High Value
9023,2025-05-20,2025-05-20,1,1409.01,226,3,1,1,311,Occasional
9025,2025-12-23,2025-06-06,6,34451.63,9,5,4,4,544,High Value
9026,2025-12-13,2025-07-14,4,13980.93,19,5,4,3,543,Loyal
9028,2025-12-02,2025-07-01,2,9203.72,30,5,2,2,522,Occasional
9030,2025-12-25,2025-10-22,2,15384.9,7,5,2,3,523,New
9031,2025-12-22,2025-08-08,5,21578.02,10,5,4,3,543,Loyal
9032,2025-12-05,2025-06-19,4,50514.34,27,5,4,4,544,High Value
9033,2025-12-02,2025-08-14,3,21654.93,30,5,3,3,533,Loyal
9035,2025-11-12,2025-05-21,2,4911.92,50,4,2,2,422,Occasional
9036,2025-09-18,2025-07-14,2,25947.91,105,3,2,3,323,Occasional
9037,2025-10-17,2025-10-17,1,169.54,76,4,1,1,411,New
9038,2025-11-04,2025-06-12,3,114306.18,58,4,3,5,435,Loyal
9039,2025-10-17,2025-10-07,2,999.73,76,4,2,1,421,New
9042,2025-11-28,2025-05-18,3,17261.36,34,5,3,3,533,Loyal
9043,2025-11-12,2025-09-28,3,13874.38,50,4,3,2,432,Loyal
9044,2025-12-21,2025-06-13,3,12710.42,11,5,3,2,532,Loyal
9045,2025-10-11,2025-10-11,1,1838.45,82,4,1,1,411,New
9046,2025-11-29,2025-07-12,2,15732.78,33,5,2,3,523,Occasional
9047,2025-10-04,2025-07-01,3,27753.65,89,4,3,3,433,Loyal
9048,2025-11-09,2025-07-30,3,8153.75,53,4,3,2,432,Loyal
9054,2025-05-11,2025-05-11,1,33590.71,235,3,1,4,314,Occasional
9055,2025-09-19,2025-09-19,1,27126.85,104,3,1,3,313,Occasional
9056,2025-11-25,2025-06-01,6,43613.13,37,4,4,4,444,High Value
9057,2025-08-27,2025-08-08,2,7331.36,127,3,2,2,322,Occasional
9058,2025-11-20,2025-11-01,2,18763.65,42,4,2,3,423,New
9059,2025-05-24,2025-05-24,1,3585.02,222,3,1,1,311,Occasional
9060,2025-10-10,2025-05-16,2,14260.03,83,4,2,3,423,Occasional
9061,2025-12-27,2025-07-13,8,51280.42,5,5,5,4,554,High Value
9063,2025-10-12,2025-10-12,1,6287.5,81,4,1,2,412,New
9064,2025-11-02,2025-05-01,2,16503.81,60,4,2,3,423,Occasional
9066,2025-11-22,2025-05-06,3,16161.49,40,4,3,3,433,Loyal
9067,2025-07-11,2025-07-11,1,23341.14,174,3,1,3,313,Occasional
9068,2025-09-13,2025-09-13,1,8181.32,110,3,1,2,312,Occasional
9069,2025-05-23,2025-05-23,1,912.44,223,3,1,1,311,Occasional
9071,2025-12-17,2025-05-04,2,11945.84,15,5,2,2,522,Occasional
9072,2025-08-14,2025-08-14,1,1324.47,140,3,1,1,311,Occasional
9073,2025-07-15,2025-06-25,2,3997.0,170,3,2,1,321,Occasional
9074,2025-07-20,2025-07-20,1,1544.85,165,3,1,1,311,Occasional
9075,2025-06-03,2025-06-03,1,9692.0,212,3,1,2,312,Occasional
9076,2025-11-24,2025-09-12,2,3354.63,38,4,2,1,421,Occasional
9077,2025-11-09,2025-05-24,11,120096.33,53,4,5,5,455,High Value
9078,2025-10-24,2025-05-09,5,21868.43,69,4,4,3,443,Loyal
9080,2025-10-11,2025-10-11,1,2075.91,82,4,1,1,411,New
9081,2025-10-26,2025-07-15,6,42559.4,67,4,4,4,444,High Value
9082,2025-06-06,2025-06-06,1,1545.72,209,3,1,1,311,Occasional
9084,2025-07-09,2025-07-09,1,2715.52,176,3,1,1,311,Occasional
9085,2025-12-07,2025-11-28,2,7264.79,25,5,2,2,522,New
9087,2025-10-06,2025-10-06,1,1180.62,87,4,1,1,411,New
9088,2025-10-15,2025-05-22,3,9307.87,78,4,3,2,432,Loyal
9089,2025-06-01,2025-06-01,1,18315.17,214,3,1,3,313,Occasional
9090,2025-08-26,2025-08-26,1,593.8,128,3,1,1,311,Occasional
9091,2025-09-25,2025-06-05,5,9387.32,98,3,4,2,342,Loyal
9092,2025-07-02,2025-06-19,2,123193.48,183,3,2,5,325,Occasional
9093,2025-12-05,2025-12-05,1,5490.9,27,5,1,2,512,New
9094,2025-12-17,2025-11-20,3,7891.2,15,5,3,2,532,New
9096,2025-08-13,2025-07-09,2,2998.47,141,3,2,1,321,Occasional
9097,2025-12-18,2025-05-27,17,124705.89,14,5,5,5,555,High Value
9098,2025-12-11,2025-04-28,8,40648.46,21,5,5,4,554,High Value
9099,2025-10-20,2025-10-20,1,3701.07,73,4,1,1,411,New
9101,2025-12-27,2025-07-05,5,15980.11,5,5,4,3,543,Loyal
9104,2025-11-30,2025-08-05,4,29278.74,32,5,4,3,543,Loyal
9105,2025-08-21,2025-05-13,2,10336.69,133,3,2,2,322,Occasional
9106,2025-09-04,2025-09-04,1,1201.17,119,3,1,1,311,Occasional
9109,2025-09-02,2025-05-14,2,23445.14,121,3,2,3,323,Occasional
9110,2025-11-19,2025-05-09,4,16592.29,43,4,4,3,443,Loyal
9111,2025-08-23,2025-07-31,2,12916.68,131,3,2,2,322,Occasional
9112,2025-09-27,2025-09-27,1,4053.46,96,3,1,1,311,Occasional
9113,2025-11-12,2025-04-30,14,36960.98,50,4,5,4,454,High Value
9114,2025-09-13,2025-09-13,1,6781.2,110,3,1,2,312,Occasional
9118,2025-12-31,2025-05-22,18,96805.85,1,5,5,5,555,High Value
9119,2025-05-21,2025-05-21,1,15217.74,225,3,1,3,313,Occasional
9120,2025-12-31,2025-07-01,3,4563.0,1,5,3,2,532,Loyal
9121,2025-07-02,2025-04-28,2,14850.36,183,3,2,3,323,Occasional
9122,2025-05-07,2025-05-07,1,471.63,239,3,1,1,311,Occasional
9123,2025-07-19,2025-07-19,1,320.86,166,3,1,1,311,Occasional
9124,2025-05-12,2025-05-12,1,605.86,234,3,1,1,311,Occasional
9125,2025-09-05,2025-09-05,1,625.17,118,3,1,1,311,Occasional
9126,2025-05-04,2025-05-04,1,1808.65,242,3,1,1,311,Occasional
9127,2025-11-27,2025-09-30,2,4019.38,35,5,2,1,521,Occasional
9128,2025-12-26,2025-05-07,41,270622.24,6,5,5,5,555,High Value
9129,2025-11-06,2025-11-06,1,1076.95,56,4,1,1,411,New
9130,2025-12-06,2025-07-22,2,4133.55,26,5,2,1,521,Occasional
9133,2025-12-16,2025-05-30,11,65911.7,16,5,5,5,555,High Value
9136,2025-06-16,2025-06-16,1,4216.18,199,3,1,1,311,Occasional
9137,2025-11-23,2025-11-16,2,1851.36,39,4,2,1,421,New
9138,2025-09-27,2025-09-27,1,1262.23,96,3,1,1,311,Occasional
9140,2025-12-01,2025-05-14,5,59663.27,31,5,4,4,544,High Value
9143,2025-12-04,2025-12-04,1,11538.83,28,5,1,2,512,New
9144,2025-12-05,2025-06-11,3,55576.17,27,5,3,4,534,Loyal
9145,2025-05-02,2025-05-02,1,4591.99,244,3,1,2,312,Occasional
9147,2025-08-19,2025-08-19,1,932.45,135,3,1,1,311,Occasional
9148,2025-12-26,2025-12-26,1,339.73,6,5,1,1,511,New
9149,2025-10-26,2025-05-15,8,49309.71,67,4,5,4,454,High Value
9150,2025-12-31,2025-08-01,4,30082.53,1,5,4,4,544,High Value
9151,2025-12-13,2025-05-05,9,70391.23,19,5,5,5,555,High Value
9152,2025-12-27,2025-11-19,2,3688.47,5,5,2,1,521,New
9153,2025-12-04,2025-09-28,2,24738.4,28,5,2,3,523,Occasional
9154,2025-08-22,2025-05-09,3,13242.63,132,3,3,2,332,Loyal
9155,2025-10-06,2025-10-06,1,4605.18,87,4,1,2,412,New
9156,2025-08-09,2025-06-04,2,16038.61,145,3,2,3,323,Occasional
9157,2025-11-12,2025-11-12,1,518.3,50,4,1,1,411,New
9158,2025-12-14,2025-05-22,11,41199.75,18,5,5,4,554,High Value
9160,2025-11-25,2025-11-25,1,509.65,37,4,1,1,411,New
9161,2025-11-01,2025-11-01,1,20938.81,61,4,1,3,413,New
9162,2025-10-31,2025-10-01,3,7211.19,62,4,3,2,432,Loyal
9164,2025-05-30,2025-05-30,1,1406.67,216,3,1,1,311,Occasional
9167,2025-08-15,2025-08-15,1,21468.68,139,3,1,3,313,Occasional
9169,2025-10-27,2025-10-27,1,21894.39,66,4,1,3,413,New
9171,2025-06-18,2025-05-15,2,44935.29,197,3,2,4,324,Occasional
9172,2025-12-27,2025-08-30,6,35570.89,5,5,4,4,544,High Value
9173,2025-11-22,2025-08-09,3,32268.88,40,4,3,4,434,Loyal
9174,2025-06-29,2025-06-29,1,16354.5,186,3,1,3,313,Occasional
9176,2025-09-09,2025-09-09,1,677.14,114,3,1,1,311,Occasional
9178,2025-10-26,2025-08-29,3,18594.49,67,4,3,3,433,Loyal
9179,2025-06-21,2025-06-21,1,3621.95,194,3,1,1,311,Occasional
9181,2025-10-22,2025-05-06,2,1937.42,71,4,2,1,421,Occasional
9182,2025-06-24,2025-06-24,1,368.88,191,3,1,1,311,Occasional
9184,2025-11-20,2025-05-29,6,12042.36,42,4,4,2,442,Loyal
9186,2025-11-12,2025-11-12,1,2518.72,50,4,1,1,411,New
9187,2025-08-26,2025-07-06,2,28853.25,128,3,2,3,323,Occasional
9188,2025-11-17,2025-05-30,3,27473.23,45,4,3,3,433,Loyal
9190,2025-09-02,2025-08-02,2,14907.1,121,3,2,3,323,Occasional
9191,2025-08-02,2025-05-05,2,5587.12,152,3,2,2,322,Occasional
9192,2025-08-18,2025-06-14,3,23473.74,136,3,3,3,333,Loyal
9193,2025-11-12,2025-09-16,4,31378.88,50,4,4,4,444,High Value
9195,2025-12-03,2025-05-08,23,126983.37,29,5,5,5,555,High Value
9196,2025-08-10,2025-08-10,1,2432.63,144,3,1,1,311,Occasional
9199,2025-08-05,2025-08-05,1,682.71,149,3,1,1,311,Occasional
9203,2025-08-07,2025-06-26,2,3922.95,147,3,2,1,321,Occasional
9204,2025-08-09,2025-08-09,1,1950.23,145,3,1,1,311,Occasional
9206,2025-11-19,2025-08-13,2,35396.24,43,4,2,4,424,Occasional
9207,2025-10-04,2025-06-02,5,51017.18,89,4,4,4,444,High Value
9208,2025-05-20,2025-05-20,1,1545.77,226,3,1,1,311,Occasional
9209,2025-10-21,2025-09-07,2,3853.2,72,4,2,1,421,Occasional
9210,2025-06-29,2025-05-25,2,15303.34,186,3,2,3,323,Occasional
9211,2025-12-24,2025-07-29,7,60336.35,8,5,4,4,544,High Value
9212,2025-12-30,2025-05-06,12,58372.17,2,5,5,4,554,High Value
9213,2025-11-23,2025-05-26,8,72737.21,39,4,5,5,455,High Value
9216,2025-09-19,2025-06-21,2,6055.93,104,3,2,2,322,Occasional
9217,2025-11-06,2025-11-06,1,1950.94,56,4,1,1,411,New
9218,2025-10-31,2025-10-31,1,1673.56,62,4,1,1,411,New
9219,2025-12-26,2025-12-26,1,2776.19,6,5,1,1,511,New
9220,2025-10-12,2025-05-15,2,13555.74,81,4,2,2,422,Occasional
9221,2025-05-31,2025-05-31,1,449.57,215,3,1,1,311,Occasional
9222,2025-12-22,2025-05-24,10,239526.72,10,5,5,5,555,High Value
9223,2025-12-28,2025-07-27,6,20787.92,4,5,4,3,543,Loyal
9225,2025-11-05,2025-05-22,4,27389.08,57,4,4,3,443,Loyal
9226,2025-11-29,2025-08-01,6,45477.16,33,5,4,4,544,High Value
9228,2025-06-21,2025-06-21,1,265.7,194,3,1,1,311,Occasional
9229,2025-10-24,2025-09-07,2,5825.55,69,4,2,2,422,Occasional
9230,2025-09-19,2025-09-07,2,5013.81,104,3,2,2,322,Occasional
9232,2025-07-18,2025-07-18,1,16030.88,167,3,1,3,313,Occasional
9233,2025-06-02,2025-06-02,1,3586.31,213,3,1,1,311,Occasional
9234,2025-07-23,2025-05-08,2,12413.41,162,3,2,2,322,Occasional
9236,2025-12-14,2025-05-21,15,79520.42,18,5,5,5,555,High Value
9239,2025-10-15,2025-10-15,1,1482.72,78,4,1,1,411,New
9242,2025-06-07,2025-06-07,1,1694.38,208,3,1,1,311,Occasional
9243,2025-12-23,2025-08-17,2,2144.76,9,5,2,1,521,Occasional
9244,2025-06-14,2025-06-14,1,11129.34,201,3,1,2,312,Occasional
9245,2025-12-23,2025-06-30,2,30094.98,9,5,2,4,524,Occasional
9246,2025-12-01,2025-05-11,7,35257.66,31,5,4,4,544,High Value
9247,2025-07-21,2025-07-21,1,5698.19,164,3,1,2,312,Occasional
9249,2025-06-23,2025-06-23,1,725.38,192,3,1,1,311,Occasional
9250,2025-08-14,2025-06-10,4,21551.21,140,3,4,3,343,Loyal
9252,2025-12-12,2025-08-26,2,2824.16,20,5,2,1,521,Occasional
9254,2025-05-24,2025-05-24,1,6248.73,222,3,1,2,312,Occasional
9256,2025-07-13,2025-07-13,1,3600.86,172,3,1,1,311,Occasional
9257,2025-06-27,2025-06-27,1,991.07,188,3,1,1,311,Occasional
9258,2025-12-20,2025-07-06,2,25185.11,12,5,2,3,523,Occasional
9260,2025-09-19,2025-09-19,1,6164.64,104,3,1,2,312,Occasional
9262,2025-07-11,2025-07-11,1,4538.18,174,3,1,2,312,Occasional
9263,2025-11-19,2025-06-29,4,13287.39,43,4,4,2,442,Loyal
9264,2025-12-31,2025-08-10,2,23410.05,1,5,2,3,523,Occasional
9266,2025-05-17,2025-05-17,1,1453.94,229,3,1,1,311,Occasional
9268,2025-10-05,2025-07-12,2,4747.79,88,4,2,2,422,Occasional
9269,2025-11-06,2025-06-20,2,2712.01,56,4,2,1,421,Occasional
9270,2025-05-25,2025-05-25,1,4774.89,221,3,1,2,312,Occasional
9271,2025-12-14,2025-12-14,1,16385.16,18,5,1,3,513,New
9272,2025-10-25,2025-10-25,1,1316.64,68,4,1,1,411,New
9273,2025-09-19,2025-09-19,1,377.48,104,3,1,1,311,Occasional
9275,2025-11-04,2025-10-18,2,2235.02,58,4,2,1,421,New
9276,2025-09-15,2025-07-01,8,44995.47,108,3,5,4,354,High Value
9278,2025-07-05,2025-07-05,1,2285.75,180,3,1,1,311,Occasional
9279,2025-06-15,2025-06-15,1,14938.09,200,3,1,3,313,Occasional
9281,2025-11-08,2025-07-29,4,15279.8,54,4,4,3,443,Loyal
9283,2025-08-16,2025-06-11,3,9165.96,138,3,3,2,332,Loyal
9285,2025-12-30,2025-06-17,5,32276.63,2,5,4,4,544,High Value
9287,2025-12-03,2025-10-06,3,7680.82,29,5,3,2,532,New
9288,2025-11-26,2025-11-26,1,20618.54,36,4,1,3,413,New
9289,2025-10-15,2025-07-30,3,20059.18,78,4,3,3,433,Loyal
9291,2025-12-06,2025-06-07,3,8472.11,26,5,3,2,532,Loyal
9292,2025-11-29,2025-08-24,7,40983.72,33,5,4,4,544,High Value
9293,2025-12-21,2025-10-06,2,17996.7,11,5,2,3,523,New
9294,2025-08-31,2025-08-16,2,6321.68,123,3,2,2,322,Occasional
9295,2025-12-30,2025-06-06,11,118054.91,2,5,5,5,555,High Value
9296,2025-12-13,2025-09-28,2,25814.33,19,5,2,3,523,Occasional
9297,2025-11-16,2025-07-11,4,171823.5,46,4,4,5,445,High Value
9298,2025-11-19,2025-11-19,1,5237.86,43,4,1,2,412,New
9299,2025-10-07,2025-07-17,2,3832.53,86,4,2,1,421,Occasional
9300,2025-11-20,2025-05-18,2,3893.82,42,4,2,1,421,Occasional
9302,2025-12-26,2025-06-06,14,143586.84,6,5,5,5,555,High Value
9303,2025-10-24,2025-08-22,3,14450.99,69,4,3,3,433,Loyal
9304,2025-07-02,2025-07-02,1,6588.19,183,3,1,2,312,Occasional
9305,2025-10-29,2025-10-29,1,1673.83,64,4,1,1,411,New
9308,2025-12-22,2025-09-05,2,10051.41,10,5,2,2,522,Occasional
9309,2025-12-18,2025-09-25,4,56783.56,14,5,4,4,544,High Value
9310,2025-11-26,2025-11-26,1,1727.48,36,4,1,1,411,New
9312,2025-06-19,2025-06-19,1,21228.56,196,3,1,3,313,Occasional
9313,2025-12-25,2025-05-15,29,199064.46,7,5,5,5,555,High Value
9314,2025-12-29,2025-07-28,4,59488.32,3,5,4,4,544,High Value
9316,2025-06-04,2025-05-16,3,23201.94,211,3,3,3,333,Loyal
9318,2025-12-25,2025-06-15,13,48777.49,7,5,5,4,554,High Value
9319,2025-09-27,2025-06-09,3,9084.31,96,3,3,2,332,Loyal
9320,2025-09-18,2025-09-18,1,3878.83,105,3,1,1,311,Occasional
9321,2025-08-31,2025-08-31,1,8132.77,123,3,1,2,312,Occasional
9323,2025-06-03,2025-06-03,1,1136.0,212,3,1,1,311,Occasional
9324,2025-07-09,2025-06-08,2,9097.45,176,3,2,2,322,Occasional
9326,2025-12-17,2025-06-15,3,77579.87,15,5,3,5,535,Loyal
9328,2025-12-21,2025-09-21,3,54867.29,11,5,3,4,534,Loyal
9329,2025-12-21,2025-10-08,3,60371.33,11,5,3,4,534,New
9335,2025-11-17,2025-06-24,4,102655.69,45,4,4,5,445,High Value
9336,2025-12-19,2025-08-05,4,18913.71,13,5,4,3,543,Loyal
9337,2025-07-09,2025-07-09,1,1930.71,176,3,1,1,311,Occasional
9338,2025-12-05,2025-10-24,2,12103.76,27,5,2,2,522,New
9340,2025-10-23,2025-05-21,3,31696.98,70,4,3,4,434,Loyal
9341,2025-11-15,2025-11-15,1,821.15,47,4,1,1,411,New
9342,2025-11-06,2025-08-14,4,30281.5,56,4,4,4,444,High Value
9345,2025-09-28,2025-09-28,1,5949.71,95,4,1,2,412,Occasional
9346,2025-06-18,2025-06-18,1,2123.88,197,3,1,1,311,Occasional
9348,2025-12-15,2025-10-31,3,37260.85,17,5,3,4,534,New
9349,2025-12-27,2025-07-06,3,23326.83,5,5,3,3,533,Loyal
9350,2025-11-02,2025-05-18,8,49071.77,60,4,5,4,454,High Value
9351,2025-08-14,2025-08-14,1,1136.33,140,3,1,1,311,Occasional
9352,2025-12-06,2025-06-26,7,21539.09,26,5,4,3,543,Loyal
9353,2025-11-15,2025-11-15,1,20566.84,47,4,1,3,413,New
9354,2025-12-25,2025-06-07,6,48650.65,7,5,4,4,544,High Value
9355,2025-11-30,2025-06-11,4,61506.91,32,5,4,4,544,High Value
9356,2025-12-16,2025-07-01,2,4058.37,16,5,2,1,521,Occasional
9357,2025-11-06,2025-05-31,3,16311.06,56,4,3,3,433,Loyal
9358,2025-11-04,2025-09-11,2,10547.17,58,4,2,2,422,Occasional
9361,2025-09-14,2025-06-21,3,15912.39,109,3,3,3,333,Loyal
9362,2025-12-07,2025-08-24,3,17108.21,25,5,3,3,533,Loyal
9363,2025-12-15,2025-10-11,3,1651.61,17,5,3,1,531,New
9365,2025-11-10,2025-10-11,3,28094.71,52,4,3,3,433,New
9366,2025-11-26,2025-07-05,3,18669.66,36,4,3,3,433,Loyal
9367,2025-11-18,2025-07-06,3,14647.3,44,4,3,3,433,Loyal
9368,2025-12-28,2025-09-22,4,23372.19,4,5,4,3,543,Loyal
9369,2025-12-30,2025-05-28,21,227299.86,2,5,5,5,555,High Value
9370,2025-11-10,2025-11-10,1,440.43,52,4,1,1,411,New
9371,2025-10-26,2025-10-26,1,1589.57,67,4,1,1,411,New
9373,2025-09-14,2025-09-14,1,635.01,109,3,1,1,311,Occasional
9374,2025-11-27,2025-05-22,12,110429.85,35,5,5,5,555,High Value
9377,2025-12-21,2025-10-23,3,46211.41,11,5,3,4,534,New
9379,2025-12-22,2025-07-13,5,25221.62,10,5,4,3,543,Loyal
9380,2025-09-21,2025-09-21,1,6002.02,102,3,1,2,312,Occasional
9384,2025-12-17,2025-08-27,2,3221.05,15,5,2,1,521,Occasional
9386,2025-06-24,2025-06-24,1,3644.83,191,3,1,1,311,Occasional
9387,2025-08-24,2025-08-24,1,1369.53,130,3,1,1,311,Occasional
9388,2025-08-21,2025-07-06,2,6773.41,133,3,2,2,322,Occasional
9390,2025-12-07,2025-06-17,5,38606.7,25,5,4,4,544,High Value
9392,2025-10-27,2025-10-27,1,2625.21,66,4,1,1,411,New
9393,2025-12-17,2025-08-29,4,7731.65,15,5,4,2,542,Loyal
9395,2025-10-10,2025-08-05,2,29792.61,83,4,2,4,424,Occasional
9396,2025-10-25,2025-07-15,4,20092.82,68,4,4,3,443,Loyal
9398,2025-09-29,2025-09-29,1,255.85,94,4,1,1,411,Occasional
9400,2025-09-03,2025-09-03,1,4366.35,120,3,1,1,311,Occasional
9401,2025-05-26,2025-05-26,1,3932.1,220,3,1,1,311,Occasional
9403,2025-12-15,2025-12-12,2,25530.35,17,5,2,3,523,New
9404,2025-10-03,2025-10-03,1,18203.76,90,4,1,3,413,New
9405,2025-07-06,2025-07-06,1,22591.38,179,3,1,3,313,Occasional
9407,2025-07-01,2025-07-01,1,2095.11,184,3,1,1,311,Occasional
9410,2025-11-16,2025-11-16,1,1353.89,46,4,1,1,411,New
9411,2025-09-25,2025-07-13,2,2713.95,98,3,2,1,321,Occasional
9414,2025-11-29,2025-05-29,2,55918.46,33,5,2,4,524,Occasional
9415,2025-10-28,2025-08-02,3,9335.29,65,4,3,2,432,Loyal
9416,2025-11-06,2025-06-16,5,65912.91,56,4,4,5,445,High Value
9417,2025-12-20,2025-11-23,3,43977.8,12,5,3,4,534,New
9419,2025-11-28,2025-05-30,12,215053.69,34,5,5,5,555,High Value
9420,2025-08-25,2025-08-06,2,21025.17,129,3,2,3,323,Occasional
9422,2025-11-27,2025-07-01,2,2592.65,35,5,2,1,521,Occasional
9423,2025-11-23,2025-11-23,1,1459.02,39,4,1,1,411,New
9428,2025-08-28,2025-08-10,3,10645.59,126,3,3,2,332,Loyal
9429,2025-08-25,2025-08-25,1,17856.78,129,3,1,3,313,Occasional
9431,2025-11-20,2025-09-04,4,8335.57,42,4,4,2,442,Loyal
9432,2025-08-07,2025-08-07,1,366.66,147,3,1,1,311,Occasional
9433,2025-12-28,2025-12-28,1,4949.57,4,5,1,2,512,New
9434,2025-12-18,2025-07-14,6,72901.49,14,5,4,5,545,High Value
9435,2025-06-03,2025-06-03,1,8657.29,212,3,1,2,312,Occasional
9436,2025-12-29,2025-05-27,7,43652.41,3,5,4,4,544,High Value
9437,2025-10-03,2025-08-15,3,3308.83,90,4,3,1,431,Loyal
9438,2025-11-27,2025-09-21,4,14584.19,35,5,4,3,543,Loyal
9439,2025-08-29,2025-08-29,1,2746.34,125,3,1,1,311,Occasional
9440,2025-07-05,2025-07-05,1,1084.95,180,3,1,1,311,Occasional
9441,2025-08-01,2025-07-17,2,2169.74,153,3,2,1,321,Occasional
9442,2025-08-05,2025-08-05,1,15144.08,149,3,1,3,313,Occasional
9447,2025-11-01,2025-08-21,3,11957.57,61,4,3,2,432,Loyal
9448,2025-10-01,2025-10-01,1,9350.81,92,4,1,2,412,Occasional
9449,2025-12-19,2025-11-06,2,23106.98,13,5,2,3,523,New
9450,2025-12-01,2025-07-08,8,113813.41,31,5,5,5,555,High Value
9451,2025-12-17,2025-06-24,5,26404.39,15,5,4,3,543,Loyal
9452,2025-12-17,2025-07-03,2,38897.21,15,5,2,4,524,Occasional
9454,2025-08-09,2025-07-26,2,7651.14,145,3,2,2,322,Occasional
9455,2025-07-29,2025-05-27,2,4070.22,156,3,2,1,321,Occasional
9456,2025-08-30,2025-07-05,6,141190.22,124,3,4,5,345,High Value
9457,2025-11-20,2025-06-17,6,70810.67,42,4,4,5,445,High Value
9458,2025-12-16,2025-09-05,3,5379.82,16,5,3,2,532,Loyal
9460,2025-06-24,2025-06-07,2,9420.31,191,3,2,2,322,Occasional
9461,2025-12-30,2025-06-28,2,4738.92,2,5,2,2,522,Occasional
9464,2025-11-13,2025-06-08,4,35193.54,49,4,4,4,444,High Value
9465,2025-12-18,2025-06-28,6,36762.28,14,5,4,4,544,High Value
9466,2025-10-26,2025-08-16,2,4108.08,67,4,2,1,421,Occasional
9467,2025-09-03,2025-08-28,2,9137.79,120,3,2,2,322,Occasional
9468,2025-12-23,2025-06-04,9,84377.12,9,5,5,5,555,High Value
9470,2025-06-22,2025-06-22,1,1859.27,193,3,1,1,311,Occasional
9471,2025-08-21,2025-06-10,2,36258.09,133,3,2,4,324,Occasional
9472,2025-12-30,2025-05-29,17,123254.61,2,5,5,5,555,High Value
9473,2025-09-12,2025-09-12,1,4993.37,111,3,1,2,312,Occasional
9474,2025-11-22,2025-09-02,4,57360.97,40,4,4,4,444,High Value
9475,2025-11-28,2025-08-15,5,21156.38,34,5,4,3,543,Loyal
9476,2025-10-25,2025-08-22,2,13808.03,68,4,2,2,422,Occasional
9477,2025-12-26,2025-06-01,17,101168.66,6,5,5,5,555,High Value
9478,2025-11-19,2025-09-24,2,3190.56,43,4,2,1,421,Occasional
9479,2025-08-13,2025-08-13,1,17136.71,141,3,1,3,313,Occasional
9480,2025-08-08,2025-07-19,2,52217.54,146,3,2,4,324,Occasional
9482,2025-10-15,2025-06-19,2,16436.54,78,4,2,3,423,Occasional
9487,2025-12-17,2025-12-17,1,14807.04,15,5,1,3,513,New
9489,2025-12-13,2025-12-08,2,8507.97,19,5,2,2,522,New
9490,2025-10-22,2025-10-22,1,3875.64,71,4,1,1,411,New
9491,2025-10-09,2025-08-30,4,21760.71,84,4,4,3,443,Loyal
9493,2025-11-27,2025-07-29,2,12778.4,35,5,2,2,522,Occasional
9494,2025-11-22,2025-07-17,2,20448.94,40,4,2,3,423,Occasional
9495,2025-12-29,2025-09-14,8,20077.52,3,5,5,3,553,Loyal
9497,2025-10-15,2025-06-06,3,34529.65,78,4,3,4,434,Loyal
9498,2025-11-28,2025-06-01,7,44884.99,34,5,4,4,544,High Value
9500,2025-11-02,2025-06-07,2,4243.77,60,4,2,1,421,Occasional
9501,2025-12-10,2025-06-27,3,5119.48,22,5,3,2,532,Loyal
9502,2025-12-08,2025-06-08,6,72986.94,24,5,4,5,545,High Value
9503,2025-10-20,2025-10-20,1,2369.14,73,4,1,1,411,New
9504,2025-08-31,2025-07-31,2,13132.84,123,3,2,2,322,Occasional
9507,2025-12-14,2025-07-07,4,7972.47,18,5,4,2,542,Loyal
9508,2025-12-12,2025-08-01,11,66512.01,20,5,5,5,555,High Value
9509,2025-11-09,2025-07-17,2,25617.32,53,4,2,3,423,Occasional
9510,2025-10-23,2025-10-11,3,42266.99,70,4,3,4,434,New
9511,2025-10-23,2025-08-24,2,40939.26,70,4,2,4,424,Occasional
9513,2025-12-07,2025-06-16,4,52603.67,25,5,4,4,544,High Value
9514,2025-08-24,2025-07-04,2,2108.14,130,3,2,1,321,Occasional
9515,2025-11-03,2025-06-07,3,4773.37,59,4,3,2,432,Loyal
9516,2025-06-06,2025-06-06,1,33411.86,209,3,1,4,314,Occasional
9519,2025-11-21,2025-11-21,1,7839.39,41,4,1,2,412,New
9520,2025-12-25,2024-05-20,3,13785.96,7,5,3,2,532,Loyal
9521,2025-10-03,2025-06-19,2,2322.36,90,4,2,1,421,Occasional
9522,2025-11-11,2025-08-16,3,14538.6,51,4,3,3,433,Loyal
9524,2025-10-25,2025-06-03,3,19245.61,68,4,3,3,433,Loyal
9525,2025-06-23,2025-06-23,1,1330.97,192,3,1,1,311,Occasional
9526,2025-07-20,2025-07-20,1,14083.03,165,3,1,3,313,Occasional
9528,2025-07-11,2025-07-11,1,9759.86,174,3,1,2,312,Occasional
9529,2025-11-14,2025-10-11,2,4083.75,48,4,2,1,421,New
9530,2025-09-23,2025-08-20,2,10833.04,100,3,2,2,322,Occasional
9534,2025-09-03,2025-09-03,1,2447.99,120,3,1,1,311,Occasional
9538,2025-11-02,2025-06-27,3,40356.98,60,4,3,4,434,Loyal
9539,2025-11-30,2025-11-30,1,2249.24,32,5,1,1,511,New
9540,2025-12-26,2025-07-02,12,85400.3,6,5,5,5,555,High Value
9543,2025-12-18,2025-12-18,1,3492.6,14,5,1,1,511,New
9544,2025-12-20,2025-06-10,5,30072.47,12,5,4,4,544,High Value
9547,2025-11-10,2025-11-10,1,5498.48,52,4,1,2,412,New
9550,2025-12-04,2025-07-25,8,69771.42,28,5,5,5,555,High Value
9551,2025-07-16,2025-07-16,1,3851.79,169,3,1,1,311,Occasional
9552,2025-12-18,2025-12-18,1,1916.7,14,5,1,1,511,New
9553,2025-12-03,2025-12-03,1,2205.38,29,5,1,1,511,New
9554,2025-12-19,2025-07-27,3,48779.83,13,5,3,4,534,Loyal
9557,2025-10-05,2025-10-05,1,1537.06,88,4,1,1,411,New
9560,2025-09-28,2025-08-16,2,6369.64,95,4,2,2,422,Occasional
9562,2025-12-04,2025-11-04,3,5924.51,28,5,3,2,532,New
9563,2025-09-01,2025-09-01,1,13869.46,122,3,1,2,312,Occasional
9565,2025-12-07,2025-07-14,10,50992.63,25,5,5,4,554,High Value
9566,2025-08-21,2025-08-21,1,4190.23,133,3,1,1,311,Occasional
9567,2025-07-18,2025-07-18,1,23176.52,167,3,1,3,313,Occasional
9568,2025-10-13,2025-09-06,3,7411.45,80,4,3,2,432,Loyal
9570,2025-10-17,2025-07-25,2,6513.99,76,4,2,2,422,Occasional
9572,2025-09-20,2025-09-20,1,3684.79,103,3,1,1,311,Occasional
9573,2025-12-31,2025-08-10,4,7560.62,1,5,4,2,542,Loyal
9574,2025-08-18,2025-08-16,2,5575.64,136,3,2,2,322,Occasional
9575,2025-12-10,2025-11-02,2,5862.16,22,5,2,2,522,New
9577,2025-07-22,2025-07-12,2,9125.51,163,3,2,2,322,Occasional
9578,2025-11-27,2025-11-27,1,6794.98,35,5,1,2,512,New
9579,2025-11-30,2025-06-30,2,2599.24,32,5,2,1,521,Occasional
9580,2025-11-30,2025-11-14,2,3842.22,32,5,2,1,521,New
9581,2025-12-07,2025-06-09,5,50859.65,25,5,4,4,544,High Value
9582,2025-09-02,2025-06-17,3,49347.62,121,3,3,4,334,Loyal
9583,2025-11-07,2025-06-15,7,48105.07,55,4,4,4,444,High Value
9585,2025-10-06,2025-10-06,1,9918.11,87,4,1,2,412,New
9586,2025-10-22,2025-10-04,2,3404.82,71,4,2,1,421,New
9587,2025-12-13,2025-12-09,2,17079.32,19,5,2,3,523,New
9588,2025-12-04,2025-06-15,5,39720.3,28,5,4,4,544,High Value
9589,2025-11-23,2025-08-03,4,33558.09,39,4,4,4,444,High Value
9591,2025-11-29,2025-07-07,4,33113.07,33,5,4,4,544,High Value
9592,2025-11-01,2024-05-20,2,15092.48,61,4,2,3,423,Occasional
9596,2025-10-09,2025-06-09,2,35954.45,84,4,2,4,424,Occasional
9597,2025-11-03,2025-08-01,4,72573.2,59,4,4,5,445,High Value
9598,2025-12-14,2025-12-14,1,7658.91,18,5,1,2,512,New
9599,2025-11-16,2025-11-16,1,4429.48,46,4,1,1,411,New
9600,2025-11-09,2025-11-09,1,1449.45,53,4,1,1,411,New
9601,2025-10-15,2025-08-10,4,32990.64,78,4,4,4,444,High Value
9603,2025-11-24,2025-11-24,1,8224.59,38,4,1,2,412,New
9604,2025-08-15,2025-06-11,3,24763.77,139,3,3,3,333,Loyal
9605,2025-12-30,2025-12-30,1,2666.25,2,5,1,1,511,New
9609,2025-11-07,2025-10-20,2,5512.6,55,4,2,2,422,New
9612,2025-11-08,2025-08-31,3,37464.78,54,4,3,4,434,Loyal
9613,2025-12-06,2025-10-26,4,23885.45,26,5,4,3,543,New
9614,2025-10-14,2025-10-14,1,17005.02,79,4,1,3,413,New
9616,2025-07-17,2025-07-17,1,15859.17,168,3,1,3,313,Occasional
9617,2025-07-01,2025-07-01,1,1118.97,184,3,1,1,311,Occasional
9618,2025-10-22,2025-08-19,3,36040.64,71,4,3,4,434,Loyal
9622,2025-08-28,2025-07-16,3,19212.69,126,3,3,3,333,Loyal
9623,2025-11-16,2025-07-14,2,26963.79,46,4,2,3,423,Occasional
9624,2025-06-10,2025-06-10,1,5351.0,205,3,1,2,312,Occasional
9625,2025-10-20,2025-08-11,2,11830.64,73,4,2,2,422,Occasional
9628,2025-11-06,2025-08-16,3,36132.32,56,4,3,4,434,Loyal
9629,2025-08-17,2025-08-17,1,6760.05,137,3,1,2,312,Occasional
9632,2025-08-11,2025-08-11,1,21326.12,143,3,1,3,313,Occasional
9633,2025-12-14,2025-06-28,2,15926.29,18,5,2,3,523,Occasional
9634,2025-11-06,2025-11-06,1,357.63,56,4,1,1,411,New
9636,2025-10-29,2025-10-29,1,2613.36,64,4,1,1,411,New
9638,2025-09-05,2025-07-20,3,18390.22,118,3,3,3,333,Loyal
9639,2025-12-21,2025-07-13,4,40165.47,11,5,4,4,544,High Value
9640,2025-12-20,2025-06-15,4,14173.6,12,5,4,3,543,Loyal
9641,2025-07-06,2025-07-06,1,17005.02,179,3,1,3,313,Occasional
9642,2025-12-26,2025-12-26,1,10933.51,6,5,1,2,512,New
9643,2025-12-25,2025-09-07,3,4618.48,7,5,3,2,532,Loyal
9645,2025-08-17,2025-08-17,1,6871.13,137,3,1,2,312,Occasional
9646,2025-06-24,2025-06-24,1,4220.02,191,3,1,1,311,Occasional
9647,2025-10-23,2025-10-23,1,7188.37,70,4,1,2,412,New
9651,2025-10-03,2025-07-26,3,7711.16,90,4,3,2,432,Loyal
9652,2025-12-27,2025-07-11,3,22418.42,5,5,3,3,533,Loyal
9653,2025-12-14,2025-06-17,4,25905.55,18,5,4,3,543,Loyal
9654,2025-12-02,2025-07-21,2,1737.86,30,5,2,1,521,Occasional
9657,2025-11-28,2025-08-07,5,17678.22,34,5,4,3,543,Loyal
9660,2025-11-03,2025-06-20,4,18587.4,59,4,4,3,443,Loyal
9662,2025-06-20,2025-06-20,1,2255.25,195,3,1,1,311,Occasional
9664,2025-10-09,2025-09-07,2,6814.99,84,4,2,2,422,Occasional
9665,2025-08-15,2025-07-28,2,20761.53,139,3,2,3,323,Occasional
9666,2025-12-17,2025-07-07,5,21809.22,15,5,4,3,543,Loyal
9667,2025-10-19,2025-10-13,2,10450.21,74,4,2,2,422,New
9668,2025-10-04,2025-09-02,2,2381.47,89,4,2,1,421,Occasional
9669,2025-10-22,2025-10-22,1,20992.4,71,4,1,3,413,New
9670,2025-09-06,2025-09-06,1,5464.29,117,3,1,2,312,Occasional
9671,2025-11-28,2025-10-26,2,7509.44,34,5,2,2,522,New
9672,2025-12-23,2025-10-21,2,7161.22,9,5,2,2,522,New
9674,2025-12-23,2025-07-11,2,21484.47,9,5,2,3,523,Occasional
9675,2025-07-25,2025-06-28,2,5622.59,160,3,2,2,322,Occasional
9677,2025-07-17,2025-07-17,1,467.95,168,3,1,1,311,Occasional
9678,2025-12-27,2025-06-15,5,8409.93,5,5,4,2,542,Loyal
9679,2025-12-29,2025-09-03,6,9882.74,3,5,4,2,542,Loyal
9682,2025-12-09,2025-12-09,1,3728.82,23,5,1,1,511,New
9685,2025-10-30,2025-09-24,2,23512.36,63,4,2,3,423,Occasional
9688,2025-08-25,2025-08-01,2,6170.85,129,3,2,2,322,Occasional
9689,2025-12-14,2025-07-05,6,41150.0,18,5,4,4,544,High Value
9691,2025-11-18,2025-06-22,5,71505.06,44,4,4,5,445,High Value
9692,2025-07-09,2025-06-27,2,39936.78,176,3,2,4,324,Occasional
9695,2025-06-29,2025-06-29,1,377.48,186,3,1,1,311,Occasional
9696,2025-11-29,2025-08-01,3,25614.43,33,5,3,3,533,Loyal
9697,2025-09-27,2025-09-27,1,2517.48,96,3,1,1,311,Occasional
9700,2025-12-27,2025-12-27,1,631.76,5,5,1,1,511,New
9701,2025-06-21,2025-06-21,1,32059.21,194,3,1,4,314,Occasional
9702,2025-12-26,2025-07-10,9,72430.75,6,5,5,5,555,High Value
9703,2025-10-13,2025-10-13,1,3858.88,80,4,1,1,411,New
9704,2025-11-09,2025-08-18,3,37367.07,53,4,3,4,434,Loyal
9705,2025-12-28,2025-09-17,2,13412.26,4,5,2,2,522,Occasional
9706,2025-11-02,2025-11-02,1,6542.33,60,4,1,2,412,New
9707,2025-12-08,2025-07-10,5,42313.88,24,5,4,4,544,High Value
9709,2025-11-29,2025-09-17,2,7861.28,33,5,2,2,522,Occasional
9710,2025-07-18,2025-07-18,1,1838.83,167,3,1,1,311,Occasional
9712,2025-07-07,2025-07-07,1,2553.98,178,3,1,1,311,Occasional
9713,2025-11-21,2025-09-02,5,25129.58,41,4,4,3,443,Loyal
9715,2025-11-30,2025-08-23,3,26223.44,32,5,3,3,533,Loyal
9716,2025-08-09,2025-08-09,1,3844.11,145,3,1,1,311,Occasional
9719,2025-12-05,2025-08-16,5,26666.58,27,5,4,3,543,Loyal
9720,2025-12-16,2025-08-09,5,30411.34,16,5,4,4,544,High Value
9721,2025-12-30,2025-06-28,41,222095.39,2,5,5,5,555,High Value
9722,2025-08-21,2025-08-21,1,182.79,133,3,1,1,311,Occasional
9726,2025-12-29,2025-08-02,6,52348.79,3,5,4,4,544,High Value
9727,2025-12-17,2025-12-17,1,307.23,15,5,1,1,511,New
9728,2025-10-24,2025-09-29,3,28435.76,69,4,3,3,433,Loyal
9729,2025-10-19,2025-10-19,1,7370.51,74,4,1,2,412,New
9730,2025-10-11,2025-10-11,1,12391.09,82,4,1,2,412,New
9731,2025-08-29,2025-08-29,1,2845.37,125,3,1,1,311,Occasional
9733,2025-11-07,2025-09-06,2,27190.02,55,4,2,3,423,Occasional
9734,2025-12-29,2025-07-11,9,61315.76,3,5,5,4,554,High Value
9736,2025-12-12,2025-07-05,3,20737.03,20,5,3,3,533,Loyal
9737,2025-12-10,2025-07-22,7,80779.66,22,5,4,5,545,High Value
9738,2025-11-03,2025-11-03,1,1458.43,59,4,1,1,411,New
9740,2025-11-19,2025-11-19,1,915.47,43,4,1,1,411,New
9744,2025-12-26,2025-12-26,1,18603.41,6,5,1,3,513,New
9745,2025-07-07,2025-07-07,1,43993.21,178,3,1,4,314,Occasional
9746,2025-11-20,2025-11-20,1,1683.08,42,4,1,1,411,New
9747,2025-12-01,2025-09-09,2,46153.45,31,5,2,4,524,Occasional
9748,2025-11-02,2025-11-02,1,5692.68,60,4,1,2,412,New
9749,2025-11-12,2025-07-04,14,101377.47,50,4,5,5,455,High Value
9750,2025-12-12,2025-06-29,7,46957.64,20,5,4,4,544,High Value
9752,2025-12-21,2025-10-20,2,27835.51,11,5,2,3,523,New
9754,2025-12-22,2025-08-08,6,43024.41,10,5,4,4,544,High Value
9757,2025-10-25,2025-10-25,1,4418.6,68,4,1,1,411,New
9759,2025-12-02,2025-10-13,2,3496.64,30,5,2,1,521,New
9760,2025-12-07,2025-08-02,7,15330.48,25,5,4,3,543,Loyal
9762,2025-09-14,2025-09-14,1,3352.79,109,3,1,1,311,Occasional
9763,2025-12-02,2025-10-14,2,26018.43,30,5,2,3,523,New
9764,2025-10-12,2025-10-12,1,445.84,81,4,1,1,411,New
9765,2025-10-12,2025-08-22,2,11377.56,81,4,2,2,422,Occasional
9766,2025-11-29,2025-06-28,6,57149.69,33,5,4,4,544,High Value
9768,2025-12-23,2025-08-14,5,56711.01,9,5,4,4,544,High Value
9769,2025-11-18,2025-11-18,1,3009.82,44,4,1,1,411,New
9771,2025-09-13,2025-09-13,1,8336.21,110,3,1,2,312,Occasional
9772,2025-07-10,2025-07-10,1,1809.47,175,3,1,1,311,Occasional
9773,2025-08-17,2025-08-17,1,3985.75,137,3,1,1,311,Occasional
9775,2025-09-05,2025-07-13,2,2767.54,118,3,2,1,321,Occasional
9777,2025-12-01,2025-09-04,4,13175.45,31,5,4,2,542,Loyal
9779,2025-11-26,2025-11-26,1,4382.38,36,4,1,1,411,New
9781,2025-10-09,2025-10-09,1,535.61,84,4,1,1,411,New
9782,2025-10-24,2025-07-02,7,44041.08,69,4,4,4,444,High Value
9784,2025-11-22,2025-11-22,1,10503.52,40,4,1,2,412,New
9785,2025-08-07,2025-08-07,1,1533.82,147,3,1,1,311,Occasional
9788,2025-08-02,2025-08-02,1,543.56,152,3,1,1,311,Occasional
9790,2025-09-28,2025-09-28,1,9670.75,95,4,1,2,412,Occasional
9791,2025-09-04,2025-09-04,1,5257.82,119,3,1,2,312,Occasional
9795,2025-12-26,2025-07-20,7,86899.11,6,5,4,5,545,High Value
9796,2025-08-25,2025-07-14,4,33052.83,129,3,4,4,344,High Value
9797,2025-12-29,2025-07-04,28,219667.22,3,5,5,5,555,High Value
9798,2025-08-31,2025-07-25,2,31429.56,123,3,2,4,324,Occasional
9803,2025-08-12,2025-08-12,1,32376.83,142,3,1,4,314,Occasional
9805,2025-12-09,2025-06-29,3,71280.95,23,5,3,5,535,Loyal
9809,2025-11-03,2025-10-12,2,5641.15,59,4,2,2,422,New
9811,2025-10-10,2025-10-10,1,1772.31,83,4,1,1,411,New
9812,2025-10-24,2025-10-24,1,1354.87,69,4,1,1,411,New
9813,2025-11-13,2025-07-05,3,69686.14,49,4,3,5,435,Loyal
9814,2025-12-23,2025-07-21,3,12195.26,9,5,3,2,532,Loyal
9817,2025-11-24,2025-11-16,2,12641.1,38,4,2,2,422,New
9818,2025-12-08,2025-07-23,3,10348.79,24,5,3,2,532,Loyal
9819,2025-12-27,2025-07-14,27,213902.22,5,5,5,5,555,High Value
9821,2025-11-28,2025-09-07,2,4631.88,34,5,2,2,522,Occasional
9823,2025-08-29,2025-08-29,1,1987.06,125,3,1,1,311,Occasional
9824,2025-10-05,2025-10-05,1,518.3,88,4,1,1,411,New
9826,2025-08-25,2025-08-25,1,3479.94,129,3,1,1,311,Occasional
9827,2025-10-31,2025-09-23,2,10505.96,62,4,2,2,422,Occasional
9829,2025-10-31,2025-10-31,1,3520.23,62,4,1,1,411,New
9831,2025-09-23,2025-09-09,2,7148.35,100,3,2,2,322,Occasional
9832,2025-07-25,2025-07-25,1,6945.01,160,3,1,2,312,Occasional
9833,2025-09-03,2025-07-02,4,37847.93,120,3,4,4,344,High Value
9835,2025-11-27,2025-11-23,2,3789.49,35,5,2,1,521,New
9837,2025-11-28,2025-11-28,1,7424.86,34,5,1,2,512,New
9838,2025-12-07,2025-07-16,2,25313.56,25,5,2,3,523,Occasional
9839,2025-10-15,2025-07-22,4,42864.3,78,4,4,4,444,High Value
9840,2025-10-31,2025-10-29,2,18599.14,62,4,2,3,423,New
9841,2025-12-21,2025-12-03,2,7304.69,11,5,2,2,522,New
9842,2025-10-23,2025-10-23,1,2891.39,70,4,1,1,411,New
9843,2025-08-08,2025-07-27,2,4153.78,146,3,2,1,321,Occasional
9844,2025-11-12,2025-11-12,1,9271.42,50,4,1,2,412,New
9845,2025-11-05,2025-07-16,6,53594.36,57,4,4,4,444,High Value
9847,2025-11-03,2025-11-03,1,11174.55,59,4,1,2,412,New
9848,2025-08-28,2025-07-19,2,1207.39,126,3,3,1,331,Loyal
9850,2025-11-04,2025-07-29,3,26567.18,58,4,3,3,433,Loyal
9851,2025-12-27,2025-10-26,2,6021.65,5,5,3,2,532,New
9853,2025-12-27,2025-12-27,1,24750.47,5,5,1,3,513,New
9854,2025-12-16,2025-12-16,1,387.43,16,5,1,1,511,New
9855,2025-12-13,2025-11-02,2,1058.99,19,5,3,1,531,New
9856,2025-11-07,2025-11-07,1,8766.75,55,4,1,2,412,New
9857,2025-11-26,2025-10-08,3,59024.74,36,4,3,4,434,New
9859,2025-10-19,2025-10-19,1,1396.51,74,4,1,1,411,New
9860,2025-09-16,2025-08-15,3,7551.51,107,3,3,2,332,Loyal
9862,2025-10-17,2025-10-17,1,1960.03,76,4,1,1,411,New
9863,2025-08-12,2025-08-12,1,21626.74,142,3,1,3,313,Occasional
9864,2025-09-07,2025-09-07,1,11405.79,116,3,1,2,312,Occasional
9868,2025-12-02,2025-07-13,7,33535.12,30,5,4,4,544,High Value
9869,2025-12-03,2025-07-26,6,33725.89,29,5,4,4,544,High Value
9870,2025-10-29,2025-10-29,1,514.03,64,4,1,1,411,New
9872,2025-12-09,2025-12-09,1,9040.01,23,5,1,2,512,New
9873,2025-09-18,2025-09-18,1,70841.56,105,3,1,5,315,Occasional
9875,2025-10-13,2025-10-13,1,844.89,80,4,1,1,411,New
9877,2025-08-10,2025-07-08,3,14022.03,144,3,3,3,333,Loyal
9878,2025-10-27,2025-07-19,2,43787.06,66,4,3,4,434,Loyal
9879,2025-08-26,2025-08-26,1,22780.5,128,3,1,3,313,Occasional
9881,2025-08-09,2025-08-09,1,19925.77,145,3,1,3,313,Occasional
9883,2025-09-05,2025-08-10,2,29643.41,118,3,3,4,334,Loyal
9884,2025-12-21,2025-12-21,1,2622.61,11,5,1,1,511,New
9887,2025-12-22,2025-08-24,3,21889.69,10,5,3,3,533,Loyal
9888,2025-09-30,2025-09-30,1,1870.09,93,4,1,1,411,Occasional
9889,2025-10-05,2025-10-05,1,37674.62,88,4,1,4,414,New
9891,2025-12-30,2025-12-11,2,7455.73,2,5,3,2,532,New
9892,2025-12-25,2025-10-25,3,29120.63,7,5,3,3,533,New
9893,2025-12-21,2025-08-06,4,44590.09,11,5,4,4,544,High Value
9895,2025-11-21,2025-09-02,6,75825.91,41,4,4,5,445,High Value
9897,2025-07-11,2025-07-11,1,1782.64,174,3,1,1,311,Occasional
9899,2025-12-27,2025-12-27,1,698.93,5,5,1,1,511,New
9900,2025-12-17,2025-09-16,3,4130.1,15,5,3,1,531,Loyal
9902,2025-11-22,2025-08-11,3,8698.07,40,4,3,2,432,Loyal
9906,2025-11-18,2025-11-18,1,3020.96,44,4,1,1,411,New
9907,2025-12-30,2025-09-24,2,8769.77,2,5,3,2,532,Loyal
9909,2025-11-23,2025-08-12,3,11815.46,39,4,3,2,432,Loyal
9911,2025-11-01,2025-10-15,2,4756.23,61,4,3,2,432,New
9912,2025-10-25,2025-10-25,1,769.5,68,4,1,1,411,New
9914,2025-10-18,2025-07-28,2,5049.72,75,4,3,2,432,Loyal
9916,2025-12-27,2025-07-15,9,33307.85,5,5,5,4,554,High Value
9917,2025-07-19,2025-07-19,1,854.09,166,3,1,1,311,Occasional
9918,2025-09-27,2025-09-27,1,8243.79,96,3,1,2,312,Occasional
9920,2025-11-02,2025-07-11,2,4252.14,60,4,3,1,431,Loyal
9921,2025-12-26,2025-11-14,2,19879.86,6,5,3,3,533,New
9923,2025-08-16,2025-08-16,1,6404.26,138,3,1,2,312,Occasional
9925,2025-09-28,2025-07-18,4,33886.15,95,4,4,4,444,High Value
9926,2025-12-16,2025-08-21,3,19315.69,16,5,3,3,533,Loyal
9927,2025-07-26,2025-07-26,1,3572.69,159,3,1,1,311,Occasional
9928,2025-10-28,2025-07-09,3,18221.01,65,4,3,3,433,Loyal
9929,2025-10-27,2025-07-12,4,33091.82,66,4,4,4,444,High Value
9930,2025-12-05,2025-12-05,1,7669.25,27,5,2,2,522,New
9931,2025-10-09,2025-08-10,2,2701.24,84,4,3,1,431,Loyal
9932,2025-12-30,2025-07-18,13,59052.58,2,5,5,4,554,High Value
9934,2025-10-16,2025-10-16,1,923.96,77,4,2,1,421,New
9937,2025-11-26,2025-08-12,6,32029.47,36,4,4,4,444,High Value
9941,2025-12-23,2025-07-17,10,62938.02,9,5,5,5,555,High Value
9944,2025-11-23,2025-07-15,6,97470.49,39,4,4,5,445,High Value
9945,2025-07-30,2025-07-27,2,42730.44,155,3,3,4,334,Loyal
9946,2025-08-14,2025-07-26,2,444.81,140,3,3,1,331,Loyal
9947,2025-09-16,2025-09-16,1,1163.8,107,3,2,1,321,Occasional
9948,2025-11-28,2025-11-17,3,16076.24,34,5,3,3,533,New
9950,2025-10-08,2025-07-27,2,8937.8,85,4,3,2,432,Loyal
9952,2025-11-16,2025-07-29,3,18002.85,46,4,3,3,433,Loyal
9954,2025-10-24,2025-10-24,1,4472.96,69,4,2,2,422,New
9957,2025-10-10,2025-09-10,2,60520.16,83,4,3,4,434,Loyal
9960,2025-09-28,2025-09-28,1,39012.82,95,4,2,4,424,Occasional
9962,2025-11-15,2025-09-10,5,10751.43,47,4,4,2,442,Loyal
9964,2025-12-11,2025-08-04,8,66722.53,21,5,5,5,555,High Value
9965,2025-10-15,2025-10-15,1,12427.91,78,4,2,2,422,New
9966,2025-10-20,2025-08-20,4,61143.56,73,4,4,4,444,High Value
9967,2025-11-09,2025-09-30,3,31445.95,53,4,3,4,434,Loyal
9969,2025-12-18,2025-07-17,6,26117.93,14,5,4,3,543,Loyal
9970,2025-12-11,2025-12-11,1,193.71,21,5,2,1,521,New
9972,2025-11-04,2025-11-04,1,44595.4,58,4,2,4,424,New
9973,2025-12-22,2025-08-30,7,50086.95,10,5,4,4,544,High Value
9974,2025-07-30,2025-07-30,1,23063.99,155,3,2,3,323,Occasional
9975,2025-11-03,2025-11-03,1,495.48,59,4,2,1,421,New
9977,2025-09-16,2025-07-20,2,17087.87,107,3,3,3,333,Loyal
9979,2025-10-11,2025-10-11,1,6048.47,82,4,2,2,422,New
9981,2025-11-16,2025-11-16,1,4667.86,46,4,2,2,422,New
9983,2025-12-21,2025-07-26,5,25546.91,11,5,4,3,543,Loyal
9985,2025-10-01,2025-08-09,2,12162.05,92,4,3,2,432,Loyal
9987,2025-10-20,2025-10-20,1,1286.72,73,4,2,1,421,New
9992,2025-09-02,2025-09-02,1,3396.33,121,3,2,1,321,Occasional
9994,2025-10-18,2025-10-18,1,15465.04,75,4,2,3,423,New
9995,2025-12-03,2025-07-21,3,14064.2,29,5,3,3,533,Loyal
9996,2025-08-16,2025-07-29,2,30310.59,138,3,3,4,334,Loyal
9997,2025-10-31,2025-07-20,2,7018.28,62,4,3,2,432,Loyal
9998,2025-11-10,2025-07-25,4,65188.96,52,4,4,5,445,High Value
10000,2025-12-08,2025-10-17,2,3214.89,24,5,3,1,531,New
10001,2025-12-18,2025-12-18,1,5415.84,14,5,2,2,522,New
10002,2025-11-07,2025-11-07,1,1382.4,55,4,2,1,421,New
10003,2025-09-06,2025-08-05,2,44334.84,117,3,3,4,334,Loyal
10004,2025-12-29,2025-11-15,3,4547.97,3,5,3,2,532,New
10005,2025-12-15,2025-11-17,3,22313.73,17,5,3,3,533,New
10006,2025-11-08,2025-07-19,13,98945.46,54,4,5,5,455,High Value
10007,2025-11-18,2025-10-19,2,14222.45,44,4,3,3,433,New
10008,2025-10-06,2025-10-06,1,4654.55,87,4,2,2,422,New
10009,2025-10-23,2025-08-26,3,17355.57,70,4,3,3,433,Loyal
10010,2025-12-27,2025-07-21,19,179308.79,5,5,5,5,555,High Value
10012,2025-09-19,2025-09-16,2,3273.83,104,3,3,1,331,Loyal
10013,2025-10-11,2025-10-11,1,2765.92,82,4,2,1,421,New
10015,2025-12-26,2025-12-26,1,15596.99,6,5,2,3,523,New
10016,2025-08-11,2025-08-11,1,15236.34,143,3,2,3,323,Occasional
10018,2025-12-10,2025-10-04,2,37642.92,22,5,3,4,534,New
10021,2025-08-17,2025-08-17,1,1808.65,137,3,2,1,321,Occasional
10024,2025-12-22,2025-07-18,7,16012.47,10,5,4,3,543,Loyal
10025,2025-12-12,2025-09-18,2,8967.76,20,5,3,2,532,Loyal
10026,2025-09-20,2025-09-20,1,707.96,103,3,2,1,321,Occasional
10027,2025-07-28,2025-07-28,1,7397.06,157,3,2,2,322,Occasional
10028,2025-12-29,2025-08-21,3,26466.8,3,5,3,3,533,Loyal
10029,2025-12-25,2025-10-24,3,13397.13,7,5,3,2,532,New
10030,2025-11-27,2025-10-06,2,6310.49,35,5,3,2,532,New
10031,2025-12-19,2025-11-02,3,22678.93,13,5,3,3,533,New
10032,2025-12-19,2025-12-16,2,15847.72,13,5,3,3,533,New
10033,2025-11-24,2025-11-24,1,22695.48,38,4,2,3,423,New
10034,2025-12-27,2025-11-29,2,16820.56,5,5,3,3,533,New
10038,2025-09-22,2025-09-22,1,20897.55,101,3,2,3,323,Occasional
10040,2025-09-30,2025-09-30,1,819.96,93,4,2,1,421,Occasional
10041,2025-10-13,2025-08-15,2,82963.8,80,4,3,5,435,Loyal
10042,2025-10-26,2025-08-25,2,5102.55,67,4,3,2,432,Loyal
10043,2025-11-09,2025-08-02,2,3615.84,53,4,3,1,431,Loyal
10044,2025-11-26,2025-08-14,2,7169.06,36,4,3,2,432,Loyal
10049,2025-11-16,2025-09-14,3,31785.84,46,4,3,4,434,Loyal
10050,2025-09-25,2025-09-25,1,1064.62,98,3,2,1,321,Occasional
10052,2025-08-13,2025-08-02,2,5055.23,141,3,3,2,332,Loyal
10053,2025-10-04,2025-10-04,1,3657.11,89,4,2,1,421,New
10054,2025-10-13,2025-10-13,1,10617.04,80,4,2,2,422,New
10055,2025-12-09,2025-10-18,5,13958.21,23,5,4,3,543,New
10056,2025-10-14,2025-10-14,1,14750.1,79,4,2,3,423,New
10057,2025-12-28,2025-08-03,3,5777.25,4,5,3,2,532,Loyal
10058,2025-12-21,2025-11-28,2,27029.23,11,5,3,3,533,New
10059,2025-11-30,2025-07-31,5,53273.88,32,5,4,4,544,High Value
10062,2025-11-15,2025-11-15,1,2702.75,47,4,2,1,421,New
10063,2025-09-24,2025-09-05,3,24572.12,99,3,3,3,333,Loyal
10064,2025-11-25,2025-08-23,2,2557.66,37,4,3,1,431,Loyal
10065,2025-11-24,2025-11-06,2,5466.94,38,4,3,2,432,New
10068,2025-12-26,2025-11-02,3,10562.1,6,5,3,2,532,New
10071,2025-11-15,2025-10-12,3,5614.16,47,4,3,2,432,New
10072,2025-08-10,2025-08-10,1,7875.94,144,3,2,2,322,Occasional
10074,2025-12-08,2025-11-08,3,27238.42,24,5,3,3,533,New
10077,2025-12-28,2025-08-25,4,39955.22,4,5,4,4,544,High Value
10078,2025-12-31,2025-12-31,1,18121.62,1,5,2,3,523,New
10080,2025-12-13,2025-12-13,1,625.76,19,5,2,1,521,New
10081,2025-08-14,2025-08-14,1,3250.25,140,3,2,1,321,Occasional
10082,2025-12-28,2025-10-25,3,23247.63,4,5,3,3,533,New
10083,2025-12-07,2025-08-30,3,28437.21,25,5,3,3,533,Loyal
10086,2025-11-29,2025-10-04,3,6923.38,33,5,3,2,532,New
10088,2025-12-26,2025-09-16,3,22882.33,6,5,3,3,533,Loyal
10091,2025-10-22,2025-10-22,1,15716.58,71,4,2,3,423,New
10092,2025-12-30,2025-08-11,14,113675.29,2,5,5,5,555,High Value
10095,2025-11-24,2025-08-17,4,11367.45,38,4,4,2,442,Loyal
10099,2025-09-21,2025-09-04,2,6124.29,102,3,3,2,332,Loyal
10101,2025-11-17,2025-11-17,1,453.56,45,4,2,1,421,New
10103,2025-11-06,2025-09-21,2,19682.69,56,4,3,3,433,Loyal
10105,2025-11-15,2025-10-20,2,21120.03,47,4,3,3,433,New
10109,2025-12-31,2025-08-10,14,31189.02,1,5,5,4,554,High Value
10110,2025-11-20,2025-08-16,7,111693.8,42,4,4,5,445,High Value
10111,2025-09-24,2025-09-24,1,1470.21,99,3,2,1,321,Occasional
10112,2025-10-28,2025-10-13,2,8988.1,65,4,3,2,432,New
10113,2025-11-16,2025-08-14,3,7494.63,46,4,3,2,432,Loyal
10116,2025-11-26,2025-09-26,2,32929.2,36,4,3,4,434,Loyal
10118,2025-10-11,2025-10-08,2,55966.96,82,4,3,4,434,New
10121,2025-12-28,2025-08-13,10,91598.92,4,5,5,5,555,High Value
10122,2025-12-12,2025-12-12,1,14442.71,20,5,2,3,523,New
10124,2025-12-30,2025-09-12,3,13202.44,2,5,3,2,532,Loyal
10126,2025-11-14,2025-08-08,3,44056.76,48,4,3,4,434,Loyal
10127,2025-12-03,2025-12-03,1,310.53,29,5,2,1,521,New
10129,2025-11-24,2025-11-22,2,6040.85,38,4,3,2,432,New
10131,2025-11-08,2025-11-08,1,17713.86,54,4,2,3,423,New
10132,2025-11-18,2025-10-22,2,11853.46,44,4,3,2,432,New
10135,2025-12-08,2025-09-09,5,21191.83,24,5,4,3,543,Loyal
10137,2025-11-22,2025-11-22,1,1074.73,40,4,2,1,421,New
10139,2025-12-01,2025-07-31,11,33125.73,31,5,5,4,554,High Value
10140,2025-11-03,2025-11-03,1,1638.89,59,4,2,1,421,New
10142,2025-11-28,2025-10-01,5,3606.1,34,5,4,1,541,Loyal
10144,2025-12-16,2025-09-13,2,27404.12,16,5,3,3,533,Loyal
10146,2025-10-19,2025-10-19,1,2315.81,74,4,2,1,421,New
10147,2025-12-28,2025-08-06,6,31232.09,4,5,4,4,544,High Value
10148,2025-11-10,2025-11-10,1,1581.78,52,4,2,1,421,New
10149,2025-11-17,2025-11-11,2,3760.56,45,4,3,1,431,New
10151,2025-10-06,2025-10-06,1,135.31,87,4,2,1,421,New
10152,2025-11-04,2025-09-13,2,4787.54,58,4,3,2,432,Loyal
10153,2025-11-26,2025-11-26,1,2028.64,36,4,2,1,421,New
10157,2025-09-25,2025-09-25,1,4634.86,98,3,2,2,322,Occasional
10158,2025-11-03,2025-08-16,2,7041.01,59,4,3,2,432,Loyal
10159,2025-12-11,2025-08-15,10,32226.87,21,5,5,4,554,High Value
10163,2025-12-11,2025-12-11,1,6170.64,21,5,2,2,522,New
10165,2025-10-11,2025-08-17,3,20943.08,82,4,3,3,433,Loyal
10166,2025-12-30,2025-08-12,5,18042.17,2,5,4,3,543,Loyal
10167,2025-08-07,2025-08-07,1,3419.59,147,3,2,1,321,Occasional
10170,2025-11-09,2025-11-09,1,1574.92,53,4,2,1,421,New
10171,2025-08-09,2025-08-09,1,1449.45,145,3,2,1,321,Occasional
10172,2025-10-29,2025-09-10,3,25114.47,64,4,3,3,433,Loyal
10173,2025-10-24,2025-09-21,4,4279.31,69,4,4,1,441,Loyal
10175,2025-11-23,2025-08-16,3,7569.03,39,4,3,2,432,Loyal
10178,2025-12-21,2025-09-01,9,150485.5,11,5,5,5,555,High Value
10179,2025-12-07,2025-08-11,5,34236.15,25,5,4,4,544,High Value
10180,2025-11-05,2025-09-28,2,15281.39,57,4,3,3,433,Loyal
10181,2025-12-17,2025-12-17,1,4143.12,15,5,2,1,521,New
10183,2025-09-07,2025-09-07,1,660.97,116,3,2,1,321,Occasional
10184,2025-11-05,2025-11-05,1,4858.49,57,4,2,2,422,New
10185,2025-10-10,2025-09-04,4,23157.11,83,4,4,3,443,Loyal
10190,2025-12-13,2025-09-19,4,24799.47,19,5,4,3,543,Loyal
10191,2025-12-16,2025-09-29,4,42784.73,16,5,4,4,544,High Value
10194,2025-11-08,2025-11-08,1,38643.62,54,4,2,4,424,New
10195,2025-10-05,2025-10-05,1,14016.35,88,4,2,3,423,New
10199,2025-09-22,2025-09-22,1,29771.91,101,3,2,4,324,Occasional
10200,2025-11-23,2025-09-10,2,22570.4,39,4,3,3,433,Loyal
10203,2025-12-28,2025-12-28,1,25889.66,4,5,2,3,523,New
10204,2025-12-29,2025-09-27,5,36078.64,3,5,4,4,544,High Value
10205,2025-12-17,2025-12-17,1,2723.09,15,5,2,1,521,New
10208,2025-10-21,2025-09-20,2,28809.93,72,4,3,3,433,Loyal
10209,2025-12-25,2025-10-08,2,25155.69,7,5,3,3,533,New
10210,2025-11-30,2025-08-22,6,26270.27,32,5,4,3,543,Loyal
10211,2025-12-30,2025-08-07,8,45692.14,2,5,5,4,554,High Value
10212,2025-11-25,2025-09-06,2,21309.41,37,4,3,3,433,Loyal
10214,2025-12-01,2025-12-01,1,3844.11,31,5,2,1,521,New
10216,2025-12-01,2025-10-18,4,61555.15,31,5,4,4,544,New
10217,2025-09-21,2025-09-03,2,59198.89,102,3,3,4,334,Loyal
10218,2025-10-01,2025-08-12,4,42088.52,92,4,4,4,444,High Value
10219,2025-10-07,2025-09-13,2,3721.78,86,4,3,1,431,Loyal
10222,2025-11-27,2025-08-10,9,71928.08,35,5,5,5,555,High Value
10223,2025-10-08,2025-10-08,1,10335.83,85,4,2,2,422,New
10225,2025-12-06,2025-08-12,6,24680.87,26,5,4,3,543,Loyal
10226,2025-11-15,2025-11-15,1,6579.48,47,4,2,2,422,New
10227,2025-10-26,2025-10-18,2,15078.7,67,4,3,3,433,New
10228,2025-11-19,2025-11-19,1,32276.84,43,4,2,4,424,New
10229,2025-12-23,2025-08-10,12,61337.39,9,5,5,4,554,High Value
10231,2025-12-31,2025-08-09,36,264415.68,1,5,5,5,555,High Value
10235,2025-11-03,2025-09-07,4,10057.75,59,4,4,2,442,Loyal
10236,2025-10-10,2025-10-10,1,2186.56,83,4,2,1,421,New
10240,2025-11-03,2025-11-03,1,1327.45,59,4,2,1,421,New
10241,2025-12-05,2025-08-12,2,23722.73,27,5,3,3,533,Loyal
10243,2025-11-06,2025-11-06,1,5080.17,56,4,2,2,422,New
10244,2025-09-08,2025-08-24,2,2327.28,115,3,3,1,331,Loyal
10246,2025-12-06,2025-08-10,5,62326.38,26,5,4,5,545,High Value
10247,2025-12-15,2025-12-15,1,228.92,17,5,2,1,521,New
10248,2025-08-27,2025-08-27,1,865.39,127,3,2,1,321,Occasional
10250,2025-12-29,2025-08-12,21,96634.07,3,5,5,5,555,High Value
10251,2025-12-14,2025-09-07,5,11128.26,18,5,4,2,542,Loyal
10254,2025-12-17,2025-11-03,2,5482.79,15,5,3,2,532,New
10256,2025-11-06,2025-11-06,1,2849.1,56,4,2,1,421,New
10257,2025-12-21,2025-12-21,1,544.21,11,5,2,1,521,New
10258,2025-12-08,2025-12-08,1,5475.66,24,5,2,2,522,New
10260,2025-08-18,2025-08-18,1,844.89,136,3,2,1,321,Occasional
10261,2025-12-19,2025-11-16,2,8868.75,13,5,3,2,532,New
10264,2025-12-11,2025-09-09,4,29220.34,21,5,4,3,543,Loyal
10267,2025-10-24,2025-08-10,3,10219.02,69,4,3,2,432,Loyal
10270,2025-11-06,2025-08-12,6,53624.26,56,4,4,4,444,High Value
10275,2025-12-07,2025-11-06,3,75999.06,25,5,3,5,535,New
10276,2025-12-16,2025-08-27,4,20676.18,16,5,4,3,543,Loyal
10279,2025-12-06,2025-08-11,7,47283.34,26,5,4,4,544,High Value
10280,2025-12-16,2025-12-16,1,2689.02,16,5,2,1,521,New
10281,2025-12-23,2025-08-31,9,110757.57,9,5,5,5,555,High Value
10282,2025-08-29,2025-08-29,1,7138.29,125,3,2,2,322,Occasional
10283,2025-11-15,2025-08-23,8,52103.09,47,4,5,4,454,High Value
10285,2025-11-26,2025-10-03,5,35572.47,36,4,4,4,444,New
10288,2025-11-24,2025-11-24,1,890.37,38,4,2,1,421,New
10289,2025-08-29,2025-08-29,1,2182.77,125,3,2,1,321,Occasional
10290,2025-11-29,2025-08-10,6,57560.25,33,5,4,4,544,High Value
10291,2025-08-23,2025-08-23,1,2354.75,131,3,2,1,321,Occasional
10293,2025-11-19,2025-10-08,2,3905.98,43,4,3,1,431,New
10294,2025-12-19,2025-10-13,2,3008.09,13,5,3,1,531,New
10295,2025-12-24,2025-10-06,3,12026.41,8,5,3,2,532,New
10296,2025-10-22,2025-08-21,2,20239.77,71,4,3,3,433,Loyal
10297,2025-08-31,2025-08-31,1,19380.11,123,3,2,3,323,Occasional
10298,2025-11-09,2025-08-26,2,6923.22,53,4,3,2,432,Loyal
10299,2025-09-30,2025-09-30,1,1596.44,93,4,2,1,421,Occasional
10302,2025-11-05,2025-08-13,6,93551.37,57,4,4,5,445,High Value
10303,2025-11-15,2025-11-15,1,5565.27,47,4,2,2,422,New
10304,2025-11-05,2025-08-17,3,9032.18,57,4,3,2,432,Loyal
10308,2025-10-26,2025-09-01,5,16579.41,67,4,4,3,443,Loyal
10312,2025-12-08,2025-12-08,1,10663.6,24,5,2,2,522,New
10315,2025-12-31,2025-09-02,3,9736.66,1,5,3,2,532,Loyal
10317,2025-12-09,2025-12-09,1,5054.37,23,5,2,2,522,New
10318,2025-12-20,2025-09-25,6,16114.59,12,5,4,3,543,Loyal
10319,2025-10-19,2025-10-19,1,2576.91,74,4,2,1,421,New
10320,2025-08-24,2025-08-24,1,524.68,130,3,2,1,321,Occasional
10323,2025-11-29,2025-11-03,3,41437.56,33,5,3,4,534,New
10324,2025-09-18,2025-09-18,1,741.92,105,3,2,1,321,Occasional
10325,2025-10-18,2025-10-18,1,4558.19,75,4,2,2,422,New
10326,2025-10-02,2025-10-02,1,641.71,91,4,2,1,421,Occasional
10328,2025-10-28,2025-10-28,1,1011.51,65,4,2,1,421,New
10329,2025-11-05,2025-09-13,4,13429.96,57,4,4,2,442,Loyal
10333,2025-11-13,2025-10-08,2,6585.38,49,4,3,2,432,New
10336,2025-12-14,2025-11-24,2,4989.63,18,5,3,2,532,New
10339,2025-12-23,2025-09-28,5,57310.95,9,5,4,4,544,High Value
10340,2025-11-30,2025-11-30,1,2719.3,32,5,2,1,521,New
10341,2025-12-02,2025-11-23,2,3702.16,30,5,3,1,531,New
10342,2025-11-29,2025-11-29,1,1074.73,33,5,2,1,521,New
10344,2025-12-20,2025-12-20,1,20090.83,12,5,2,3,523,New
10345,2025-10-25,2025-08-26,3,65392.51,68,4,3,5,435,Loyal
10346,2025-09-25,2025-09-25,1,4951.56,98,3,2,2,322,Occasional
10348,2025-10-14,2025-10-01,2,5341.27,79,4,3,2,432,Loyal
10351,2025-09-27,2025-09-27,1,3219.82,96,3,2,1,321,Occasional
10352,2025-12-30,2025-09-30,5,41211.27,2,5,4,4,544,High Value
10353,2025-12-08,2025-10-28,2,13870.06,24,5,3,2,532,New
10354,2025-10-03,2025-10-03,1,1683.08,90,4,2,1,421,New
10355,2025-10-02,2025-09-08,3,47252.73,91,4,3,4,434,Loyal
10356,2025-11-18,2025-11-18,1,2686.21,44,4,2,1,421,New
10357,2025-09-02,2025-09-02,1,14083.08,121,3,2,3,323,Occasional
10360,2025-12-15,2025-08-21,5,46970.8,17,5,4,4,544,High Value
10362,2025-11-15,2025-11-15,1,16408.26,47,4,2,3,423,New
10363,2025-10-04,2025-10-04,1,5497.5,89,4,2,2,422,New
10365,2025-11-09,2025-11-09,1,21347.54,53,4,2,3,423,New
10366,2025-12-11,2025-08-15,7,15843.37,21,5,4,3,543,Loyal
10367,2025-11-17,2025-11-17,1,2644.83,45,4,2,1,421,New
10370,2025-09-06,2025-09-06,1,6437.19,117,3,2,2,322,Occasional
10371,2025-12-25,2025-12-25,1,5307.52,7,5,2,2,522,New
10373,2025-10-15,2025-10-15,1,1543.18,78,4,2,1,421,New
10375,2025-12-23,2025-09-04,2,5951.78,9,5,3,2,532,Loyal
10376,2025-10-18,2025-09-09,2,20522.65,75,4,3,3,433,Loyal
10377,2025-11-20,2025-09-20,3,5073.04,42,4,3,2,432,Loyal
10379,2025-12-14,2025-08-26,4,44323.11,18,5,4,4,544,High Value
10381,2025-11-15,2025-08-17,2,3792.25,47,4,3,1,431,Loyal
10382,2025-10-07,2025-10-07,1,1460.7,86,4,2,1,421,New
10388,2025-10-30,2025-10-30,1,587.53,63,4,2,1,421,New
10389,2025-11-22,2025-08-20,2,38852.8,40,4,3,4,434,Loyal
10391,2025-11-27,2025-11-27,1,13638.6,35,5,2,2,522,New
10394,2025-11-28,2025-08-19,3,31818.51,34,5,3,4,534,Loyal
10396,2025-10-24,2025-10-20,2,4471.88,69,4,3,2,432,New
10397,2025-11-15,2025-10-27,3,9950.22,47,4,3,2,432,New
10398,2025-10-04,2025-10-04,1,2719.47,89,4,2,1,421,New
10399,2025-10-26,2025-10-26,1,1746.4,67,4,2,1,421,New
10400,2025-12-25,2025-09-12,2,2464.43,7,5,3,1,531,Loyal
10403,2025-12-15,2025-11-13,2,1682.44,17,5,3,1,531,New
10405,2025-11-08,2025-11-08,1,12454.57,54,4,2,2,422,New
10406,2025-11-02,2025-09-03,2,28299.35,60,4,3,3,433,Loyal
10408,2025-10-18,2025-10-18,1,3461.34,75,4,2,1,421,New
10409,2025-12-19,2025-12-13,2,18890.79,13,5,3,3,533,New
10411,2025-12-21,2025-12-21,1,1048.39,11,5,2,1,521,New
10412,2025-12-28,2025-09-24,2,4612.65,4,5,3,2,532,Loyal
10413,2025-12-19,2025-08-20,7,71488.14,13,5,4,5,545,High Value
10415,2025-10-21,2025-10-21,1,17509.75,72,4,2,3,423,New
10417,2025-09-02,2025-09-02,1,20799.38,121,3,2,3,323,Occasional
10421,2025-12-07,2025-09-13,7,70458.24,25,5,4,5,545,High Value
10424,2025-12-30,2025-12-28,2,82921.72,2,5,3,5,535,New
10426,2025-10-30,2025-09-23,2,1927.14,63,4,3,1,431,Loyal
10429,2025-12-03,2025-12-03,1,10675.5,29,5,2,2,522,New
10430,2025-11-30,2025-10-04,3,5181.34,32,5,3,2,532,New
10432,2025-12-21,2025-09-01,5,29942.32,11,5,4,4,544,High Value
10433,2025-11-03,2025-08-31,3,18962.17,59,4,3,3,433,Loyal
10434,2025-09-07,2025-09-07,1,36124.85,116,3,2,4,324,Occasional
10435,2025-10-26,2025-10-26,1,2165.09,67,4,2,1,421,New
10436,2025-11-30,2025-08-22,4,46460.93,32,5,4,4,544,High Value
10438,2025-11-17,2025-09-18,2,33368.6,45,4,3,4,434,Loyal
10443,2025-11-17,2025-11-17,1,2603.68,45,4,2,1,421,New
10444,2025-12-01,2025-12-01,1,5583.98,31,5,2,2,522,New
10445,2025-11-19,2025-10-01,4,22359.01,43,4,4,3,443,Loyal
10446,2025-10-28,2025-09-24,2,17359.14,65,4,3,3,433,Loyal
10448,2025-11-27,2025-08-24,9,95061.82,35,5,5,5,555,High Value
10450,2025-09-13,2025-09-09,2,64436.96,110,3,3,5,335,Loyal
10451,2025-12-21,2025-11-05,4,15402.58,11,5,4,3,543,New
10453,2025-11-21,2025-11-21,1,14842.64,41,4,2,3,423,New
10455,2025-12-09,2025-10-01,11,62778.96,23,5,5,5,555,High Value
10458,2025-11-15,2025-11-15,1,1240.22,47,4,2,1,421,New
10459,2025-11-16,2025-11-16,1,946.67,46,4,2,1,421,New
10460,2025-12-31,2025-09-01,2,2795.79,1,5,3,1,531,Loyal
10461,2025-12-31,2025-12-31,1,3967.51,1,5,2,1,521,New
10462,2025-10-27,2025-10-27,1,6365.32,66,4,2,2,422,New
10465,2025-11-26,2025-10-27,2,25631.06,36,4,3,3,433,New
10467,2025-12-28,2025-12-28,1,1916.7,4,5,2,1,521,New
10468,2025-12-20,2025-12-20,1,5944.21,12,5,2,2,522,New
10470,2025-11-30,2025-10-19,3,16720.55,32,5,3,3,533,New
10471,2025-12-20,2025-12-20,1,1789.18,12,5,2,1,521,New
10472,2025-08-24,2025-08-24,1,3545.16,130,3,2,1,321,Occasional
10473,2025-11-11,2025-09-07,2,6425.85,51,4,3,2,432,Loyal
10474,2025-08-31,2025-08-31,1,1558.69,123,3,2,1,321,Occasional
10478,2025-12-18,2025-12-18,1,2273.41,14,5,2,1,521,New
10480,2025-11-02,2025-09-09,2,1544.25,60,4,3,1,431,Loyal
10481,2025-11-26,2025-11-26,1,1049.37,36,4,2,1,421,New
10484,2025-09-21,2025-09-21,1,1315.45,102,3,2,1,321,Occasional
10486,2025-09-28,2025-09-07,3,13855.35,95,4,3,2,432,Loyal
10488,2025-10-03,2025-10-03,1,613.48,90,4,2,1,421,New
10489,2025-12-13,2025-12-13,1,757.34,19,5,2,1,521,New
10492,2025-09-28,2025-09-28,1,461.36,95,4,2,1,421,Occasional
10493,2025-09-26,2025-08-26,2,28353.17,97,3,3,3,333,Loyal
10494,2025-12-11,2025-10-12,4,23760.65,21,5,4,3,543,New
10495,2025-12-22,2025-11-21,2,2515.04,10,5,3,1,531,New
10496,2025-12-27,2025-10-06,5,114386.93,5,5,4,5,545,New
10497,2025-12-17,2025-11-21,3,15275.32,15,5,3,3,533,New
10499,2025-10-12,2025-09-14,2,7369.1,81,4,3,2,432,Loyal
10500,2025-09-27,2025-09-27,1,953.54,96,3,2,1,321,Occasional
10501,2025-11-06,2025-11-06,1,485.75,56,4,2,1,421,New
10502,2025-10-31,2025-10-31,1,1193.33,62,4,2,1,421,New
10505,2025-10-11,2025-10-11,1,7578.88,82,4,2,2,422,New
10508,2025-12-16,2025-09-25,2,1044.67,16,5,3,1,531,Loyal
10510,2025-09-27,2025-09-27,1,212373.67,96,3,2,5,325,Occasional
10511,2025-12-01,2025-10-13,2,6067.99,31,5,3,2,532,New
10513,2025-10-19,2025-10-19,1,7106.76,74,4,2,2,422,New
10519,2025-11-18,2025-11-18,1,586.55,44,4,2,1,421,New
10520,2025-12-19,2025-09-16,2,2277.8,13,5,3,1,531,Loyal
10521,2025-12-28,2025-09-30,7,66895.23,4,5,4,5,545,High Value
10523,2025-10-02,2025-10-02,1,1496.07,91,4,2,1,421,Occasional
10524,2025-12-17,2025-12-17,1,1001.67,15,5,2,1,521,New
10526,2025-08-29,2025-08-29,1,1844.4,125,3,2,1,321,Occasional
10528,2025-12-12,2025-08-30,6,70353.98,20,5,4,5,545,High Value
10529,2025-12-03,2025-12-03,1,7231.69,29,5,2,2,522,New
10532,2025-10-31,2025-10-31,1,21925.77,62,4,2,3,423,New
10533,2025-12-31,2025-09-17,5,7474.06,1,5,4,2,542,Loyal
10534,2025-11-03,2025-10-22,3,7622.31,59,4,3,2,432,New
10535,2025-12-29,2025-10-11,4,19752.5,3,5,4,3,543,New
10538,2025-12-21,2025-12-21,1,7981.13,11,5,2,2,522,New
10539,2025-10-18,2025-10-18,1,5095.47,75,4,2,2,422,New
10540,2025-12-26,2025-12-26,1,232.65,6,5,2,1,521,New
10541,2025-12-26,2025-08-30,4,24274.67,6,5,4,3,543,Loyal
10543,2025-10-23,2025-09-19,2,3317.15,70,4,3,1,431,Loyal
10544,2025-12-04,2025-09-22,2,4260.58,28,5,3,1,531,Loyal
10546,2025-11-07,2025-11-07,1,4608.27,55,4,2,2,422,New
10547,2025-10-25,2025-10-25,1,32120.6,68,4,2,4,424,New
10551,2025-12-19,2025-11-04,3,49935.3,13,5,3,4,534,New
10552,2025-12-03,2025-12-03,1,778.86,29,5,2,1,521,New
10556,2025-09-11,2025-09-11,1,5431.31,112,3,2,2,322,Occasional
10558,2025-10-18,2025-09-21,2,17871.13,75,4,3,3,433,Loyal
10559,2025-12-09,2025-10-10,2,15216.21,23,5,3,3,533,New
10560,2025-12-30,2025-10-06,4,89729.92,2,5,4,5,545,New
10561,2025-12-26,2025-09-04,12,100224.3,6,5,5,5,555,High Value
10564,2025-12-22,2025-09-13,12,66674.8,10,5,5,5,555,High Value
10566,2025-09-27,2025-09-27,1,680.43,96,3,2,1,321,Occasional
10569,2025-12-20,2025-09-27,4,56685.63,12,5,4,4,544,High Value
10571,2025-10-29,2025-10-09,2,13589.08,64,4,3,2,432,New
10572,2025-09-07,2025-09-07,1,2196.46,116,3,2,1,321,Occasional
10574,2025-12-09,2025-10-17,3,3531.1,23,5,3,1,531,New
10576,2025-12-26,2025-11-30,2,25681.35,6,5,3,3,533,New
10577,2025-12-29,2025-10-11,5,31019.91,3,5,4,4,544,New
10579,2025-10-01,2025-10-01,1,12831.24,92,4,2,2,422,Occasional
10580,2025-11-18,2025-10-25,2,4513.73,44,4,3,2,432,New
10581,2025-10-28,2025-09-24,6,100805.03,65,4,4,5,445,High Value
10583,2025-12-01,2025-12-01,1,5299.94,31,5,2,2,522,New
10585,2025-10-21,2025-10-02,2,3068.56,72,4,3,1,431,Loyal
10587,2025-11-22,2025-09-09,2,2795.98,40,4,3,1,431,Loyal
10588,2025-10-17,2025-10-17,1,3907.12,76,4,2,1,421,New
10589,2025-10-21,2025-10-21,1,13219.64,72,4,2,2,422,New
10590,2025-11-16,2025-09-04,6,35129.72,46,4,4,4,444,High Value
10594,2025-11-26,2025-10-07,4,15141.85,36,4,4,3,443,New
10596,2025-11-27,2025-10-11,3,20081.32,35,5,3,3,533,New
10597,2025-11-03,2025-11-03,1,3465.18,59,4,2,1,421,New
10599,2025-11-21,2025-11-21,1,1807.41,41,4,2,1,421,New
10603,2025-11-13,2025-11-13,1,8789.19,49,4,2,2,422,New
10605,2025-11-11,2025-10-28,2,23641.89,51,4,3,3,433,New
10611,2025-11-19,2025-11-19,1,916.55,43,4,2,1,421,New
10612,2025-10-14,2025-09-06,4,20101.27,79,4,4,3,443,Loyal
10614,2025-12-05,2025-10-23,2,6618.74,27,5,3,2,532,New
10617,2025-11-20,2025-09-27,2,23957.49,42,4,3,3,433,Loyal
10618,2025-12-08,2025-09-12,6,21006.03,24,5,4,3,543,Loyal
10621,2025-12-09,2025-11-01,2,35801.02,23,5,3,4,534,New
10626,2025-10-11,2025-10-11,1,32314.64,82,4,2,4,424,New
10627,2025-09-27,2025-09-27,1,10722.06,96,3,2,2,322,Occasional
10628,2025-12-11,2025-09-16,5,64399.97,21,5,4,5,545,High Value
10630,2025-12-18,2025-11-18,2,6893.64,14,5,3,2,532,New
10631,2025-10-04,2025-10-04,1,135.31,89,4,2,1,421,New
10635,2025-10-17,2025-10-17,1,1735.48,76,4,2,1,421,New
10638,2025-11-19,2025-11-19,1,894.59,43,4,2,1,421,New
10639,2025-12-30,2025-12-30,1,7837.87,2,5,2,2,522,New
10640,2025-10-13,2025-10-13,1,5182.22,80,4,2,2,422,New
10643,2025-12-21,2025-09-16,2,11118.85,11,5,3,2,532,Loyal
10644,2025-12-30,2025-09-27,4,14385.38,2,5,4,3,543,Loyal
10646,2025-12-01,2025-11-02,2,6635.94,31,5,3,2,532,New
10647,2025-12-21,2025-12-21,1,48812.88,11,5,2,4,524,New
10648,2025-12-12,2025-09-29,4,31636.31,20,5,4,4,544,High Value
10649,2025-10-18,2025-10-18,1,1137.95,75,4,2,1,421,New
10653,2025-09-30,2025-09-30,1,18027.95,93,4,2,3,423,Occasional
10655,2025-11-08,2025-11-08,1,3595.29,54,4,2,1,421,New
10656,2025-12-24,2025-09-16,8,54505.17,8,5,5,4,554,High Value
10659,2025-12-13,2025-10-01,2,3946.37,19,5,3,1,531,Loyal
10661,2025-12-24,2025-10-25,3,25607.3,8,5,3,3,533,New
10663,2025-12-16,2025-09-25,3,5870.82,16,5,3,2,532,Loyal
10664,2025-11-28,2025-11-28,1,2075.91,34,5,2,1,521,New
10665,2025-11-22,2025-11-22,1,3887.87,40,4,2,1,421,New
10667,2025-10-18,2025-10-18,1,962.73,75,4,2,1,421,New
10668,2025-12-24,2025-11-02,3,17723.63,8,5,3,3,533,New
10669,2025-12-31,2025-09-10,11,74400.52,1,5,5,5,555,High Value
10670,2025-11-28,2025-10-11,2,3928.2,34,5,3,1,531,New
10671,2025-09-29,2025-09-27,2,20757.9,94,4,3,3,433,Loyal
10674,2025-12-16,2025-09-11,4,22162.04,16,5,4,3,543,Loyal
10676,2025-11-10,2025-10-07,2,25831.08,52,4,3,3,433,New
10677,2025-12-28,2025-12-28,1,563.62,4,5,2,1,521,New
10682,2025-10-24,2025-10-22,2,7038.03,69,4,3,2,432,New
10683,2025-11-02,2025-09-16,2,19686.69,60,4,3,3,433,Loyal
10685,2025-12-28,2025-12-28,1,6384.79,4,5,2,2,522,New
10686,2025-12-25,2025-11-03,2,15288.52,7,5,3,3,533,New
10689,2025-11-28,2025-10-23,2,7502.08,34,5,3,2,532,New
10690,2025-11-03,2025-09-20,2,12829.18,59,4,3,2,432,Loyal
10691,2025-11-16,2025-11-16,1,656.75,46,4,2,1,421,New
10693,2025-12-24,2025-11-03,3,15981.07,8,5,3,3,533,New
10694,2025-12-14,2025-09-12,4,44876.33,18,5,4,4,544,High Value
10699,2025-09-22,2025-09-13,2,20508.16,101,3,3,3,333,Loyal
10700,2025-11-23,2025-11-23,1,971.49,39,4,2,1,421,New
10705,2025-12-01,2025-11-22,2,17239.78,31,5,3,3,533,New
10707,2025-10-07,2025-10-07,1,604.94,86,4,2,1,421,New
10708,2025-11-29,2025-11-29,1,15279.54,33,5,2,3,523,New
10709,2025-12-18,2025-10-24,3,71772.81,14,5,3,5,535,New
10713,2025-10-20,2025-10-20,1,6171.34,73,4,2,2,422,New
10716,2025-10-17,2025-09-19,3,9434.36,76,4,3,2,432,Loyal
10717,2025-10-25,2025-10-22,2,8683.2,68,4,3,2,432,New
10718,2025-12-10,2025-09-29,4,21754.16,22,5,4,3,543,Loyal
10719,2025-11-18,2025-11-18,1,1111.51,44,4,2,1,421,New
10722,2025-12-25,2025-12-10,2,8286.25,7,5,3,2,532,New
10723,2025-12-14,2025-09-18,6,56656.22,18,5,4,4,544,High Value
10724,2025-12-05,2025-10-13,8,66631.14,27,5,5,5,555,New
10727,2025-10-11,2025-10-11,1,2038.23,82,4,2,1,421,New
10728,2025-12-06,2025-12-06,1,27494.38,26,5,2,3,523,New
10731,2025-12-25,2025-12-25,1,33456.16,7,5,2,4,524,New
10732,2025-11-19,2025-11-19,1,3318.78,43,4,2,1,421,New
10736,2025-12-06,2025-12-03,2,23679.42,26,5,3,3,533,New
10737,2025-12-03,2025-10-14,3,18063.96,29,5,3,3,533,New
10740,2025-11-01,2025-09-16,2,9343.02,61,4,3,2,432,Loyal
10741,2025-10-10,2025-10-08,2,1238.38,83,4,3,1,431,New
10742,2025-10-07,2025-10-07,1,8366.78,86,4,2,2,422,New
10743,2025-11-18,2025-11-18,1,801.68,44,4,2,1,421,New
10744,2025-12-05,2025-09-20,2,2396.34,27,5,3,1,531,Loyal
10745,2025-10-09,2025-10-09,1,790.16,84,4,2,1,421,New
10746,2025-11-18,2025-10-02,5,48554.52,44,4,4,4,444,High Value
10748,2025-10-04,2025-10-04,1,5642.17,89,4,2,2,422,New
10749,2025-12-25,2025-11-27,3,14983.72,7,5,3,3,533,New
10751,2025-10-20,2025-10-20,1,2812.86,73,4,2,1,421,New
10753,2025-11-14,2025-10-09,3,8882.69,48,4,3,2,432,New
10757,2025-11-22,2025-11-22,1,68515.31,40,4,2,5,425,New
10758,2025-10-17,2025-10-17,1,1788.21,76,4,2,1,421,New
10759,2025-12-29,2025-10-29,3,8183.93,3,5,3,2,532,New
10760,2025-12-21,2025-11-13,2,25751.86,11,5,3,3,533,New
10763,2025-12-13,2025-10-05,3,11929.18,19,5,3,2,532,New
10767,2025-10-26,2025-10-26,1,21040.63,67,4,2,3,423,New
10768,2025-12-02,2025-12-02,1,1099.01,30,5,2,1,521,New
10769,2025-12-10,2025-12-10,1,1469.89,22,5,2,1,521,New
10770,2025-10-15,2025-10-15,1,18894.47,78,4,2,3,423,New
10772,2025-12-30,2025-12-30,1,3402.17,2,5,2,1,521,New
10773,2025-10-11,2025-10-11,1,5308.71,82,4,2,2,422,New
10775,2025-11-24,2025-11-24,1,1495.69,38,4,2,1,421,New
10777,2025-12-20,2025-12-20,1,1714.93,12,5,2,1,521,New
10778,2025-11-27,2025-10-18,3,6350.34,35,5,3,2,532,New
10779,2025-11-07,2025-11-07,1,21119.53,55,4,2,3,423,New
10780,2025-10-17,2025-10-17,1,20086.29,76,4,2,3,423,New
10781,2025-12-24,2025-10-04,15,54360.46,8,5,5,4,554,New
10782,2025-12-02,2025-12-02,1,20986.83,30,5,2,3,523,New
10784,2025-11-03,2025-11-03,1,3585.02,59,4,2,1,421,New
10794,2025-12-31,2025-12-31,1,3724.36,1,5,2,1,521,New
10795,2025-12-31,2025-10-31,6,43396.75,1,5,4,4,544,New
10796,2025-12-20,2025-12-20,1,399.11,12,5,2,1,521,New
10797,2025-12-26,2025-09-19,9,44196.4,6,5,5,4,554,High Value
10799,2025-10-27,2025-10-27,1,2325.06,66,4,2,1,421,New
10802,2025-10-30,2025-10-30,1,1149.96,63,4,2,1,421,New
10803,2025-10-11,2025-10-11,1,971.49,82,4,2,1,421,New
10807,2025-12-29,2025-12-29,1,3264.43,3,5,2,1,521,New
10808,2025-11-21,2025-11-21,1,1066.45,41,4,2,1,421,New
10809,2025-11-12,2025-11-12,1,2398.61,50,4,2,1,421,New
10811,2025-11-12,2025-11-12,1,11246.48,50,4,2,2,422,New
10814,2025-11-30,2025-11-30,1,4853.31,32,5,2,2,522,New
10815,2025-10-23,2025-10-23,1,2067.64,70,4,2,1,421,New
10817,2025-11-21,2025-11-21,1,1983.98,41,4,2,1,421,New
10819,2025-10-20,2025-10-18,2,7055.49,73,4,3,2,432,New
10823,2025-12-21,2025-12-21,1,2108.04,11,5,2,1,521,New
10829,2025-12-23,2025-11-27,2,31550.11,9,5,3,4,534,New
10837,2025-11-23,2025-09-28,2,18600.22,39,4,3,3,433,Loyal
10840,2025-12-18,2025-10-07,6,18474.38,14,5,4,3,543,New
10843,2025-12-03,2025-12-03,1,2680.8,29,5,2,1,521,New
10845,2025-11-23,2025-10-01,3,28224.02,39,4,3,3,433,Loyal
10850,2025-12-15,2025-12-15,1,2011.88,17,5,2,1,521,New
10853,2025-11-24,2025-11-24,1,2522.45,38,4,2,1,421,New
10856,2025-12-28,2025-12-28,1,6415.29,4,5,2,2,522,New
10857,2025-12-16,2025-10-19,2,2903.39,16,5,3,1,531,New
10858,2025-11-15,2025-11-15,1,785.57,47,4,2,1,421,New
10859,2025-11-19,2025-11-19,1,19593.89,43,4,2,3,423,New
10860,2025-12-22,2025-10-01,4,39402.47,10,5,4,4,544,High Value
10862,2025-12-27,2025-10-06,6,32928.39,5,5,4,4,544,New
10864,2025-12-27,2025-11-14,2,19685.66,5,5,3,3,533,New
10866,2025-12-26,2025-10-09,4,10135.45,6,5,4,2,542,New
10867,2025-12-15,2025-11-10,3,87123.37,17,5,3,5,535,New
10868,2025-10-27,2025-10-27,1,592.82,66,4,2,1,421,New
10869,2025-11-17,2025-10-12,2,15844.74,45,4,3,3,433,New
10872,2025-11-27,2025-11-27,1,590.94,35,5,2,1,521,New
10873,2025-12-30,2025-10-08,5,23465.37,2,5,4,3,543,New
10874,2025-12-18,2025-11-03,2,3010.9,14,5,3,1,531,New
10876,2025-11-25,2025-10-16,2,16889.67,37,4,3,3,433,New
10877,2025-11-30,2025-11-06,3,22993.35,32,5,3,3,533,New
10878,2025-12-10,2025-12-10,1,4354.63,22,5,2,1,521,New
10880,2025-11-09,2025-11-09,1,1254.76,53,4,2,1,421,New
10882,2025-12-28,2025-11-01,6,26001.22,4,5,4,3,543,New
10884,2025-11-09,2025-11-09,1,27632.28,53,4,2,3,423,New
10885,2025-11-01,2025-09-27,2,218131.18,61,4,3,5,435,Loyal
10886,2025-11-23,2025-11-23,1,3313.16,39,4,2,1,421,New
10888,2025-12-13,2025-09-30,4,21372.85,19,5,4,3,543,Loyal
10891,2025-12-01,2025-10-02,3,19561.17,31,5,3,3,533,Loyal
10893,2025-12-24,2025-10-12,5,11662.18,8,5,4,2,542,New
10894,2025-11-26,2025-10-08,2,8247.42,36,4,3,2,432,New
10895,2025-12-24,2025-11-24,2,10496.55,8,5,3,2,532,New
10896,2025-11-22,2025-10-17,2,12535.41,40,4,3,2,432,New
10899,2025-10-25,2025-10-25,1,1437.77,68,4,2,1,421,New
10901,2025-12-05,2025-10-10,2,68810.47,27,5,3,5,535,New
10903,2025-11-14,2025-11-14,1,2106.58,48,4,2,1,421,New
10904,2025-10-10,2025-10-10,1,15156.09,83,4,2,3,423,New
10905,2025-12-08,2025-11-01,2,14013.15,24,5,3,3,533,New
10908,2025-10-28,2025-10-28,1,4117.87,65,4,2,1,421,New
10909,2025-10-01,2025-10-01,1,2382.6,92,4,2,1,421,Occasional
10910,2025-12-19,2025-12-19,1,2838.39,13,5,2,1,521,New
10912,2025-11-08,2025-11-08,1,834.29,54,4,2,1,421,New
10914,2025-12-22,2025-11-22,2,3041.2,10,5,3,1,531,New
10915,2025-10-22,2025-10-22,1,310.53,71,4,2,1,421,New
10916,2025-10-09,2025-10-09,1,853.7,84,4,2,1,421,New
10919,2025-11-15,2025-10-05,2,14996.82,47,4,3,3,433,New
10920,2025-12-21,2025-10-05,2,9110.91,11,5,3,2,532,New
10921,2025-10-24,2025-10-03,2,12818.48,69,4,3,2,432,New
10923,2025-12-16,2025-10-22,3,38317.68,16,5,3,4,534,New
10924,2025-11-29,2025-10-01,3,24802.17,33,5,3,3,533,Loyal
10926,2025-12-27,2025-11-17,2,25639.0,5,5,3,3,533,New
10928,2025-11-24,2025-11-24,1,969.38,38,4,2,1,421,New
10930,2025-12-17,2025-10-28,2,1922.54,15,5,3,1,531,New
10932,2025-12-21,2025-12-06,2,23831.49,11,5,3,3,533,New
10933,2025-11-02,2025-11-02,1,339.73,60,4,2,1,421,New
10935,2025-12-07,2025-12-07,1,2615.31,25,5,2,1,521,New
10937,2025-11-17,2025-11-17,1,2054.22,45,4,2,1,421,New
10943,2025-12-12,2025-10-04,4,6708.14,20,5,4,2,542,New
10946,2025-11-30,2025-10-16,4,47946.31,32,5,4,4,544,New
10947,2025-12-16,2025-12-16,1,532.31,16,5,2,1,521,New
10951,2025-12-29,2025-11-21,3,21605.45,3,5,3,3,533,New
10952,2025-10-10,2025-10-10,1,952.46,83,4,2,1,421,New
10955,2025-10-11,2025-10-09,2,15644.53,82,4,3,3,433,New
10957,2025-11-08,2025-11-08,1,2228.2,54,4,2,1,421,New
10959,2025-12-21,2025-10-19,2,9708.87,11,5,3,2,532,New
10965,2025-12-20,2025-11-07,7,20327.47,12,5,4,3,543,New
10967,2025-12-23,2025-10-09,4,20194.4,9,5,4,3,543,New
10968,2025-12-06,2025-11-19,2,11481.51,26,5,3,2,532,New
10969,2025-11-26,2025-10-22,3,26007.13,36,4,3,3,433,New
10971,2025-12-12,2025-10-12,4,14776.66,20,5,4,3,543,New
10974,2025-11-10,2025-11-04,2,2688.7,52,4,3,1,431,New
10975,2025-12-12,2025-12-12,1,1874.19,20,5,2,1,521,New
10979,2025-12-25,2025-10-07,3,37579.11,7,5,3,4,534,New
10980,2025-12-07,2025-12-07,1,5742.43,25,5,2,2,522,New
10982,2025-12-19,2025-12-19,1,4884.72,13,5,2,2,522,New
10991,2025-12-13,2025-12-13,1,11327.92,19,5,2,2,522,New
10992,2025-12-08,2025-11-01,2,3708.59,24,5,3,1,531,New
10994,2025-11-17,2025-11-17,1,5239.1,45,4,2,2,422,New
10996,2025-12-04,2025-12-04,1,992.91,28,5,2,1,521,New
10997,2025-11-24,2025-11-24,1,182.95,38,4,2,1,421,New
10998,2025-12-13,2025-10-15,4,19233.34,19,5,4,3,543,New
11002,2025-12-22,2025-11-05,4,42104.2,10,5,4,4,544,New
11003,2025-12-12,2025-10-26,4,15217.9,20,5,4,3,543,New
11004,2025-12-31,2025-10-17,4,9957.17,1,5,4,2,542,New
11005,2025-10-12,2025-10-12,1,3416.99,81,4,2,1,421,New
11006,2025-10-16,2025-10-16,1,3443.06,77,4,2,1,421,New
11010,2025-12-11,2025-11-23,2,23090.41,21,5,3,3,533,New
11011,2025-11-09,2025-11-09,1,1332.64,53,4,2,1,421,New
11012,2025-11-11,2025-11-11,1,135.31,51,4,2,1,421,New
11015,2025-11-08,2025-11-08,1,5235.16,54,4,2,2,422,New
11016,2025-11-20,2025-11-20,1,1156.99,42,4,2,1,421,New
11017,2025-12-18,2025-12-06,5,80941.83,14,5,4,5,545,New
11018,2025-12-13,2025-10-20,2,12710.21,19,5,3,2,532,New
11019,2025-11-26,2025-10-23,3,8523.44,36,4,3,2,432,New
11020,2025-12-22,2025-11-16,2,4566.46,10,5,3,2,532,New
11021,2025-12-19,2025-12-19,1,4274.91,13,5,2,1,521,New
11023,2025-11-03,2025-11-03,1,2379.57,59,4,2,1,421,New
11027,2025-12-12,2025-10-19,2,52863.03,20,5,3,4,534,New
11030,2025-12-06,2025-12-06,1,2505.1,26,5,2,1,521,New
11032,2025-11-30,2025-11-24,3,37656.87,32,5,3,4,534,New
11033,2025-11-02,2025-10-22,2,30493.34,60,4,3,4,434,New
11034,2025-11-28,2025-10-14,2,27094.14,34,5,3,3,533,New
11037,2025-12-02,2025-12-02,1,3424.51,30,5,2,1,521,New
11038,2025-12-26,2025-10-29,3,28352.09,6,5,3,3,533,New
11039,2025-11-15,2025-11-15,1,1254.38,47,4,2,1,421,New
11040,2025-12-11,2025-12-11,1,6270.25,21,5,2,2,522,New
11042,2025-11-15,2025-10-21,2,9457.99,47,4,3,2,432,New
11046,2025-11-25,2025-11-25,1,2960.82,37,4,2,1,421,New
11058,2025-11-26,2025-10-14,3,36156.43,36,4,3,4,434,New
11063,2025-11-22,2025-11-22,1,24168.13,40,4,2,3,423,New
11064,2025-10-15,2025-10-15,1,625.76,78,4,2,1,421,New
11065,2025-11-08,2025-11-08,1,3649.43,54,4,2,1,421,New
11066,2025-12-28,2025-12-09,2,67849.35,4,5,3,5,535,New
11067,2025-12-22,2025-10-29,8,31922.5,10,5,5,4,554,New
11070,2025-12-25,2025-10-21,4,8774.01,7,5,4,2,542,New
11071,2025-12-13,2025-12-13,1,4141.45,19,5,2,1,521,New
11075,2025-11-14,2025-10-23,3,19450.91,48,4,3,3,433,New
11076,2025-12-06,2025-12-06,1,2605.79,26,5,2,1,521,New
11080,2025-11-08,2025-10-22,3,21766.6,54,4,3,3,433,New
11081,2025-10-17,2025-10-17,1,1612.83,76,4,2,1,421,New
11082,2025-11-04,2025-11-04,1,1769.12,58,4,2,1,421,New
11084,2025-12-10,2025-12-10,1,18929.52,22,5,2,3,523,New
11085,2025-11-30,2025-10-17,2,15690.61,32,5,3,3,533,New
11086,2025-11-01,2025-11-01,1,242.39,61,4,2,1,421,New
11088,2025-11-09,2025-11-09,1,2819.08,53,4,2,1,421,New
11090,2025-11-28,2025-11-08,2,7138.24,34,5,3,2,532,New
11092,2025-12-05,2025-12-05,1,5932.85,27,5,2,2,522,New
11100,2025-12-16,2025-12-16,1,4805.6,16,5,2,2,522,New
11101,2025-12-16,2025-12-16,1,3357.5,16,5,2,1,521,New
11102,2025-12-03,2025-12-03,1,26107.12,29,5,2,3,523,New
11106,2025-11-13,2025-11-13,1,1279.75,49,4,2,1,421,New
11108,2025-12-28,2025-12-15,2,10702.65,4,5,3,2,532,New
11109,2025-11-09,2025-11-09,1,3803.61,53,4,2,1,421,New
11110,2025-11-13,2025-10-25,2,3037.34,49,4,3,1,431,New
11112,2025-11-21,2025-10-17,3,12143.62,41,4,3,2,432,New
11113,2025-12-18,2025-11-21,2,3569.82,14,5,3,1,531,New
11114,2025-10-29,2025-10-29,1,12851.73,64,4,2,2,422,New
11115,2025-11-10,2025-11-10,1,7010.23,52,4,2,2,422,New
11116,2025-11-26,2025-11-25,2,27390.49,36,4,3,3,433,New
11117,2025-10-21,2025-10-21,1,2017.24,72,4,2,1,421,New
11119,2025-12-23,2025-12-05,3,26966.02,9,5,3,3,533,New
11123,2025-10-28,2025-10-28,1,603.97,65,4,2,1,421,New
11124,2025-12-31,2025-12-31,1,1385.6,1,5,2,1,521,New
11125,2025-12-29,2025-11-23,2,27064.01,3,5,3,3,533,New
11126,2025-12-09,2025-10-19,3,35098.02,23,5,3,4,534,New
11127,2025-12-24,2025-11-10,2,5619.3,8,5,3,2,532,New
11129,2025-11-14,2025-10-20,2,40134.39,48,4,3,4,434,New
11130,2025-12-14,2025-12-14,1,18996.35,18,5,2,3,523,New
11131,2025-10-18,2025-10-18,1,1686.43,75,4,2,1,421,New
11132,2025-11-07,2025-11-07,1,11592.21,55,4,2,2,422,New
11136,2025-10-23,2025-10-23,1,3767.54,70,4,2,1,421,New
11138,2025-12-20,2025-11-12,4,25359.47,12,5,4,3,543,New
11140,2025-12-05,2025-12-05,1,2453.77,27,5,2,1,521,New
11141,2025-12-13,2025-12-13,1,1972.03,19,5,2,1,521,New
11148,2025-11-03,2025-11-03,1,1534.41,59,4,2,1,421,New
11149,2025-12-29,2025-10-24,2,30539.68,3,5,3,4,534,New
11150,2025-11-21,2025-11-21,1,2617.63,41,4,2,1,421,New
11158,2025-12-07,2025-12-07,1,2029.08,25,5,2,1,521,New
11160,2025-12-05,2025-12-05,1,19257.4,27,5,2,3,523,New
11162,2025-11-22,2025-10-22,4,4633.03,40,4,4,2,442,New
11163,2025-12-12,2025-11-12,2,33136.22,20,5,3,4,534,New
11166,2025-12-29,2025-10-29,14,102887.12,3,5,5,5,555,New
11169,2025-11-27,2025-11-01,2,2387.58,35,5,3,1,531,New
11175,2025-11-15,2025-10-28,2,3037.08,47,4,3,1,431,New
11183,2025-12-21,2025-11-15,5,20778.35,11,5,4,3,543,New
11185,2025-11-12,2025-11-06,3,68906.68,50,4,3,5,435,New
11186,2025-12-03,2025-10-26,2,5630.87,29,5,3,2,532,New
11187,2025-10-31,2025-10-31,1,276.02,62,4,2,1,421,New
11188,2025-12-19,2025-11-09,4,63318.87,13,5,4,5,545,New
11191,2025-11-03,2025-11-03,1,5731.62,59,4,2,2,422,New
11196,2025-12-24,2025-12-24,1,3994.08,8,5,2,1,521,New
11197,2025-11-14,2025-10-26,3,37217.16,48,4,3,4,434,New
11205,2025-11-16,2025-11-16,1,602.56,46,4,2,1,421,New
11207,2025-11-08,2025-11-08,1,6890.07,54,4,2,2,422,New
11217,2025-12-01,2025-12-01,1,532.26,31,5,2,1,521,New
11218,2025-12-15,2025-10-28,7,63812.93,17,5,4,5,545,New
11220,2025-11-16,2025-11-16,1,9237.73,46,4,2,2,422,New
11221,2025-11-13,2025-11-13,1,1540.03,49,4,2,1,421,New
11223,2025-12-18,2025-12-18,1,2177.31,14,5,2,1,521,New
11225,2025-11-15,2025-11-15,1,990.96,47,4,2,1,421,New
11226,2025-12-24,2025-12-24,1,355.85,8,5,2,1,521,New
11227,2025-12-14,2025-11-01,2,3092.84,18,5,3,1,531,New
11228,2025-11-26,2025-11-26,1,29910.62,36,4,2,4,424,New
11229,2025-12-20,2025-11-02,4,23009.36,12,5,4,3,543,New
11235,2025-12-01,2025-12-01,1,1160.07,31,5,2,1,521,New
11238,2025-12-07,2025-12-07,1,2573.13,25,5,2,1,521,New
11240,2025-12-02,2025-12-02,1,717.21,30,5,2,1,521,New
11241,2025-12-20,2025-12-20,1,9558.21,12,5,2,2,522,New
11242,2025-10-30,2025-10-30,1,247.31,63,4,2,1,421,New
11245,2025-11-08,2025-11-08,1,446.81,54,4,2,1,421,New
11247,2025-12-30,2025-11-16,2,9748.13,2,5,3,2,532,New
11260,2025-12-11,2025-11-12,3,27996.36,21,5,3,3,533,New
11262,2025-12-18,2025-11-03,3,7450.54,14,5,3,2,532,New
11263,2025-12-24,2025-10-30,2,71300.86,8,5,3,5,535,New
11264,2025-11-22,2025-11-22,1,602.56,40,4,2,1,421,New
11265,2025-12-27,2025-12-20,2,39628.9,5,5,3,4,534,New
11266,2025-12-14,2025-12-14,1,1507.86,18,5,2,1,521,New
11272,2025-12-27,2025-11-04,3,22745.13,5,5,3,3,533,New
11273,2025-12-21,2025-11-04,5,33598.75,11,5,4,4,544,New
11274,2025-12-21,2025-11-15,2,23231.03,11,5,3,3,533,New
11275,2025-12-15,2025-12-15,1,33748.19,17,5,2,4,524,New
11279,2025-12-13,2025-12-13,1,1490.44,19,5,2,1,521,New
11280,2025-11-01,2025-11-01,1,6290.31,61,4,2,2,422,New
11282,2025-11-01,2025-11-01,1,376.02,61,4,2,1,421,New
11284,2025-12-09,2025-12-09,1,3622.44,23,5,2,1,521,New
11285,2025-12-07,2025-11-25,3,9769.49,25,5,3,2,532,New
11286,2025-12-31,2025-12-31,1,11421.42,1,5,2,2,522,New
11290,2025-11-21,2025-11-21,1,935.91,41,4,2,1,421,New
11292,2025-11-03,2025-11-03,1,8279.76,59,4,2,2,422,New
11295,2025-11-02,2025-11-02,1,1597.68,60,4,2,1,421,New
11297,2025-11-25,2025-11-25,1,14170.85,37,4,2,3,423,New
11298,2025-11-08,2025-11-07,2,32327.19,54,4,3,4,434,New
11302,2025-12-27,2025-12-27,1,12274.1,5,5,2,2,522,New
11306,2025-12-04,2025-12-04,1,1108.75,28,5,2,1,521,New
11307,2025-11-04,2025-11-04,1,22116.01,58,4,2,3,423,New
11309,2025-12-23,2025-11-15,2,8598.23,9,5,3,2,532,New
11310,2025-11-24,2025-11-05,3,19352.69,38,4,3,3,433,New
11314,2025-12-23,2025-12-23,1,23383.92,9,5,2,3,523,New
11321,2025-12-18,2025-11-22,2,5247.44,14,5,3,2,532,New
11327,2025-11-15,2025-11-15,1,19668.3,47,4,2,3,423,New
11330,2025-11-23,2025-11-23,1,743.28,39,4,2,1,421,New
11331,2025-12-07,2025-12-07,1,56230.66,25,5,2,4,524,New
11332,2025-12-27,2025-11-27,4,20967.94,5,5,4,3,543,New
11336,2025-11-22,2025-11-22,1,15462.72,40,4,2,3,423,New
11338,2025-11-08,2025-11-08,1,2380.22,54,4,2,1,421,New
11340,2025-11-09,2025-11-09,1,16296.09,53,4,2,3,423,New
11344,2025-12-27,2025-12-27,1,7904.82,5,5,2,2,522,New
11345,2025-12-21,2025-12-21,1,40246.87,11,5,2,4,524,New
11347,2025-12-23,2025-11-29,2,10273.58,9,5,3,2,532,New
11350,2025-11-08,2025-11-08,1,24172.62,54,4,2,3,423,New
11353,2025-12-16,2025-11-16,6,33119.83,16,5,4,4,544,New
11355,2025-11-09,2025-11-09,1,1291.86,53,4,2,1,421,New
11356,2025-12-27,2025-12-27,1,495.37,5,5,2,1,521,New
11357,2025-11-12,2025-11-12,1,1017.73,50,4,2,1,421,New
11361,2025-11-21,2025-11-21,1,1546.8,41,4,2,1,421,New
11364,2025-12-06,2025-11-17,2,17355.04,26,5,3,3,533,New
11365,2025-12-02,2025-12-02,1,1055.26,30,5,2,1,521,New
11366,2025-12-01,2025-12-01,1,2863.7,31,5,2,1,521,New
11372,2025-11-08,2025-11-08,1,1184.57,54,4,2,1,421,New
11374,2025-11-24,2025-11-24,1,1832.4,38,4,2,1,421,New
11375,2025-11-30,2025-11-30,1,686.01,32,5,2,1,521,New
11376,2025-11-26,2025-11-26,1,874.47,36,4,2,1,421,New
11377,2025-12-02,2025-11-08,8,47126.18,30,5,5,4,554,New
11378,2025-11-26,2025-11-26,1,13249.76,36,4,2,2,422,New
11382,2025-12-26,2025-11-22,6,22960.0,6,5,4,3,543,New
11383,2025-12-12,2025-12-12,1,1016.22,20,5,2,1,521,New
11384,2025-12-22,2025-12-22,1,3016.69,10,5,2,1,521,New
11386,2025-12-28,2025-12-28,1,21476.63,4,5,2,3,523,New
11390,2025-12-17,2025-12-17,1,1910.81,15,5,2,1,521,New
11393,2025-12-26,2025-12-12,2,11110.45,6,5,3,2,532,New
11396,2025-12-25,2025-11-17,5,72583.64,7,5,4,5,545,New
11399,2025-11-22,2025-11-22,1,2347.67,40,4,2,1,421,New
11408,2025-11-27,2025-11-27,1,3203.43,35,5,2,1,521,New
11417,2025-11-29,2025-11-12,2,30685.63,33,5,3,4,534,New
11421,2025-12-30,2025-12-30,1,4238.79,2,5,2,1,521,New
11425,2025-11-16,2025-11-16,1,507.05,46,4,2,1,421,New
11427,2025-11-29,2025-11-29,1,6579.48,33,5,2,2,522,New
11430,2025-12-23,2025-12-23,1,10956.77,9,5,2,2,522,New
11435,2025-11-24,2025-11-23,2,6586.07,38,4,3,2,432,New
11436,2025-11-20,2025-11-20,1,789.73,42,4,2,1,421,New
11438,2025-12-03,2025-12-03,1,3090.84,29,5,2,1,521,New
11439,2025-12-14,2025-12-12,2,7395.44,18,5,3,2,532,New
11440,2025-12-22,2025-12-22,1,261.86,10,5,2,1,521,New
11443,2025-12-24,2025-11-20,2,18862.51,8,5,3,3,533,New
11444,2025-12-15,2025-12-15,1,4955.24,17,5,2,2,522,New
11447,2025-12-24,2025-12-24,1,829.21,8,5,2,1,521,New
11448,2025-12-17,2025-12-01,2,6906.83,15,5,3,2,532,New
11452,2025-12-03,2025-12-03,1,6447.21,29,5,2,2,522,New
11454,2025-12-19,2025-12-19,1,7652.54,13,5,2,2,522,New
11460,2025-12-27,2025-12-27,1,3828.7,5,5,2,1,521,New
11464,2025-11-29,2025-11-26,2,14809.05,33,5,3,3,533,New
11465,2025-12-10,2025-11-28,3,2648.3,22,5,3,1,531,New
11474,2025-12-13,2025-12-13,1,13569.11,19,5,2,2,522,New
11475,2025-12-07,2025-12-07,1,2350.97,25,5,2,1,521,New
11478,2025-12-16,2025-12-16,1,790.16,16,5,2,1,521,New
11479,2025-12-02,2025-12-02,1,2110.04,30,5,2,1,521,New
11480,2025-11-22,2025-11-22,1,7742.47,40,4,2,2,422,New
11486,2025-12-02,2025-12-02,1,15116.55,30,5,2,3,523,New
11489,2025-12-13,2025-11-24,2,20871.26,19,5,3,3,533,New
11493,2025-12-15,2025-12-05,2,54163.13,17,5,3,4,534,New
11494,2025-12-24,2025-12-24,1,1017.73,8,5,2,1,521,New
11496,2025-11-22,2025-11-22,1,1352.22,40,4,2,1,421,New
11497,2025-12-07,2025-11-21,2,5151.93,25,5,3,2,532,New
11503,2025-12-15,2025-12-15,1,5392.96,17,5,2,2,522,New
11506,2025-12-21,2025-12-21,1,15486.46,11,5,2,3,523,New
11507,2025-12-01,2025-12-01,1,882.64,31,5,2,1,521,New
11508,2025-12-16,2025-12-16,1,9808.17,16,5,2,2,522,New
11509,2025-11-24,2025-11-24,1,1009.46,38,4,2,1,421,New
11512,2025-12-09,2025-12-09,1,3404.87,23,5,2,1,521,New
11516,2025-12-27,2025-12-27,1,15163.11,5,5,2,3,523,New
11517,2025-12-26,2025-11-24,3,20801.38,6,5,3,3,533,New
11521,2025-11-30,2025-11-30,1,4660.83,32,5,2,2,522,New
11522,2025-12-13,2025-12-13,1,5055.99,19,5,2,2,522,New
11524,2025-12-10,2025-12-10,1,10624.83,22,5,2,2,522,New
11529,2025-12-30,2025-12-07,3,64731.49,2,5,3,5,535,New
11530,2025-11-27,2025-11-27,1,5361.6,35,5,2,2,522,New
11534,2025-11-28,2025-11-28,1,3844.11,34,5,2,1,521,New
11536,2025-12-27,2025-12-02,2,12856.87,5,5,3,2,532,New
11538,2025-11-28,2025-11-28,1,533.44,34,5,2,1,521,New
11541,2025-12-24,2025-12-24,1,3694.85,8,5,2,1,521,New
11547,2025-11-25,2025-11-25,1,1876.79,37,4,2,1,421,New
11561,2025-12-12,2025-12-12,1,9992.9,20,5,2,2,522,New
11562,2025-12-04,2025-12-04,1,368.88,28,5,2,1,521,New
11569,2025-11-27,2025-11-27,1,718.24,35,5,2,1,521,New
11570,2025-12-03,2025-12-03,1,3363.99,29,5,2,1,521,New
11578,2025-12-07,2025-12-07,1,8674.86,25,5,2,2,522,New
11579,2025-12-19,2025-12-19,1,2189.27,13,5,2,1,521,New
11581,2025-12-06,2025-12-06,1,7557.46,26,5,2,2,522,New
11587,2025-12-27,2025-12-27,1,44449.16,5,5,2,4,524,New
11591,2025-12-31,2025-12-16,2,12241.55,1,5,3,2,532,New
11592,2025-12-31,2025-12-26,2,49343.75,1,5,3,4,534,New
11596,2025-12-06,2025-12-06,1,9963.81,26,5,2,2,522,New
11599,2025-11-29,2025-11-29,1,4807.33,33,5,2,2,522,New
11611,2025-12-21,2025-12-21,1,7040.46,11,5,2,2,522,New
11616,2025-12-18,2025-12-18,1,1396.4,14,5,2,1,521,New
11624,2025-12-26,2025-12-26,1,3833.41,6,5,2,1,521,New
11625,2025-12-06,2025-12-06,1,5670.94,26,5,2,2,522,New
11629,2025-12-26,2025-12-21,2,12855.84,6,5,3,2,532,New
11632,2025-12-29,2025-12-29,1,1982.9,3,5,2,1,521,New
11633,2025-12-29,2025-12-29,1,1283.37,3,5,2,1,521,New
11638,2025-12-03,2025-12-03,1,5655.69,29,5,2,2,522,New
11639,2025-12-25,2025-12-25,1,1959.97,7,5,2,1,521,New
11640,2025-12-15,2025-12-15,1,593.8,17,5,2,1,521,New
11641,2025-12-29,2025-12-10,2,21267.87,3,5,3,3,533,New
11642,2025-12-17,2025-12-17,1,2205.38,15,5,2,1,521,New
11653,2025-12-31,2025-12-31,1,620.03,1,5,2,1,521,New
11656,2025-12-27,2025-12-27,1,5495.18,5,5,2,2,522,New
11662,2025-12-17,2025-12-17,1,4019.28,15,5,2,1,521,New
11670,2025-12-31,2025-12-27,2,25491.65,1,5,3,3,533,New
11683,2025-12-16,2025-12-16,1,980.25,16,5,2,1,521,New
11684,2025-12-23,2025-12-23,1,2535.32,9,5,2,1,521,New
11690,2025-12-26,2025-12-26,3,5011.97,6,5,3,2,532,New
11701,2025-12-22,2025-12-22,1,19932.53,10,5,2,3,523,New
11706,2025-12-20,2025-12-20,1,4025.82,12,5,2,1,521,New
11716,2025-12-23,2025-12-23,1,3630.55,9,5,2,1,521,New
11722,2025-12-29,2025-12-29,1,14210.88,3,5,2,3,523,New
11729,2025-12-19,2025-12-19,1,28094.72,13,5,2,3,523,New
11730,2025-12-16,2025-12-11,3,3751.58,16,5,3,1,531,New
11742,2025-12-21,2025-12-21,1,290.09,11,5,2,1,521,New
11744,2025-12-30,2025-12-30,1,1541.33,2,5,2,1,521,New
11745,2025-12-26,2025-12-26,1,2043.14,6,5,2,1,521,New
11746,2025-12-12,2025-12-12,1,553.83,20,5,2,1,521,New
11751,2025-12-15,2025-12-15,1,2995.17,17,5,2,1,521,New
11752,2025-12-23,2025-12-23,1,3975.96,9,5,2,1,521,New
11753,2025-12-18,2025-12-18,1,894.59,14,5,2,1,521,New
11756,2025-12-27,2025-12-27,1,2160.23,5,5,2,1,521,New
11757,2025-12-27,2025-12-27,1,2578.05,5,5,2,1,521,New
11759,2025-12-13,2025-12-13,1,873.45,19,5,2,1,521,New
11762,2025-12-17,2025-12-17,1,10325.66,15,5,2,2,522,New
11768,2025-12-16,2025-12-16,1,514.95,16,5,2,1,521,New
11771,2025-12-18,2025-12-18,1,1307.65,14,5,2,1,521,New
11777,2025-12-23,2025-12-18,2,2098.03,9,5,3,1,531,New
11779,2025-12-20,2025-12-20,1,7514.31,12,5,2,2,522,New
11783,2025-12-28,2025-12-28,1,1823.2,4,5,2,1,521,New
11787,2025-12-24,2025-12-24,1,5286.81,8,5,2,2,522,New
11791,2025-12-29,2025-12-29,1,1150.98,3,5,2,1,521,New
11793,2025-12-21,2025-12-21,1,8746.36,11,5,2,2,522,New
11794,2025-12-15,2025-12-15,1,21569.38,17,5,2,3,523,New
11797,2025-12-29,2025-12-19,2,19693.99,3,5,3,3,533,New
11799,2025-12-28,2025-12-28,1,5184.27,4,5,2,2,522,New
11800,2025-12-29,2025-12-15,5,26014.36,3,5,4,3,543,New
11802,2025-12-28,2025-12-16,2,24906.27,4,5,3,3,533,New
11825,2025-12-23,2025-12-23,1,5540.06,9,5,2,2,522,New
11828,2025-12-20,2025-12-20,1,9205.55,12,5,2,2,522,New
11829,2025-12-28,2025-12-28,1,19415.96,4,5,2,3,523,New
11836,2025-12-25,2025-12-25,1,290.95,7,5,2,1,521,New
11848,2025-12-27,2025-12-27,1,557.13,5,5,2,1,521,New
11849,2025-12-26,2025-12-26,1,12163.78,6,5,2,2,522,New
11855,2025-12-25,2025-12-25,1,4025.93,7,5,2,1,521,New
11890,2025-12-25,2025-12-25,1,882.64,7,5,2,1,521,New
11907,2025-12-23,2025-12-23,1,1794.96,9,5,2,1,521,New
11909,2025-12-28,2025-12-28,1,984.36,4,5,2,1,521,New
11913,2025-12-27,2025-12-27,1,1616.77,5,5,2,1,521,New
11918,2025-12-29,2025-12-29,1,23813.54,3,5,2,3,523,New
11919,2025-12-31,2025-12-31,1,5969.99,1,5,2,2,522,New
11931,2025-12-27,2025-12-27,1,2703.24,5,5,2,1,521,New
11947,2025-12-26,2025-12-26,1,2362.54,6,5,2,1,521,New
11963,2025-12-29,2025-12-29,1,26435.01,3,5,2,3,523,New
